id,customer_line,agent_line,root_cause,coaching,graph,industry,confidence,linked_rules
RC-000001,Đắt quá.,Dạ.,Poor Discovery — Early Pricing,Hỏi thêm một câu trước khi phản hồi; dựng giá trị trước giá.,"[{""from"": ""No Sale"", ""to"": ""Poor Discovery""}, {""from"": ""Poor Discovery"", ""to"": ""Early Pricing""}, {""from"": ""Early Pricing"", ""to"": ""Weak Value""}]",spa,0.61,"[""R-0002"", ""R-0003""]"
RC-000002,Để hôm khác.,Dạ.,Ignored Objection — No Follow-up,Hỏi thêm một câu trước khi phản hồi; dựng giá trị trước giá.,"[{""from"": ""No Sale"", ""to"": ""Ignored Objection""}, {""from"": ""Ignored Objection"", ""to"": ""No Follow-up""}, {""from"": ""No Follow-up"", ""to"": ""Lost Trust""}]",dental,0.62,"[""R-0003"", ""R-0004""]"
RC-000003,Đắt quá.,Gói này đang khuyến mãi.,Missing Decision Maker — Wrong Closer,Hỏi thêm một câu trước khi phản hồi; dựng giá trị trước giá.,"[{""from"": ""No Sale"", ""to"": ""Missing Decision Maker""}, {""from"": ""Missing Decision Maker"", ""to"": ""Wrong Closer""}, {""from"": ""Wrong Closer"", ""to"": ""Stalled""}]",insurance,0.63,"[""R-0004"", ""R-0005""]"
RC-000004,Để hôm khác.,Dạ.,Feature Dump — Confused Customer,Hỏi thêm một câu trước khi phản hồi; dựng giá trị trước giá.,"[{""from"": ""No Sale"", ""to"": ""Feature Dump""}, {""from"": ""Feature Dump"", ""to"": ""Confused Customer""}, {""from"": ""Confused Customer"", ""to"": ""Exit Intent""}]",education,0.64,"[""R-0005"", ""R-0006""]"
RC-000005,Đắt quá.,Dạ.,Pressure Close — Angry Customer,Hỏi thêm một câu trước khi phản hồi; dựng giá trị trước giá.,"[{""from"": ""No Sale"", ""to"": ""Pressure Close""}, {""from"": ""Pressure Close"", ""to"": ""Angry Customer""}, {""from"": ""Angry Customer"", ""to"": ""Complaint Risk""}]",automotive,0.65,"[""R-0006"", ""R-0007""]"
RC-000006,Để hôm khác.,Gói này đang khuyến mãi.,Poor Discovery — Early Pricing,Hỏi thêm một câu trước khi phản hồi; dựng giá trị trước giá.,"[{""from"": ""No Sale"", ""to"": ""Poor Discovery""}, {""from"": ""Poor Discovery"", ""to"": ""Early Pricing""}, {""from"": ""Early Pricing"", ""to"": ""Weak Value""}]",cosmetics,0.66,"[""R-0007"", ""R-0008""]"
RC-000007,Đắt quá.,Dạ.,Ignored Objection — No Follow-up,Hỏi thêm một câu trước khi phản hồi; dựng giá trị trước giá.,"[{""from"": ""No Sale"", ""to"": ""Ignored Objection""}, {""from"": ""Ignored Objection"", ""to"": ""No Follow-up""}, {""from"": ""No Follow-up"", ""to"": ""Lost Trust""}]",home_appliances,0.67,"[""R-0008"", ""R-0009""]"
RC-000008,Để hôm khác.,Dạ.,Missing Decision Maker — Wrong Closer,Hỏi thêm một câu trước khi phản hồi; dựng giá trị trước giá.,"[{""from"": ""No Sale"", ""to"": ""Missing Decision Maker""}, {""from"": ""Missing Decision Maker"", ""to"": ""Wrong Closer""}, {""from"": ""Wrong Closer"", ""to"": ""Stalled""}]",food,0.68,"[""R-0009"", ""R-0010""]"
RC-000009,Đắt quá.,Gói này đang khuyến mãi.,Feature Dump — Confused Customer,Hỏi thêm một câu trước khi phản hồi; dựng giá trị trước giá.,"[{""from"": ""No Sale"", ""to"": ""Feature Dump""}, {""from"": ""Feature Dump"", ""to"": ""Confused Customer""}, {""from"": ""Confused Customer"", ""to"": ""Exit Intent""}]",electronics,0.69,"[""R-0010"", ""R-0011""]"
RC-000010,Để hôm khác.,Dạ.,Pressure Close — Angry Customer,Hỏi thêm một câu trước khi phản hồi; dựng giá trị trước giá.,"[{""from"": ""No Sale"", ""to"": ""Pressure Close""}, {""from"": ""Pressure Close"", ""to"": ""Angry Customer""}, {""from"": ""Angry Customer"", ""to"": ""Complaint Risk""}]",furniture,0.7,"[""R-0011"", ""R-0012""]"
RC-000011,Đắt quá.,Dạ.,Poor Discovery — Early Pricing,Hỏi thêm một câu trước khi phản hồi; dựng giá trị trước giá.,"[{""from"": ""No Sale"", ""to"": ""Poor Discovery""}, {""from"": ""Poor Discovery"", ""to"": ""Early Pricing""}, {""from"": ""Early Pricing"", ""to"": ""Weak Value""}]",logistics,0.71,"[""R-0012"", ""R-0013""]"
RC-000012,Để hôm khác.,Gói này đang khuyến mãi.,Ignored Objection — No Follow-up,Hỏi thêm một câu trước khi phản hồi; dựng giá trị trước giá.,"[{""from"": ""No Sale"", ""to"": ""Ignored Objection""}, {""from"": ""Ignored Objection"", ""to"": ""No Follow-up""}, {""from"": ""No Follow-up"", ""to"": ""Lost Trust""}]",travel,0.72,"[""R-0013"", ""R-0014""]"
RC-000013,Đắt quá.,Dạ.,Missing Decision Maker — Wrong Closer,Hỏi thêm một câu trước khi phản hồi; dựng giá trị trước giá.,"[{""from"": ""No Sale"", ""to"": ""Missing Decision Maker""}, {""from"": ""Missing Decision Maker"", ""to"": ""Wrong Closer""}, {""from"": ""Wrong Closer"", ""to"": ""Stalled""}]",finance,0.73,"[""R-0014"", ""R-0015""]"
RC-000014,Để hôm khác.,Dạ.,Feature Dump — Confused Customer,Hỏi thêm một câu trước khi phản hồi; dựng giá trị trước giá.,"[{""from"": ""No Sale"", ""to"": ""Feature Dump""}, {""from"": ""Feature Dump"", ""to"": ""Confused Customer""}, {""from"": ""Confused Customer"", ""to"": ""Exit Intent""}]",fitness,0.74,"[""R-0015"", ""R-0016""]"
RC-000015,Đắt quá.,Gói này đang khuyến mãi.,Pressure Close — Angry Customer,Hỏi thêm một câu trước khi phản hồi; dựng giá trị trước giá.,"[{""from"": ""No Sale"", ""to"": ""Pressure Close""}, {""from"": ""Pressure Close"", ""to"": ""Angry Customer""}, {""from"": ""Angry Customer"", ""to"": ""Complaint Risk""}]",plumbing,0.75,"[""R-0016"", ""R-0017""]"
RC-000016,Để hôm khác.,Dạ.,Poor Discovery — Early Pricing,Hỏi thêm một câu trước khi phản hồi; dựng giá trị trước giá.,"[{""from"": ""No Sale"", ""to"": ""Poor Discovery""}, {""from"": ""Poor Discovery"", ""to"": ""Early Pricing""}, {""from"": ""Early Pricing"", ""to"": ""Weak Value""}]",repair,0.76,"[""R-0017"", ""R-0018""]"
RC-000017,Đắt quá.,Dạ.,Ignored Objection — No Follow-up,Hỏi thêm một câu trước khi phản hồi; dựng giá trị trước giá.,"[{""from"": ""No Sale"", ""to"": ""Ignored Objection""}, {""from"": ""Ignored Objection"", ""to"": ""No Follow-up""}, {""from"": ""No Follow-up"", ""to"": ""Lost Trust""}]",camera,0.77,"[""R-0018"", ""R-0019""]"
RC-000018,Để hôm khác.,Gói này đang khuyến mãi.,Missing Decision Maker — Wrong Closer,Hỏi thêm một câu trước khi phản hồi; dựng giá trị trước giá.,"[{""from"": ""No Sale"", ""to"": ""Missing Decision Maker""}, {""from"": ""Missing Decision Maker"", ""to"": ""Wrong Closer""}, {""from"": ""Wrong Closer"", ""to"": ""Stalled""}]",medical_devices,0.78,"[""R-0019"", ""R-0020""]"
RC-000019,Đắt quá.,Dạ.,Feature Dump — Confused Customer,Hỏi thêm một câu trước khi phản hồi; dựng giá trị trước giá.,"[{""from"": ""No Sale"", ""to"": ""Feature Dump""}, {""from"": ""Feature Dump"", ""to"": ""Confused Customer""}, {""from"": ""Confused Customer"", ""to"": ""Exit Intent""}]",b2b_services,0.79,"[""R-0020"", ""R-0021""]"
RC-000020,Để hôm khác.,Dạ.,Pressure Close — Angry Customer,Hỏi thêm một câu trước khi phản hồi; dựng giá trị trước giá.,"[{""from"": ""No Sale"", ""to"": ""Pressure Close""}, {""from"": ""Pressure Close"", ""to"": ""Angry Customer""}, {""from"": ""Angry Customer"", ""to"": ""Complaint Risk""}]",real_estate,0.8,"[""R-0021"", ""R-0022""]"
RC-000021,Đắt quá.,Gói này đang khuyến mãi.,Poor Discovery — Early Pricing,Hỏi thêm một câu trước khi phản hồi; dựng giá trị trước giá.,"[{""from"": ""No Sale"", ""to"": ""Poor Discovery""}, {""from"": ""Poor Discovery"", ""to"": ""Early Pricing""}, {""from"": ""Early Pricing"", ""to"": ""Weak Value""}]",spa,0.81,"[""R-0022"", ""R-0023""]"
RC-000022,Để hôm khác.,Dạ.,Ignored Objection — No Follow-up,Hỏi thêm một câu trước khi phản hồi; dựng giá trị trước giá.,"[{""from"": ""No Sale"", ""to"": ""Ignored Objection""}, {""from"": ""Ignored Objection"", ""to"": ""No Follow-up""}, {""from"": ""No Follow-up"", ""to"": ""Lost Trust""}]",dental,0.82,"[""R-0023"", ""R-0024""]"
RC-000023,Đắt quá.,Dạ.,Missing Decision Maker — Wrong Closer,Hỏi thêm một câu trước khi phản hồi; dựng giá trị trước giá.,"[{""from"": ""No Sale"", ""to"": ""Missing Decision Maker""}, {""from"": ""Missing Decision Maker"", ""to"": ""Wrong Closer""}, {""from"": ""Wrong Closer"", ""to"": ""Stalled""}]",insurance,0.83,"[""R-0024"", ""R-0025""]"
RC-000024,Để hôm khác.,Gói này đang khuyến mãi.,Feature Dump — Confused Customer,Hỏi thêm một câu trước khi phản hồi; dựng giá trị trước giá.,"[{""from"": ""No Sale"", ""to"": ""Feature Dump""}, {""from"": ""Feature Dump"", ""to"": ""Confused Customer""}, {""from"": ""Confused Customer"", ""to"": ""Exit Intent""}]",education,0.84,"[""R-0025"", ""R-0026""]"
RC-000025,Đắt quá.,Dạ.,Pressure Close — Angry Customer,Hỏi thêm một câu trước khi phản hồi; dựng giá trị trước giá.,"[{""from"": ""No Sale"", ""to"": ""Pressure Close""}, {""from"": ""Pressure Close"", ""to"": ""Angry Customer""}, {""from"": ""Angry Customer"", ""to"": ""Complaint Risk""}]",automotive,0.85,"[""R-0026"", ""R-0027""]"
RC-000026,Để hôm khác.,Dạ.,Poor Discovery — Early Pricing,Hỏi thêm một câu trước khi phản hồi; dựng giá trị trước giá.,"[{""from"": ""No Sale"", ""to"": ""Poor Discovery""}, {""from"": ""Poor Discovery"", ""to"": ""Early Pricing""}, {""from"": ""Early Pricing"", ""to"": ""Weak Value""}]",cosmetics,0.86,"[""R-0027"", ""R-0028""]"
RC-000027,Đắt quá.,Gói này đang khuyến mãi.,Ignored Objection — No Follow-up,Hỏi thêm một câu trước khi phản hồi; dựng giá trị trước giá.,"[{""from"": ""No Sale"", ""to"": ""Ignored Objection""}, {""from"": ""Ignored Objection"", ""to"": ""No Follow-up""}, {""from"": ""No Follow-up"", ""to"": ""Lost Trust""}]",home_appliances,0.87,"[""R-0028"", ""R-0029""]"
RC-000028,Để hôm khác.,Dạ.,Missing Decision Maker — Wrong Closer,Hỏi thêm một câu trước khi phản hồi; dựng giá trị trước giá.,"[{""from"": ""No Sale"", ""to"": ""Missing Decision Maker""}, {""from"": ""Missing Decision Maker"", ""to"": ""Wrong Closer""}, {""from"": ""Wrong Closer"", ""to"": ""Stalled""}]",food,0.88,"[""R-0029"", ""R-0030""]"
RC-000029,Đắt quá.,Dạ.,Feature Dump — Confused Customer,Hỏi thêm một câu trước khi phản hồi; dựng giá trị trước giá.,"[{""from"": ""No Sale"", ""to"": ""Feature Dump""}, {""from"": ""Feature Dump"", ""to"": ""Confused Customer""}, {""from"": ""Confused Customer"", ""to"": ""Exit Intent""}]",electronics,0.89,"[""R-0030"", ""R-0031""]"
RC-000030,Để hôm khác.,Gói này đang khuyến mãi.,Pressure Close — Angry Customer,Hỏi thêm một câu trước khi phản hồi; dựng giá trị trước giá.,"[{""from"": ""No Sale"", ""to"": ""Pressure Close""}, {""from"": ""Pressure Close"", ""to"": ""Angry Customer""}, {""from"": ""Angry Customer"", ""to"": ""Complaint Risk""}]",furniture,0.6,"[""R-0031"", ""R-0032""]"
RC-000031,Đắt quá.,Dạ.,Poor Discovery — Early Pricing,Hỏi thêm một câu trước khi phản hồi; dựng giá trị trước giá.,"[{""from"": ""No Sale"", ""to"": ""Poor Discovery""}, {""from"": ""Poor Discovery"", ""to"": ""Early Pricing""}, {""from"": ""Early Pricing"", ""to"": ""Weak Value""}]",logistics,0.61,"[""R-0032"", ""R-0033""]"
RC-000032,Để hôm khác.,Dạ.,Ignored Objection — No Follow-up,Hỏi thêm một câu trước khi phản hồi; dựng giá trị trước giá.,"[{""from"": ""No Sale"", ""to"": ""Ignored Objection""}, {""from"": ""Ignored Objection"", ""to"": ""No Follow-up""}, {""from"": ""No Follow-up"", ""to"": ""Lost Trust""}]",travel,0.62,"[""R-0033"", ""R-0034""]"
RC-000033,Đắt quá.,Gói này đang khuyến mãi.,Missing Decision Maker — Wrong Closer,Hỏi thêm một câu trước khi phản hồi; dựng giá trị trước giá.,"[{""from"": ""No Sale"", ""to"": ""Missing Decision Maker""}, {""from"": ""Missing Decision Maker"", ""to"": ""Wrong Closer""}, {""from"": ""Wrong Closer"", ""to"": ""Stalled""}]",finance,0.63,"[""R-0034"", ""R-0035""]"
RC-000034,Để hôm khác.,Dạ.,Feature Dump — Confused Customer,Hỏi thêm một câu trước khi phản hồi; dựng giá trị trước giá.,"[{""from"": ""No Sale"", ""to"": ""Feature Dump""}, {""from"": ""Feature Dump"", ""to"": ""Confused Customer""}, {""from"": ""Confused Customer"", ""to"": ""Exit Intent""}]",fitness,0.64,"[""R-0035"", ""R-0036""]"
RC-000035,Đắt quá.,Dạ.,Pressure Close — Angry Customer,Hỏi thêm một câu trước khi phản hồi; dựng giá trị trước giá.,"[{""from"": ""No Sale"", ""to"": ""Pressure Close""}, {""from"": ""Pressure Close"", ""to"": ""Angry Customer""}, {""from"": ""Angry Customer"", ""to"": ""Complaint Risk""}]",plumbing,0.65,"[""R-0036"", ""R-0037""]"
RC-000036,Để hôm khác.,Gói này đang khuyến mãi.,Poor Discovery — Early Pricing,Hỏi thêm một câu trước khi phản hồi; dựng giá trị trước giá.,"[{""from"": ""No Sale"", ""to"": ""Poor Discovery""}, {""from"": ""Poor Discovery"", ""to"": ""Early Pricing""}, {""from"": ""Early Pricing"", ""to"": ""Weak Value""}]",repair,0.66,"[""R-0037"", ""R-0038""]"
RC-000037,Đắt quá.,Dạ.,Ignored Objection — No Follow-up,Hỏi thêm một câu trước khi phản hồi; dựng giá trị trước giá.,"[{""from"": ""No Sale"", ""to"": ""Ignored Objection""}, {""from"": ""Ignored Objection"", ""to"": ""No Follow-up""}, {""from"": ""No Follow-up"", ""to"": ""Lost Trust""}]",camera,0.67,"[""R-0038"", ""R-0039""]"
RC-000038,Để hôm khác.,Dạ.,Missing Decision Maker — Wrong Closer,Hỏi thêm một câu trước khi phản hồi; dựng giá trị trước giá.,"[{""from"": ""No Sale"", ""to"": ""Missing Decision Maker""}, {""from"": ""Missing Decision Maker"", ""to"": ""Wrong Closer""}, {""from"": ""Wrong Closer"", ""to"": ""Stalled""}]",medical_devices,0.68,"[""R-0039"", ""R-0040""]"
RC-000039,Đắt quá.,Gói này đang khuyến mãi.,Feature Dump — Confused Customer,Hỏi thêm một câu trước khi phản hồi; dựng giá trị trước giá.,"[{""from"": ""No Sale"", ""to"": ""Feature Dump""}, {""from"": ""Feature Dump"", ""to"": ""Confused Customer""}, {""from"": ""Confused Customer"", ""to"": ""Exit Intent""}]",b2b_services,0.69,"[""R-0040"", ""R-0041""]"
RC-000040,Để hôm khác.,Dạ.,Pressure Close — Angry Customer,Hỏi thêm một câu trước khi phản hồi; dựng giá trị trước giá.,"[{""from"": ""No Sale"", ""to"": ""Pressure Close""}, {""from"": ""Pressure Close"", ""to"": ""Angry Customer""}, {""from"": ""Angry Customer"", ""to"": ""Complaint Risk""}]",real_estate,0.7,"[""R-0041"", ""R-0042""]"
RC-000041,Đắt quá.,Dạ.,Poor Discovery — Early Pricing,Hỏi thêm một câu trước khi phản hồi; dựng giá trị trước giá.,"[{""from"": ""No Sale"", ""to"": ""Poor Discovery""}, {""from"": ""Poor Discovery"", ""to"": ""Early Pricing""}, {""from"": ""Early Pricing"", ""to"": ""Weak Value""}]",spa,0.71,"[""R-0042"", ""R-0043""]"
RC-000042,Để hôm khác.,Gói này đang khuyến mãi.,Ignored Objection — No Follow-up,Hỏi thêm một câu trước khi phản hồi; dựng giá trị trước giá.,"[{""from"": ""No Sale"", ""to"": ""Ignored Objection""}, {""from"": ""Ignored Objection"", ""to"": ""No Follow-up""}, {""from"": ""No Follow-up"", ""to"": ""Lost Trust""}]",dental,0.72,"[""R-0043"", ""R-0044""]"
RC-000043,Đắt quá.,Dạ.,Missing Decision Maker — Wrong Closer,Hỏi thêm một câu trước khi phản hồi; dựng giá trị trước giá.,"[{""from"": ""No Sale"", ""to"": ""Missing Decision Maker""}, {""from"": ""Missing Decision Maker"", ""to"": ""Wrong Closer""}, {""from"": ""Wrong Closer"", ""to"": ""Stalled""}]",insurance,0.73,"[""R-0044"", ""R-0045""]"
RC-000044,Để hôm khác.,Dạ.,Feature Dump — Confused Customer,Hỏi thêm một câu trước khi phản hồi; dựng giá trị trước giá.,"[{""from"": ""No Sale"", ""to"": ""Feature Dump""}, {""from"": ""Feature Dump"", ""to"": ""Confused Customer""}, {""from"": ""Confused Customer"", ""to"": ""Exit Intent""}]",education,0.74,"[""R-0045"", ""R-0046""]"
RC-000045,Đắt quá.,Gói này đang khuyến mãi.,Pressure Close — Angry Customer,Hỏi thêm một câu trước khi phản hồi; dựng giá trị trước giá.,"[{""from"": ""No Sale"", ""to"": ""Pressure Close""}, {""from"": ""Pressure Close"", ""to"": ""Angry Customer""}, {""from"": ""Angry Customer"", ""to"": ""Complaint Risk""}]",automotive,0.75,"[""R-0046"", ""R-0047""]"
RC-000046,Để hôm khác.,Dạ.,Poor Discovery — Early Pricing,Hỏi thêm một câu trước khi phản hồi; dựng giá trị trước giá.,"[{""from"": ""No Sale"", ""to"": ""Poor Discovery""}, {""from"": ""Poor Discovery"", ""to"": ""Early Pricing""}, {""from"": ""Early Pricing"", ""to"": ""Weak Value""}]",cosmetics,0.76,"[""R-0047"", ""R-0048""]"
RC-000047,Đắt quá.,Dạ.,Ignored Objection — No Follow-up,Hỏi thêm một câu trước khi phản hồi; dựng giá trị trước giá.,"[{""from"": ""No Sale"", ""to"": ""Ignored Objection""}, {""from"": ""Ignored Objection"", ""to"": ""No Follow-up""}, {""from"": ""No Follow-up"", ""to"": ""Lost Trust""}]",home_appliances,0.77,"[""R-0048"", ""R-0049""]"
RC-000048,Để hôm khác.,Gói này đang khuyến mãi.,Missing Decision Maker — Wrong Closer,Hỏi thêm một câu trước khi phản hồi; dựng giá trị trước giá.,"[{""from"": ""No Sale"", ""to"": ""Missing Decision Maker""}, {""from"": ""Missing Decision Maker"", ""to"": ""Wrong Closer""}, {""from"": ""Wrong Closer"", ""to"": ""Stalled""}]",food,0.78,"[""R-0049"", ""R-0050""]"
RC-000049,Đắt quá.,Dạ.,Feature Dump — Confused Customer,Hỏi thêm một câu trước khi phản hồi; dựng giá trị trước giá.,"[{""from"": ""No Sale"", ""to"": ""Feature Dump""}, {""from"": ""Feature Dump"", ""to"": ""Confused Customer""}, {""from"": ""Confused Customer"", ""to"": ""Exit Intent""}]",electronics,0.79,"[""R-0050"", ""R-0051""]"
RC-000050,Để hôm khác.,Dạ.,Pressure Close — Angry Customer,Hỏi thêm một câu trước khi phản hồi; dựng giá trị trước giá.,"[{""from"": ""No Sale"", ""to"": ""Pressure Close""}, {""from"": ""Pressure Close"", ""to"": ""Angry Customer""}, {""from"": ""Angry Customer"", ""to"": ""Complaint Risk""}]",furniture,0.8,"[""R-0051"", ""R-0052""]"
RC-000051,Đắt quá.,Gói này đang khuyến mãi.,Poor Discovery — Early Pricing,Hỏi thêm một câu trước khi phản hồi; dựng giá trị trước giá.,"[{""from"": ""No Sale"", ""to"": ""Poor Discovery""}, {""from"": ""Poor Discovery"", ""to"": ""Early Pricing""}, {""from"": ""Early Pricing"", ""to"": ""Weak Value""}]",logistics,0.81,"[""R-0052"", ""R-0053""]"
RC-000052,Để hôm khác.,Dạ.,Ignored Objection — No Follow-up,Hỏi thêm một câu trước khi phản hồi; dựng giá trị trước giá.,"[{""from"": ""No Sale"", ""to"": ""Ignored Objection""}, {""from"": ""Ignored Objection"", ""to"": ""No Follow-up""}, {""from"": ""No Follow-up"", ""to"": ""Lost Trust""}]",travel,0.82,"[""R-0053"", ""R-0054""]"
RC-000053,Đắt quá.,Dạ.,Missing Decision Maker — Wrong Closer,Hỏi thêm một câu trước khi phản hồi; dựng giá trị trước giá.,"[{""from"": ""No Sale"", ""to"": ""Missing Decision Maker""}, {""from"": ""Missing Decision Maker"", ""to"": ""Wrong Closer""}, {""from"": ""Wrong Closer"", ""to"": ""Stalled""}]",finance,0.83,"[""R-0054"", ""R-0055""]"
RC-000054,Để hôm khác.,Gói này đang khuyến mãi.,Feature Dump — Confused Customer,Hỏi thêm một câu trước khi phản hồi; dựng giá trị trước giá.,"[{""from"": ""No Sale"", ""to"": ""Feature Dump""}, {""from"": ""Feature Dump"", ""to"": ""Confused Customer""}, {""from"": ""Confused Customer"", ""to"": ""Exit Intent""}]",fitness,0.84,"[""R-0055"", ""R-0056""]"
RC-000055,Đắt quá.,Dạ.,Pressure Close — Angry Customer,Hỏi thêm một câu trước khi phản hồi; dựng giá trị trước giá.,"[{""from"": ""No Sale"", ""to"": ""Pressure Close""}, {""from"": ""Pressure Close"", ""to"": ""Angry Customer""}, {""from"": ""Angry Customer"", ""to"": ""Complaint Risk""}]",plumbing,0.85,"[""R-0056"", ""R-0057""]"
RC-000056,Để hôm khác.,Dạ.,Poor Discovery — Early Pricing,Hỏi thêm một câu trước khi phản hồi; dựng giá trị trước giá.,"[{""from"": ""No Sale"", ""to"": ""Poor Discovery""}, {""from"": ""Poor Discovery"", ""to"": ""Early Pricing""}, {""from"": ""Early Pricing"", ""to"": ""Weak Value""}]",repair,0.86,"[""R-0057"", ""R-0058""]"
RC-000057,Đắt quá.,Gói này đang khuyến mãi.,Ignored Objection — No Follow-up,Hỏi thêm một câu trước khi phản hồi; dựng giá trị trước giá.,"[{""from"": ""No Sale"", ""to"": ""Ignored Objection""}, {""from"": ""Ignored Objection"", ""to"": ""No Follow-up""}, {""from"": ""No Follow-up"", ""to"": ""Lost Trust""}]",camera,0.87,"[""R-0058"", ""R-0059""]"
RC-000058,Để hôm khác.,Dạ.,Missing Decision Maker — Wrong Closer,Hỏi thêm một câu trước khi phản hồi; dựng giá trị trước giá.,"[{""from"": ""No Sale"", ""to"": ""Missing Decision Maker""}, {""from"": ""Missing Decision Maker"", ""to"": ""Wrong Closer""}, {""from"": ""Wrong Closer"", ""to"": ""Stalled""}]",medical_devices,0.88,"[""R-0059"", ""R-0060""]"
RC-000059,Đắt quá.,Dạ.,Feature Dump — Confused Customer,Hỏi thêm một câu trước khi phản hồi; dựng giá trị trước giá.,"[{""from"": ""No Sale"", ""to"": ""Feature Dump""}, {""from"": ""Feature Dump"", ""to"": ""Confused Customer""}, {""from"": ""Confused Customer"", ""to"": ""Exit Intent""}]",b2b_services,0.89,"[""R-0060"", ""R-0061""]"
RC-000060,Để hôm khác.,Gói này đang khuyến mãi.,Pressure Close — Angry Customer,Hỏi thêm một câu trước khi phản hồi; dựng giá trị trước giá.,"[{""from"": ""No Sale"", ""to"": ""Pressure Close""}, {""from"": ""Pressure Close"", ""to"": ""Angry Customer""}, {""from"": ""Angry Customer"", ""to"": ""Complaint Risk""}]",real_estate,0.6,"[""R-0061"", ""R-0062""]"
RC-000061,Đắt quá.,Dạ.,Poor Discovery — Early Pricing,Hỏi thêm một câu trước khi phản hồi; dựng giá trị trước giá.,"[{""from"": ""No Sale"", ""to"": ""Poor Discovery""}, {""from"": ""Poor Discovery"", ""to"": ""Early Pricing""}, {""from"": ""Early Pricing"", ""to"": ""Weak Value""}]",spa,0.61,"[""R-0062"", ""R-0063""]"
RC-000062,Để hôm khác.,Dạ.,Ignored Objection — No Follow-up,Hỏi thêm một câu trước khi phản hồi; dựng giá trị trước giá.,"[{""from"": ""No Sale"", ""to"": ""Ignored Objection""}, {""from"": ""Ignored Objection"", ""to"": ""No Follow-up""}, {""from"": ""No Follow-up"", ""to"": ""Lost Trust""}]",dental,0.62,"[""R-0063"", ""R-0064""]"
RC-000063,Đắt quá.,Gói này đang khuyến mãi.,Missing Decision Maker — Wrong Closer,Hỏi thêm một câu trước khi phản hồi; dựng giá trị trước giá.,"[{""from"": ""No Sale"", ""to"": ""Missing Decision Maker""}, {""from"": ""Missing Decision Maker"", ""to"": ""Wrong Closer""}, {""from"": ""Wrong Closer"", ""to"": ""Stalled""}]",insurance,0.63,"[""R-0064"", ""R-0065""]"
RC-000064,Để hôm khác.,Dạ.,Feature Dump — Confused Customer,Hỏi thêm một câu trước khi phản hồi; dựng giá trị trước giá.,"[{""from"": ""No Sale"", ""to"": ""Feature Dump""}, {""from"": ""Feature Dump"", ""to"": ""Confused Customer""}, {""from"": ""Confused Customer"", ""to"": ""Exit Intent""}]",education,0.64,"[""R-0065"", ""R-0066""]"
RC-000065,Đắt quá.,Dạ.,Pressure Close — Angry Customer,Hỏi thêm một câu trước khi phản hồi; dựng giá trị trước giá.,"[{""from"": ""No Sale"", ""to"": ""Pressure Close""}, {""from"": ""Pressure Close"", ""to"": ""Angry Customer""}, {""from"": ""Angry Customer"", ""to"": ""Complaint Risk""}]",automotive,0.65,"[""R-0066"", ""R-0067""]"
RC-000066,Để hôm khác.,Gói này đang khuyến mãi.,Poor Discovery — Early Pricing,Hỏi thêm một câu trước khi phản hồi; dựng giá trị trước giá.,"[{""from"": ""No Sale"", ""to"": ""Poor Discovery""}, {""from"": ""Poor Discovery"", ""to"": ""Early Pricing""}, {""from"": ""Early Pricing"", ""to"": ""Weak Value""}]",cosmetics,0.66,"[""R-0067"", ""R-0068""]"
RC-000067,Đắt quá.,Dạ.,Ignored Objection — No Follow-up,Hỏi thêm một câu trước khi phản hồi; dựng giá trị trước giá.,"[{""from"": ""No Sale"", ""to"": ""Ignored Objection""}, {""from"": ""Ignored Objection"", ""to"": ""No Follow-up""}, {""from"": ""No Follow-up"", ""to"": ""Lost Trust""}]",home_appliances,0.67,"[""R-0068"", ""R-0069""]"
RC-000068,Để hôm khác.,Dạ.,Missing Decision Maker — Wrong Closer,Hỏi thêm một câu trước khi phản hồi; dựng giá trị trước giá.,"[{""from"": ""No Sale"", ""to"": ""Missing Decision Maker""}, {""from"": ""Missing Decision Maker"", ""to"": ""Wrong Closer""}, {""from"": ""Wrong Closer"", ""to"": ""Stalled""}]",food,0.68,"[""R-0069"", ""R-0070""]"
RC-000069,Đắt quá.,Gói này đang khuyến mãi.,Feature Dump — Confused Customer,Hỏi thêm một câu trước khi phản hồi; dựng giá trị trước giá.,"[{""from"": ""No Sale"", ""to"": ""Feature Dump""}, {""from"": ""Feature Dump"", ""to"": ""Confused Customer""}, {""from"": ""Confused Customer"", ""to"": ""Exit Intent""}]",electronics,0.69,"[""R-0070"", ""R-0071""]"
RC-000070,Để hôm khác.,Dạ.,Pressure Close — Angry Customer,Hỏi thêm một câu trước khi phản hồi; dựng giá trị trước giá.,"[{""from"": ""No Sale"", ""to"": ""Pressure Close""}, {""from"": ""Pressure Close"", ""to"": ""Angry Customer""}, {""from"": ""Angry Customer"", ""to"": ""Complaint Risk""}]",furniture,0.7,"[""R-0071"", ""R-0072""]"
RC-000071,Đắt quá.,Dạ.,Poor Discovery — Early Pricing,Hỏi thêm một câu trước khi phản hồi; dựng giá trị trước giá.,"[{""from"": ""No Sale"", ""to"": ""Poor Discovery""}, {""from"": ""Poor Discovery"", ""to"": ""Early Pricing""}, {""from"": ""Early Pricing"", ""to"": ""Weak Value""}]",logistics,0.71,"[""R-0072"", ""R-0073""]"
RC-000072,Để hôm khác.,Gói này đang khuyến mãi.,Ignored Objection — No Follow-up,Hỏi thêm một câu trước khi phản hồi; dựng giá trị trước giá.,"[{""from"": ""No Sale"", ""to"": ""Ignored Objection""}, {""from"": ""Ignored Objection"", ""to"": ""No Follow-up""}, {""from"": ""No Follow-up"", ""to"": ""Lost Trust""}]",travel,0.72,"[""R-0073"", ""R-0074""]"
RC-000073,Đắt quá.,Dạ.,Missing Decision Maker — Wrong Closer,Hỏi thêm một câu trước khi phản hồi; dựng giá trị trước giá.,"[{""from"": ""No Sale"", ""to"": ""Missing Decision Maker""}, {""from"": ""Missing Decision Maker"", ""to"": ""Wrong Closer""}, {""from"": ""Wrong Closer"", ""to"": ""Stalled""}]",finance,0.73,"[""R-0074"", ""R-0075""]"
RC-000074,Để hôm khác.,Dạ.,Feature Dump — Confused Customer,Hỏi thêm một câu trước khi phản hồi; dựng giá trị trước giá.,"[{""from"": ""No Sale"", ""to"": ""Feature Dump""}, {""from"": ""Feature Dump"", ""to"": ""Confused Customer""}, {""from"": ""Confused Customer"", ""to"": ""Exit Intent""}]",fitness,0.74,"[""R-0075"", ""R-0076""]"
RC-000075,Đắt quá.,Gói này đang khuyến mãi.,Pressure Close — Angry Customer,Hỏi thêm một câu trước khi phản hồi; dựng giá trị trước giá.,"[{""from"": ""No Sale"", ""to"": ""Pressure Close""}, {""from"": ""Pressure Close"", ""to"": ""Angry Customer""}, {""from"": ""Angry Customer"", ""to"": ""Complaint Risk""}]",plumbing,0.75,"[""R-0076"", ""R-0077""]"
RC-000076,Để hôm khác.,Dạ.,Poor Discovery — Early Pricing,Hỏi thêm một câu trước khi phản hồi; dựng giá trị trước giá.,"[{""from"": ""No Sale"", ""to"": ""Poor Discovery""}, {""from"": ""Poor Discovery"", ""to"": ""Early Pricing""}, {""from"": ""Early Pricing"", ""to"": ""Weak Value""}]",repair,0.76,"[""R-0077"", ""R-0078""]"
RC-000077,Đắt quá.,Dạ.,Ignored Objection — No Follow-up,Hỏi thêm một câu trước khi phản hồi; dựng giá trị trước giá.,"[{""from"": ""No Sale"", ""to"": ""Ignored Objection""}, {""from"": ""Ignored Objection"", ""to"": ""No Follow-up""}, {""from"": ""No Follow-up"", ""to"": ""Lost Trust""}]",camera,0.77,"[""R-0078"", ""R-0079""]"
RC-000078,Để hôm khác.,Gói này đang khuyến mãi.,Missing Decision Maker — Wrong Closer,Hỏi thêm một câu trước khi phản hồi; dựng giá trị trước giá.,"[{""from"": ""No Sale"", ""to"": ""Missing Decision Maker""}, {""from"": ""Missing Decision Maker"", ""to"": ""Wrong Closer""}, {""from"": ""Wrong Closer"", ""to"": ""Stalled""}]",medical_devices,0.78,"[""R-0079"", ""R-0080""]"
RC-000079,Đắt quá.,Dạ.,Feature Dump — Confused Customer,Hỏi thêm một câu trước khi phản hồi; dựng giá trị trước giá.,"[{""from"": ""No Sale"", ""to"": ""Feature Dump""}, {""from"": ""Feature Dump"", ""to"": ""Confused Customer""}, {""from"": ""Confused Customer"", ""to"": ""Exit Intent""}]",b2b_services,0.79,"[""R-0080"", ""R-0081""]"
RC-000080,Để hôm khác.,Dạ.,Pressure Close — Angry Customer,Hỏi thêm một câu trước khi phản hồi; dựng giá trị trước giá.,"[{""from"": ""No Sale"", ""to"": ""Pressure Close""}, {""from"": ""Pressure Close"", ""to"": ""Angry Customer""}, {""from"": ""Angry Customer"", ""to"": ""Complaint Risk""}]",real_estate,0.8,"[""R-0081"", ""R-0082""]"
RC-000081,Đắt quá.,Gói này đang khuyến mãi.,Poor Discovery — Early Pricing,Hỏi thêm một câu trước khi phản hồi; dựng giá trị trước giá.,"[{""from"": ""No Sale"", ""to"": ""Poor Discovery""}, {""from"": ""Poor Discovery"", ""to"": ""Early Pricing""}, {""from"": ""Early Pricing"", ""to"": ""Weak Value""}]",spa,0.81,"[""R-0082"", ""R-0083""]"
RC-000082,Để hôm khác.,Dạ.,Ignored Objection — No Follow-up,Hỏi thêm một câu trước khi phản hồi; dựng giá trị trước giá.,"[{""from"": ""No Sale"", ""to"": ""Ignored Objection""}, {""from"": ""Ignored Objection"", ""to"": ""No Follow-up""}, {""from"": ""No Follow-up"", ""to"": ""Lost Trust""}]",dental,0.82,"[""R-0083"", ""R-0084""]"
RC-000083,Đắt quá.,Dạ.,Missing Decision Maker — Wrong Closer,Hỏi thêm một câu trước khi phản hồi; dựng giá trị trước giá.,"[{""from"": ""No Sale"", ""to"": ""Missing Decision Maker""}, {""from"": ""Missing Decision Maker"", ""to"": ""Wrong Closer""}, {""from"": ""Wrong Closer"", ""to"": ""Stalled""}]",insurance,0.83,"[""R-0084"", ""R-0085""]"
RC-000084,Để hôm khác.,Gói này đang khuyến mãi.,Feature Dump — Confused Customer,Hỏi thêm một câu trước khi phản hồi; dựng giá trị trước giá.,"[{""from"": ""No Sale"", ""to"": ""Feature Dump""}, {""from"": ""Feature Dump"", ""to"": ""Confused Customer""}, {""from"": ""Confused Customer"", ""to"": ""Exit Intent""}]",education,0.84,"[""R-0085"", ""R-0086""]"
RC-000085,Đắt quá.,Dạ.,Pressure Close — Angry Customer,Hỏi thêm một câu trước khi phản hồi; dựng giá trị trước giá.,"[{""from"": ""No Sale"", ""to"": ""Pressure Close""}, {""from"": ""Pressure Close"", ""to"": ""Angry Customer""}, {""from"": ""Angry Customer"", ""to"": ""Complaint Risk""}]",automotive,0.85,"[""R-0086"", ""R-0087""]"
RC-000086,Để hôm khác.,Dạ.,Poor Discovery — Early Pricing,Hỏi thêm một câu trước khi phản hồi; dựng giá trị trước giá.,"[{""from"": ""No Sale"", ""to"": ""Poor Discovery""}, {""from"": ""Poor Discovery"", ""to"": ""Early Pricing""}, {""from"": ""Early Pricing"", ""to"": ""Weak Value""}]",cosmetics,0.86,"[""R-0087"", ""R-0088""]"
RC-000087,Đắt quá.,Gói này đang khuyến mãi.,Ignored Objection — No Follow-up,Hỏi thêm một câu trước khi phản hồi; dựng giá trị trước giá.,"[{""from"": ""No Sale"", ""to"": ""Ignored Objection""}, {""from"": ""Ignored Objection"", ""to"": ""No Follow-up""}, {""from"": ""No Follow-up"", ""to"": ""Lost Trust""}]",home_appliances,0.87,"[""R-0088"", ""R-0089""]"
RC-000088,Để hôm khác.,Dạ.,Missing Decision Maker — Wrong Closer,Hỏi thêm một câu trước khi phản hồi; dựng giá trị trước giá.,"[{""from"": ""No Sale"", ""to"": ""Missing Decision Maker""}, {""from"": ""Missing Decision Maker"", ""to"": ""Wrong Closer""}, {""from"": ""Wrong Closer"", ""to"": ""Stalled""}]",food,0.88,"[""R-0089"", ""R-0090""]"
RC-000089,Đắt quá.,Dạ.,Feature Dump — Confused Customer,Hỏi thêm một câu trước khi phản hồi; dựng giá trị trước giá.,"[{""from"": ""No Sale"", ""to"": ""Feature Dump""}, {""from"": ""Feature Dump"", ""to"": ""Confused Customer""}, {""from"": ""Confused Customer"", ""to"": ""Exit Intent""}]",electronics,0.89,"[""R-0090"", ""R-0091""]"
RC-000090,Để hôm khác.,Gói này đang khuyến mãi.,Pressure Close — Angry Customer,Hỏi thêm một câu trước khi phản hồi; dựng giá trị trước giá.,"[{""from"": ""No Sale"", ""to"": ""Pressure Close""}, {""from"": ""Pressure Close"", ""to"": ""Angry Customer""}, {""from"": ""Angry Customer"", ""to"": ""Complaint Risk""}]",furniture,0.6,"[""R-0091"", ""R-0092""]"
RC-000091,Đắt quá.,Dạ.,Poor Discovery — Early Pricing,Hỏi thêm một câu trước khi phản hồi; dựng giá trị trước giá.,"[{""from"": ""No Sale"", ""to"": ""Poor Discovery""}, {""from"": ""Poor Discovery"", ""to"": ""Early Pricing""}, {""from"": ""Early Pricing"", ""to"": ""Weak Value""}]",logistics,0.61,"[""R-0092"", ""R-0093""]"
RC-000092,Để hôm khác.,Dạ.,Ignored Objection — No Follow-up,Hỏi thêm một câu trước khi phản hồi; dựng giá trị trước giá.,"[{""from"": ""No Sale"", ""to"": ""Ignored Objection""}, {""from"": ""Ignored Objection"", ""to"": ""No Follow-up""}, {""from"": ""No Follow-up"", ""to"": ""Lost Trust""}]",travel,0.62,"[""R-0093"", ""R-0094""]"
RC-000093,Đắt quá.,Gói này đang khuyến mãi.,Missing Decision Maker — Wrong Closer,Hỏi thêm một câu trước khi phản hồi; dựng giá trị trước giá.,"[{""from"": ""No Sale"", ""to"": ""Missing Decision Maker""}, {""from"": ""Missing Decision Maker"", ""to"": ""Wrong Closer""}, {""from"": ""Wrong Closer"", ""to"": ""Stalled""}]",finance,0.63,"[""R-0094"", ""R-0095""]"
RC-000094,Để hôm khác.,Dạ.,Feature Dump — Confused Customer,Hỏi thêm một câu trước khi phản hồi; dựng giá trị trước giá.,"[{""from"": ""No Sale"", ""to"": ""Feature Dump""}, {""from"": ""Feature Dump"", ""to"": ""Confused Customer""}, {""from"": ""Confused Customer"", ""to"": ""Exit Intent""}]",fitness,0.64,"[""R-0095"", ""R-0096""]"
RC-000095,Đắt quá.,Dạ.,Pressure Close — Angry Customer,Hỏi thêm một câu trước khi phản hồi; dựng giá trị trước giá.,"[{""from"": ""No Sale"", ""to"": ""Pressure Close""}, {""from"": ""Pressure Close"", ""to"": ""Angry Customer""}, {""from"": ""Angry Customer"", ""to"": ""Complaint Risk""}]",plumbing,0.65,"[""R-0096"", ""R-0097""]"
RC-000096,Để hôm khác.,Gói này đang khuyến mãi.,Poor Discovery — Early Pricing,Hỏi thêm một câu trước khi phản hồi; dựng giá trị trước giá.,"[{""from"": ""No Sale"", ""to"": ""Poor Discovery""}, {""from"": ""Poor Discovery"", ""to"": ""Early Pricing""}, {""from"": ""Early Pricing"", ""to"": ""Weak Value""}]",repair,0.66,"[""R-0097"", ""R-0098""]"
RC-000097,Đắt quá.,Dạ.,Ignored Objection — No Follow-up,Hỏi thêm một câu trước khi phản hồi; dựng giá trị trước giá.,"[{""from"": ""No Sale"", ""to"": ""Ignored Objection""}, {""from"": ""Ignored Objection"", ""to"": ""No Follow-up""}, {""from"": ""No Follow-up"", ""to"": ""Lost Trust""}]",camera,0.67,"[""R-0098"", ""R-0099""]"
RC-000098,Để hôm khác.,Dạ.,Missing Decision Maker — Wrong Closer,Hỏi thêm một câu trước khi phản hồi; dựng giá trị trước giá.,"[{""from"": ""No Sale"", ""to"": ""Missing Decision Maker""}, {""from"": ""Missing Decision Maker"", ""to"": ""Wrong Closer""}, {""from"": ""Wrong Closer"", ""to"": ""Stalled""}]",medical_devices,0.68,"[""R-0099"", ""R-0100""]"
RC-000099,Đắt quá.,Gói này đang khuyến mãi.,Feature Dump — Confused Customer,Hỏi thêm một câu trước khi phản hồi; dựng giá trị trước giá.,"[{""from"": ""No Sale"", ""to"": ""Feature Dump""}, {""from"": ""Feature Dump"", ""to"": ""Confused Customer""}, {""from"": ""Confused Customer"", ""to"": ""Exit Intent""}]",b2b_services,0.69,"[""R-0100"", ""R-0101""]"
RC-000100,Để hôm khác.,Dạ.,Pressure Close — Angry Customer,Hỏi thêm một câu trước khi phản hồi; dựng giá trị trước giá.,"[{""from"": ""No Sale"", ""to"": ""Pressure Close""}, {""from"": ""Pressure Close"", ""to"": ""Angry Customer""}, {""from"": ""Angry Customer"", ""to"": ""Complaint Risk""}]",real_estate,0.7,"[""R-0101"", ""R-0102""]"
RC-000101,Đắt quá.,Dạ.,Poor Discovery — Early Pricing,Hỏi thêm một câu trước khi phản hồi; dựng giá trị trước giá.,"[{""from"": ""No Sale"", ""to"": ""Poor Discovery""}, {""from"": ""Poor Discovery"", ""to"": ""Early Pricing""}, {""from"": ""Early Pricing"", ""to"": ""Weak Value""}]",spa,0.71,"[""R-0102"", ""R-0103""]"
RC-000102,Để hôm khác.,Gói này đang khuyến mãi.,Ignored Objection — No Follow-up,Hỏi thêm một câu trước khi phản hồi; dựng giá trị trước giá.,"[{""from"": ""No Sale"", ""to"": ""Ignored Objection""}, {""from"": ""Ignored Objection"", ""to"": ""No Follow-up""}, {""from"": ""No Follow-up"", ""to"": ""Lost Trust""}]",dental,0.72,"[""R-0103"", ""R-0104""]"
RC-000103,Đắt quá.,Dạ.,Missing Decision Maker — Wrong Closer,Hỏi thêm một câu trước khi phản hồi; dựng giá trị trước giá.,"[{""from"": ""No Sale"", ""to"": ""Missing Decision Maker""}, {""from"": ""Missing Decision Maker"", ""to"": ""Wrong Closer""}, {""from"": ""Wrong Closer"", ""to"": ""Stalled""}]",insurance,0.73,"[""R-0104"", ""R-0105""]"
RC-000104,Để hôm khác.,Dạ.,Feature Dump — Confused Customer,Hỏi thêm một câu trước khi phản hồi; dựng giá trị trước giá.,"[{""from"": ""No Sale"", ""to"": ""Feature Dump""}, {""from"": ""Feature Dump"", ""to"": ""Confused Customer""}, {""from"": ""Confused Customer"", ""to"": ""Exit Intent""}]",education,0.74,"[""R-0105"", ""R-0106""]"
RC-000105,Đắt quá.,Gói này đang khuyến mãi.,Pressure Close — Angry Customer,Hỏi thêm một câu trước khi phản hồi; dựng giá trị trước giá.,"[{""from"": ""No Sale"", ""to"": ""Pressure Close""}, {""from"": ""Pressure Close"", ""to"": ""Angry Customer""}, {""from"": ""Angry Customer"", ""to"": ""Complaint Risk""}]",automotive,0.75,"[""R-0106"", ""R-0107""]"
RC-000106,Để hôm khác.,Dạ.,Poor Discovery — Early Pricing,Hỏi thêm một câu trước khi phản hồi; dựng giá trị trước giá.,"[{""from"": ""No Sale"", ""to"": ""Poor Discovery""}, {""from"": ""Poor Discovery"", ""to"": ""Early Pricing""}, {""from"": ""Early Pricing"", ""to"": ""Weak Value""}]",cosmetics,0.76,"[""R-0107"", ""R-0108""]"
RC-000107,Đắt quá.,Dạ.,Ignored Objection — No Follow-up,Hỏi thêm một câu trước khi phản hồi; dựng giá trị trước giá.,"[{""from"": ""No Sale"", ""to"": ""Ignored Objection""}, {""from"": ""Ignored Objection"", ""to"": ""No Follow-up""}, {""from"": ""No Follow-up"", ""to"": ""Lost Trust""}]",home_appliances,0.77,"[""R-0108"", ""R-0109""]"
RC-000108,Để hôm khác.,Gói này đang khuyến mãi.,Missing Decision Maker — Wrong Closer,Hỏi thêm một câu trước khi phản hồi; dựng giá trị trước giá.,"[{""from"": ""No Sale"", ""to"": ""Missing Decision Maker""}, {""from"": ""Missing Decision Maker"", ""to"": ""Wrong Closer""}, {""from"": ""Wrong Closer"", ""to"": ""Stalled""}]",food,0.78,"[""R-0109"", ""R-0110""]"
RC-000109,Đắt quá.,Dạ.,Feature Dump — Confused Customer,Hỏi thêm một câu trước khi phản hồi; dựng giá trị trước giá.,"[{""from"": ""No Sale"", ""to"": ""Feature Dump""}, {""from"": ""Feature Dump"", ""to"": ""Confused Customer""}, {""from"": ""Confused Customer"", ""to"": ""Exit Intent""}]",electronics,0.79,"[""R-0110"", ""R-0111""]"
RC-000110,Để hôm khác.,Dạ.,Pressure Close — Angry Customer,Hỏi thêm một câu trước khi phản hồi; dựng giá trị trước giá.,"[{""from"": ""No Sale"", ""to"": ""Pressure Close""}, {""from"": ""Pressure Close"", ""to"": ""Angry Customer""}, {""from"": ""Angry Customer"", ""to"": ""Complaint Risk""}]",furniture,0.8,"[""R-0111"", ""R-0112""]"
RC-000111,Đắt quá.,Gói này đang khuyến mãi.,Poor Discovery — Early Pricing,Hỏi thêm một câu trước khi phản hồi; dựng giá trị trước giá.,"[{""from"": ""No Sale"", ""to"": ""Poor Discovery""}, {""from"": ""Poor Discovery"", ""to"": ""Early Pricing""}, {""from"": ""Early Pricing"", ""to"": ""Weak Value""}]",logistics,0.81,"[""R-0112"", ""R-0113""]"
RC-000112,Để hôm khác.,Dạ.,Ignored Objection — No Follow-up,Hỏi thêm một câu trước khi phản hồi; dựng giá trị trước giá.,"[{""from"": ""No Sale"", ""to"": ""Ignored Objection""}, {""from"": ""Ignored Objection"", ""to"": ""No Follow-up""}, {""from"": ""No Follow-up"", ""to"": ""Lost Trust""}]",travel,0.82,"[""R-0113"", ""R-0114""]"
RC-000113,Đắt quá.,Dạ.,Missing Decision Maker — Wrong Closer,Hỏi thêm một câu trước khi phản hồi; dựng giá trị trước giá.,"[{""from"": ""No Sale"", ""to"": ""Missing Decision Maker""}, {""from"": ""Missing Decision Maker"", ""to"": ""Wrong Closer""}, {""from"": ""Wrong Closer"", ""to"": ""Stalled""}]",finance,0.83,"[""R-0114"", ""R-0115""]"
RC-000114,Để hôm khác.,Gói này đang khuyến mãi.,Feature Dump — Confused Customer,Hỏi thêm một câu trước khi phản hồi; dựng giá trị trước giá.,"[{""from"": ""No Sale"", ""to"": ""Feature Dump""}, {""from"": ""Feature Dump"", ""to"": ""Confused Customer""}, {""from"": ""Confused Customer"", ""to"": ""Exit Intent""}]",fitness,0.84,"[""R-0115"", ""R-0116""]"
RC-000115,Đắt quá.,Dạ.,Pressure Close — Angry Customer,Hỏi thêm một câu trước khi phản hồi; dựng giá trị trước giá.,"[{""from"": ""No Sale"", ""to"": ""Pressure Close""}, {""from"": ""Pressure Close"", ""to"": ""Angry Customer""}, {""from"": ""Angry Customer"", ""to"": ""Complaint Risk""}]",plumbing,0.85,"[""R-0116"", ""R-0117""]"
RC-000116,Để hôm khác.,Dạ.,Poor Discovery — Early Pricing,Hỏi thêm một câu trước khi phản hồi; dựng giá trị trước giá.,"[{""from"": ""No Sale"", ""to"": ""Poor Discovery""}, {""from"": ""Poor Discovery"", ""to"": ""Early Pricing""}, {""from"": ""Early Pricing"", ""to"": ""Weak Value""}]",repair,0.86,"[""R-0117"", ""R-0118""]"
RC-000117,Đắt quá.,Gói này đang khuyến mãi.,Ignored Objection — No Follow-up,Hỏi thêm một câu trước khi phản hồi; dựng giá trị trước giá.,"[{""from"": ""No Sale"", ""to"": ""Ignored Objection""}, {""from"": ""Ignored Objection"", ""to"": ""No Follow-up""}, {""from"": ""No Follow-up"", ""to"": ""Lost Trust""}]",camera,0.87,"[""R-0118"", ""R-0119""]"
RC-000118,Để hôm khác.,Dạ.,Missing Decision Maker — Wrong Closer,Hỏi thêm một câu trước khi phản hồi; dựng giá trị trước giá.,"[{""from"": ""No Sale"", ""to"": ""Missing Decision Maker""}, {""from"": ""Missing Decision Maker"", ""to"": ""Wrong Closer""}, {""from"": ""Wrong Closer"", ""to"": ""Stalled""}]",medical_devices,0.88,"[""R-0119"", ""R-0120""]"
RC-000119,Đắt quá.,Dạ.,Feature Dump — Confused Customer,Hỏi thêm một câu trước khi phản hồi; dựng giá trị trước giá.,"[{""from"": ""No Sale"", ""to"": ""Feature Dump""}, {""from"": ""Feature Dump"", ""to"": ""Confused Customer""}, {""from"": ""Confused Customer"", ""to"": ""Exit Intent""}]",b2b_services,0.89,"[""R-0120"", ""R-0121""]"
RC-000120,Để hôm khác.,Gói này đang khuyến mãi.,Pressure Close — Angry Customer,Hỏi thêm một câu trước khi phản hồi; dựng giá trị trước giá.,"[{""from"": ""No Sale"", ""to"": ""Pressure Close""}, {""from"": ""Pressure Close"", ""to"": ""Angry Customer""}, {""from"": ""Angry Customer"", ""to"": ""Complaint Risk""}]",real_estate,0.6,"[""R-0121"", ""R-0122""]"
RC-000121,Đắt quá.,Dạ.,Poor Discovery — Early Pricing,Hỏi thêm một câu trước khi phản hồi; dựng giá trị trước giá.,"[{""from"": ""No Sale"", ""to"": ""Poor Discovery""}, {""from"": ""Poor Discovery"", ""to"": ""Early Pricing""}, {""from"": ""Early Pricing"", ""to"": ""Weak Value""}]",spa,0.61,"[""R-0122"", ""R-0123""]"
RC-000122,Để hôm khác.,Dạ.,Ignored Objection — No Follow-up,Hỏi thêm một câu trước khi phản hồi; dựng giá trị trước giá.,"[{""from"": ""No Sale"", ""to"": ""Ignored Objection""}, {""from"": ""Ignored Objection"", ""to"": ""No Follow-up""}, {""from"": ""No Follow-up"", ""to"": ""Lost Trust""}]",dental,0.62,"[""R-0123"", ""R-0124""]"
RC-000123,Đắt quá.,Gói này đang khuyến mãi.,Missing Decision Maker — Wrong Closer,Hỏi thêm một câu trước khi phản hồi; dựng giá trị trước giá.,"[{""from"": ""No Sale"", ""to"": ""Missing Decision Maker""}, {""from"": ""Missing Decision Maker"", ""to"": ""Wrong Closer""}, {""from"": ""Wrong Closer"", ""to"": ""Stalled""}]",insurance,0.63,"[""R-0124"", ""R-0125""]"
RC-000124,Để hôm khác.,Dạ.,Feature Dump — Confused Customer,Hỏi thêm một câu trước khi phản hồi; dựng giá trị trước giá.,"[{""from"": ""No Sale"", ""to"": ""Feature Dump""}, {""from"": ""Feature Dump"", ""to"": ""Confused Customer""}, {""from"": ""Confused Customer"", ""to"": ""Exit Intent""}]",education,0.64,"[""R-0125"", ""R-0126""]"
RC-000125,Đắt quá.,Dạ.,Pressure Close — Angry Customer,Hỏi thêm một câu trước khi phản hồi; dựng giá trị trước giá.,"[{""from"": ""No Sale"", ""to"": ""Pressure Close""}, {""from"": ""Pressure Close"", ""to"": ""Angry Customer""}, {""from"": ""Angry Customer"", ""to"": ""Complaint Risk""}]",automotive,0.65,"[""R-0126"", ""R-0127""]"
RC-000126,Để hôm khác.,Gói này đang khuyến mãi.,Poor Discovery — Early Pricing,Hỏi thêm một câu trước khi phản hồi; dựng giá trị trước giá.,"[{""from"": ""No Sale"", ""to"": ""Poor Discovery""}, {""from"": ""Poor Discovery"", ""to"": ""Early Pricing""}, {""from"": ""Early Pricing"", ""to"": ""Weak Value""}]",cosmetics,0.66,"[""R-0127"", ""R-0128""]"
RC-000127,Đắt quá.,Dạ.,Ignored Objection — No Follow-up,Hỏi thêm một câu trước khi phản hồi; dựng giá trị trước giá.,"[{""from"": ""No Sale"", ""to"": ""Ignored Objection""}, {""from"": ""Ignored Objection"", ""to"": ""No Follow-up""}, {""from"": ""No Follow-up"", ""to"": ""Lost Trust""}]",home_appliances,0.67,"[""R-0128"", ""R-0129""]"
RC-000128,Để hôm khác.,Dạ.,Missing Decision Maker — Wrong Closer,Hỏi thêm một câu trước khi phản hồi; dựng giá trị trước giá.,"[{""from"": ""No Sale"", ""to"": ""Missing Decision Maker""}, {""from"": ""Missing Decision Maker"", ""to"": ""Wrong Closer""}, {""from"": ""Wrong Closer"", ""to"": ""Stalled""}]",food,0.68,"[""R-0129"", ""R-0130""]"
RC-000129,Đắt quá.,Gói này đang khuyến mãi.,Feature Dump — Confused Customer,Hỏi thêm một câu trước khi phản hồi; dựng giá trị trước giá.,"[{""from"": ""No Sale"", ""to"": ""Feature Dump""}, {""from"": ""Feature Dump"", ""to"": ""Confused Customer""}, {""from"": ""Confused Customer"", ""to"": ""Exit Intent""}]",electronics,0.69,"[""R-0130"", ""R-0131""]"
RC-000130,Để hôm khác.,Dạ.,Pressure Close — Angry Customer,Hỏi thêm một câu trước khi phản hồi; dựng giá trị trước giá.,"[{""from"": ""No Sale"", ""to"": ""Pressure Close""}, {""from"": ""Pressure Close"", ""to"": ""Angry Customer""}, {""from"": ""Angry Customer"", ""to"": ""Complaint Risk""}]",furniture,0.7,"[""R-0131"", ""R-0132""]"
RC-000131,Đắt quá.,Dạ.,Poor Discovery — Early Pricing,Hỏi thêm một câu trước khi phản hồi; dựng giá trị trước giá.,"[{""from"": ""No Sale"", ""to"": ""Poor Discovery""}, {""from"": ""Poor Discovery"", ""to"": ""Early Pricing""}, {""from"": ""Early Pricing"", ""to"": ""Weak Value""}]",logistics,0.71,"[""R-0132"", ""R-0133""]"
RC-000132,Để hôm khác.,Gói này đang khuyến mãi.,Ignored Objection — No Follow-up,Hỏi thêm một câu trước khi phản hồi; dựng giá trị trước giá.,"[{""from"": ""No Sale"", ""to"": ""Ignored Objection""}, {""from"": ""Ignored Objection"", ""to"": ""No Follow-up""}, {""from"": ""No Follow-up"", ""to"": ""Lost Trust""}]",travel,0.72,"[""R-0133"", ""R-0134""]"
RC-000133,Đắt quá.,Dạ.,Missing Decision Maker — Wrong Closer,Hỏi thêm một câu trước khi phản hồi; dựng giá trị trước giá.,"[{""from"": ""No Sale"", ""to"": ""Missing Decision Maker""}, {""from"": ""Missing Decision Maker"", ""to"": ""Wrong Closer""}, {""from"": ""Wrong Closer"", ""to"": ""Stalled""}]",finance,0.73,"[""R-0134"", ""R-0135""]"
RC-000134,Để hôm khác.,Dạ.,Feature Dump — Confused Customer,Hỏi thêm một câu trước khi phản hồi; dựng giá trị trước giá.,"[{""from"": ""No Sale"", ""to"": ""Feature Dump""}, {""from"": ""Feature Dump"", ""to"": ""Confused Customer""}, {""from"": ""Confused Customer"", ""to"": ""Exit Intent""}]",fitness,0.74,"[""R-0135"", ""R-0136""]"
RC-000135,Đắt quá.,Gói này đang khuyến mãi.,Pressure Close — Angry Customer,Hỏi thêm một câu trước khi phản hồi; dựng giá trị trước giá.,"[{""from"": ""No Sale"", ""to"": ""Pressure Close""}, {""from"": ""Pressure Close"", ""to"": ""Angry Customer""}, {""from"": ""Angry Customer"", ""to"": ""Complaint Risk""}]",plumbing,0.75,"[""R-0136"", ""R-0137""]"
RC-000136,Để hôm khác.,Dạ.,Poor Discovery — Early Pricing,Hỏi thêm một câu trước khi phản hồi; dựng giá trị trước giá.,"[{""from"": ""No Sale"", ""to"": ""Poor Discovery""}, {""from"": ""Poor Discovery"", ""to"": ""Early Pricing""}, {""from"": ""Early Pricing"", ""to"": ""Weak Value""}]",repair,0.76,"[""R-0137"", ""R-0138""]"
RC-000137,Đắt quá.,Dạ.,Ignored Objection — No Follow-up,Hỏi thêm một câu trước khi phản hồi; dựng giá trị trước giá.,"[{""from"": ""No Sale"", ""to"": ""Ignored Objection""}, {""from"": ""Ignored Objection"", ""to"": ""No Follow-up""}, {""from"": ""No Follow-up"", ""to"": ""Lost Trust""}]",camera,0.77,"[""R-0138"", ""R-0139""]"
RC-000138,Để hôm khác.,Gói này đang khuyến mãi.,Missing Decision Maker — Wrong Closer,Hỏi thêm một câu trước khi phản hồi; dựng giá trị trước giá.,"[{""from"": ""No Sale"", ""to"": ""Missing Decision Maker""}, {""from"": ""Missing Decision Maker"", ""to"": ""Wrong Closer""}, {""from"": ""Wrong Closer"", ""to"": ""Stalled""}]",medical_devices,0.78,"[""R-0139"", ""R-0140""]"
RC-000139,Đắt quá.,Dạ.,Feature Dump — Confused Customer,Hỏi thêm một câu trước khi phản hồi; dựng giá trị trước giá.,"[{""from"": ""No Sale"", ""to"": ""Feature Dump""}, {""from"": ""Feature Dump"", ""to"": ""Confused Customer""}, {""from"": ""Confused Customer"", ""to"": ""Exit Intent""}]",b2b_services,0.79,"[""R-0140"", ""R-0141""]"
RC-000140,Để hôm khác.,Dạ.,Pressure Close — Angry Customer,Hỏi thêm một câu trước khi phản hồi; dựng giá trị trước giá.,"[{""from"": ""No Sale"", ""to"": ""Pressure Close""}, {""from"": ""Pressure Close"", ""to"": ""Angry Customer""}, {""from"": ""Angry Customer"", ""to"": ""Complaint Risk""}]",real_estate,0.8,"[""R-0141"", ""R-0142""]"
RC-000141,Đắt quá.,Gói này đang khuyến mãi.,Poor Discovery — Early Pricing,Hỏi thêm một câu trước khi phản hồi; dựng giá trị trước giá.,"[{""from"": ""No Sale"", ""to"": ""Poor Discovery""}, {""from"": ""Poor Discovery"", ""to"": ""Early Pricing""}, {""from"": ""Early Pricing"", ""to"": ""Weak Value""}]",spa,0.81,"[""R-0142"", ""R-0143""]"
RC-000142,Để hôm khác.,Dạ.,Ignored Objection — No Follow-up,Hỏi thêm một câu trước khi phản hồi; dựng giá trị trước giá.,"[{""from"": ""No Sale"", ""to"": ""Ignored Objection""}, {""from"": ""Ignored Objection"", ""to"": ""No Follow-up""}, {""from"": ""No Follow-up"", ""to"": ""Lost Trust""}]",dental,0.82,"[""R-0143"", ""R-0144""]"
RC-000143,Đắt quá.,Dạ.,Missing Decision Maker — Wrong Closer,Hỏi thêm một câu trước khi phản hồi; dựng giá trị trước giá.,"[{""from"": ""No Sale"", ""to"": ""Missing Decision Maker""}, {""from"": ""Missing Decision Maker"", ""to"": ""Wrong Closer""}, {""from"": ""Wrong Closer"", ""to"": ""Stalled""}]",insurance,0.83,"[""R-0144"", ""R-0145""]"
RC-000144,Để hôm khác.,Gói này đang khuyến mãi.,Feature Dump — Confused Customer,Hỏi thêm một câu trước khi phản hồi; dựng giá trị trước giá.,"[{""from"": ""No Sale"", ""to"": ""Feature Dump""}, {""from"": ""Feature Dump"", ""to"": ""Confused Customer""}, {""from"": ""Confused Customer"", ""to"": ""Exit Intent""}]",education,0.84,"[""R-0145"", ""R-0146""]"
RC-000145,Đắt quá.,Dạ.,Pressure Close — Angry Customer,Hỏi thêm một câu trước khi phản hồi; dựng giá trị trước giá.,"[{""from"": ""No Sale"", ""to"": ""Pressure Close""}, {""from"": ""Pressure Close"", ""to"": ""Angry Customer""}, {""from"": ""Angry Customer"", ""to"": ""Complaint Risk""}]",automotive,0.85,"[""R-0146"", ""R-0147""]"
RC-000146,Để hôm khác.,Dạ.,Poor Discovery — Early Pricing,Hỏi thêm một câu trước khi phản hồi; dựng giá trị trước giá.,"[{""from"": ""No Sale"", ""to"": ""Poor Discovery""}, {""from"": ""Poor Discovery"", ""to"": ""Early Pricing""}, {""from"": ""Early Pricing"", ""to"": ""Weak Value""}]",cosmetics,0.86,"[""R-0147"", ""R-0148""]"
RC-000147,Đắt quá.,Gói này đang khuyến mãi.,Ignored Objection — No Follow-up,Hỏi thêm một câu trước khi phản hồi; dựng giá trị trước giá.,"[{""from"": ""No Sale"", ""to"": ""Ignored Objection""}, {""from"": ""Ignored Objection"", ""to"": ""No Follow-up""}, {""from"": ""No Follow-up"", ""to"": ""Lost Trust""}]",home_appliances,0.87,"[""R-0148"", ""R-0149""]"
RC-000148,Để hôm khác.,Dạ.,Missing Decision Maker — Wrong Closer,Hỏi thêm một câu trước khi phản hồi; dựng giá trị trước giá.,"[{""from"": ""No Sale"", ""to"": ""Missing Decision Maker""}, {""from"": ""Missing Decision Maker"", ""to"": ""Wrong Closer""}, {""from"": ""Wrong Closer"", ""to"": ""Stalled""}]",food,0.88,"[""R-0149"", ""R-0150""]"
RC-000149,Đắt quá.,Dạ.,Feature Dump — Confused Customer,Hỏi thêm một câu trước khi phản hồi; dựng giá trị trước giá.,"[{""from"": ""No Sale"", ""to"": ""Feature Dump""}, {""from"": ""Feature Dump"", ""to"": ""Confused Customer""}, {""from"": ""Confused Customer"", ""to"": ""Exit Intent""}]",electronics,0.89,"[""R-0150"", ""R-0151""]"
RC-000150,Để hôm khác.,Gói này đang khuyến mãi.,Pressure Close — Angry Customer,Hỏi thêm một câu trước khi phản hồi; dựng giá trị trước giá.,"[{""from"": ""No Sale"", ""to"": ""Pressure Close""}, {""from"": ""Pressure Close"", ""to"": ""Angry Customer""}, {""from"": ""Angry Customer"", ""to"": ""Complaint Risk""}]",furniture,0.6,"[""R-0151"", ""R-0152""]"
RC-000151,Đắt quá.,Dạ.,Poor Discovery — Early Pricing,Hỏi thêm một câu trước khi phản hồi; dựng giá trị trước giá.,"[{""from"": ""No Sale"", ""to"": ""Poor Discovery""}, {""from"": ""Poor Discovery"", ""to"": ""Early Pricing""}, {""from"": ""Early Pricing"", ""to"": ""Weak Value""}]",logistics,0.61,"[""R-0152"", ""R-0153""]"
RC-000152,Để hôm khác.,Dạ.,Ignored Objection — No Follow-up,Hỏi thêm một câu trước khi phản hồi; dựng giá trị trước giá.,"[{""from"": ""No Sale"", ""to"": ""Ignored Objection""}, {""from"": ""Ignored Objection"", ""to"": ""No Follow-up""}, {""from"": ""No Follow-up"", ""to"": ""Lost Trust""}]",travel,0.62,"[""R-0153"", ""R-0154""]"
RC-000153,Đắt quá.,Gói này đang khuyến mãi.,Missing Decision Maker — Wrong Closer,Hỏi thêm một câu trước khi phản hồi; dựng giá trị trước giá.,"[{""from"": ""No Sale"", ""to"": ""Missing Decision Maker""}, {""from"": ""Missing Decision Maker"", ""to"": ""Wrong Closer""}, {""from"": ""Wrong Closer"", ""to"": ""Stalled""}]",finance,0.63,"[""R-0154"", ""R-0155""]"
RC-000154,Để hôm khác.,Dạ.,Feature Dump — Confused Customer,Hỏi thêm một câu trước khi phản hồi; dựng giá trị trước giá.,"[{""from"": ""No Sale"", ""to"": ""Feature Dump""}, {""from"": ""Feature Dump"", ""to"": ""Confused Customer""}, {""from"": ""Confused Customer"", ""to"": ""Exit Intent""}]",fitness,0.64,"[""R-0155"", ""R-0156""]"
RC-000155,Đắt quá.,Dạ.,Pressure Close — Angry Customer,Hỏi thêm một câu trước khi phản hồi; dựng giá trị trước giá.,"[{""from"": ""No Sale"", ""to"": ""Pressure Close""}, {""from"": ""Pressure Close"", ""to"": ""Angry Customer""}, {""from"": ""Angry Customer"", ""to"": ""Complaint Risk""}]",plumbing,0.65,"[""R-0156"", ""R-0157""]"
RC-000156,Để hôm khác.,Gói này đang khuyến mãi.,Poor Discovery — Early Pricing,Hỏi thêm một câu trước khi phản hồi; dựng giá trị trước giá.,"[{""from"": ""No Sale"", ""to"": ""Poor Discovery""}, {""from"": ""Poor Discovery"", ""to"": ""Early Pricing""}, {""from"": ""Early Pricing"", ""to"": ""Weak Value""}]",repair,0.66,"[""R-0157"", ""R-0158""]"
RC-000157,Đắt quá.,Dạ.,Ignored Objection — No Follow-up,Hỏi thêm một câu trước khi phản hồi; dựng giá trị trước giá.,"[{""from"": ""No Sale"", ""to"": ""Ignored Objection""}, {""from"": ""Ignored Objection"", ""to"": ""No Follow-up""}, {""from"": ""No Follow-up"", ""to"": ""Lost Trust""}]",camera,0.67,"[""R-0158"", ""R-0159""]"
RC-000158,Để hôm khác.,Dạ.,Missing Decision Maker — Wrong Closer,Hỏi thêm một câu trước khi phản hồi; dựng giá trị trước giá.,"[{""from"": ""No Sale"", ""to"": ""Missing Decision Maker""}, {""from"": ""Missing Decision Maker"", ""to"": ""Wrong Closer""}, {""from"": ""Wrong Closer"", ""to"": ""Stalled""}]",medical_devices,0.68,"[""R-0159"", ""R-0160""]"
RC-000159,Đắt quá.,Gói này đang khuyến mãi.,Feature Dump — Confused Customer,Hỏi thêm một câu trước khi phản hồi; dựng giá trị trước giá.,"[{""from"": ""No Sale"", ""to"": ""Feature Dump""}, {""from"": ""Feature Dump"", ""to"": ""Confused Customer""}, {""from"": ""Confused Customer"", ""to"": ""Exit Intent""}]",b2b_services,0.69,"[""R-0160"", ""R-0161""]"
RC-000160,Để hôm khác.,Dạ.,Pressure Close — Angry Customer,Hỏi thêm một câu trước khi phản hồi; dựng giá trị trước giá.,"[{""from"": ""No Sale"", ""to"": ""Pressure Close""}, {""from"": ""Pressure Close"", ""to"": ""Angry Customer""}, {""from"": ""Angry Customer"", ""to"": ""Complaint Risk""}]",real_estate,0.7,"[""R-0161"", ""R-0162""]"
RC-000161,Đắt quá.,Dạ.,Poor Discovery — Early Pricing,Hỏi thêm một câu trước khi phản hồi; dựng giá trị trước giá.,"[{""from"": ""No Sale"", ""to"": ""Poor Discovery""}, {""from"": ""Poor Discovery"", ""to"": ""Early Pricing""}, {""from"": ""Early Pricing"", ""to"": ""Weak Value""}]",spa,0.71,"[""R-0162"", ""R-0163""]"
RC-000162,Để hôm khác.,Gói này đang khuyến mãi.,Ignored Objection — No Follow-up,Hỏi thêm một câu trước khi phản hồi; dựng giá trị trước giá.,"[{""from"": ""No Sale"", ""to"": ""Ignored Objection""}, {""from"": ""Ignored Objection"", ""to"": ""No Follow-up""}, {""from"": ""No Follow-up"", ""to"": ""Lost Trust""}]",dental,0.72,"[""R-0163"", ""R-0164""]"
RC-000163,Đắt quá.,Dạ.,Missing Decision Maker — Wrong Closer,Hỏi thêm một câu trước khi phản hồi; dựng giá trị trước giá.,"[{""from"": ""No Sale"", ""to"": ""Missing Decision Maker""}, {""from"": ""Missing Decision Maker"", ""to"": ""Wrong Closer""}, {""from"": ""Wrong Closer"", ""to"": ""Stalled""}]",insurance,0.73,"[""R-0164"", ""R-0165""]"
RC-000164,Để hôm khác.,Dạ.,Feature Dump — Confused Customer,Hỏi thêm một câu trước khi phản hồi; dựng giá trị trước giá.,"[{""from"": ""No Sale"", ""to"": ""Feature Dump""}, {""from"": ""Feature Dump"", ""to"": ""Confused Customer""}, {""from"": ""Confused Customer"", ""to"": ""Exit Intent""}]",education,0.74,"[""R-0165"", ""R-0166""]"
RC-000165,Đắt quá.,Gói này đang khuyến mãi.,Pressure Close — Angry Customer,Hỏi thêm một câu trước khi phản hồi; dựng giá trị trước giá.,"[{""from"": ""No Sale"", ""to"": ""Pressure Close""}, {""from"": ""Pressure Close"", ""to"": ""Angry Customer""}, {""from"": ""Angry Customer"", ""to"": ""Complaint Risk""}]",automotive,0.75,"[""R-0166"", ""R-0167""]"
RC-000166,Để hôm khác.,Dạ.,Poor Discovery — Early Pricing,Hỏi thêm một câu trước khi phản hồi; dựng giá trị trước giá.,"[{""from"": ""No Sale"", ""to"": ""Poor Discovery""}, {""from"": ""Poor Discovery"", ""to"": ""Early Pricing""}, {""from"": ""Early Pricing"", ""to"": ""Weak Value""}]",cosmetics,0.76,"[""R-0167"", ""R-0168""]"
RC-000167,Đắt quá.,Dạ.,Ignored Objection — No Follow-up,Hỏi thêm một câu trước khi phản hồi; dựng giá trị trước giá.,"[{""from"": ""No Sale"", ""to"": ""Ignored Objection""}, {""from"": ""Ignored Objection"", ""to"": ""No Follow-up""}, {""from"": ""No Follow-up"", ""to"": ""Lost Trust""}]",home_appliances,0.77,"[""R-0168"", ""R-0169""]"
RC-000168,Để hôm khác.,Gói này đang khuyến mãi.,Missing Decision Maker — Wrong Closer,Hỏi thêm một câu trước khi phản hồi; dựng giá trị trước giá.,"[{""from"": ""No Sale"", ""to"": ""Missing Decision Maker""}, {""from"": ""Missing Decision Maker"", ""to"": ""Wrong Closer""}, {""from"": ""Wrong Closer"", ""to"": ""Stalled""}]",food,0.78,"[""R-0169"", ""R-0170""]"
RC-000169,Đắt quá.,Dạ.,Feature Dump — Confused Customer,Hỏi thêm một câu trước khi phản hồi; dựng giá trị trước giá.,"[{""from"": ""No Sale"", ""to"": ""Feature Dump""}, {""from"": ""Feature Dump"", ""to"": ""Confused Customer""}, {""from"": ""Confused Customer"", ""to"": ""Exit Intent""}]",electronics,0.79,"[""R-0170"", ""R-0171""]"
RC-000170,Để hôm khác.,Dạ.,Pressure Close — Angry Customer,Hỏi thêm một câu trước khi phản hồi; dựng giá trị trước giá.,"[{""from"": ""No Sale"", ""to"": ""Pressure Close""}, {""from"": ""Pressure Close"", ""to"": ""Angry Customer""}, {""from"": ""Angry Customer"", ""to"": ""Complaint Risk""}]",furniture,0.8,"[""R-0171"", ""R-0172""]"
RC-000171,Đắt quá.,Gói này đang khuyến mãi.,Poor Discovery — Early Pricing,Hỏi thêm một câu trước khi phản hồi; dựng giá trị trước giá.,"[{""from"": ""No Sale"", ""to"": ""Poor Discovery""}, {""from"": ""Poor Discovery"", ""to"": ""Early Pricing""}, {""from"": ""Early Pricing"", ""to"": ""Weak Value""}]",logistics,0.81,"[""R-0172"", ""R-0173""]"
RC-000172,Để hôm khác.,Dạ.,Ignored Objection — No Follow-up,Hỏi thêm một câu trước khi phản hồi; dựng giá trị trước giá.,"[{""from"": ""No Sale"", ""to"": ""Ignored Objection""}, {""from"": ""Ignored Objection"", ""to"": ""No Follow-up""}, {""from"": ""No Follow-up"", ""to"": ""Lost Trust""}]",travel,0.82,"[""R-0173"", ""R-0174""]"
RC-000173,Đắt quá.,Dạ.,Missing Decision Maker — Wrong Closer,Hỏi thêm một câu trước khi phản hồi; dựng giá trị trước giá.,"[{""from"": ""No Sale"", ""to"": ""Missing Decision Maker""}, {""from"": ""Missing Decision Maker"", ""to"": ""Wrong Closer""}, {""from"": ""Wrong Closer"", ""to"": ""Stalled""}]",finance,0.83,"[""R-0174"", ""R-0175""]"
RC-000174,Để hôm khác.,Gói này đang khuyến mãi.,Feature Dump — Confused Customer,Hỏi thêm một câu trước khi phản hồi; dựng giá trị trước giá.,"[{""from"": ""No Sale"", ""to"": ""Feature Dump""}, {""from"": ""Feature Dump"", ""to"": ""Confused Customer""}, {""from"": ""Confused Customer"", ""to"": ""Exit Intent""}]",fitness,0.84,"[""R-0175"", ""R-0176""]"
RC-000175,Đắt quá.,Dạ.,Pressure Close — Angry Customer,Hỏi thêm một câu trước khi phản hồi; dựng giá trị trước giá.,"[{""from"": ""No Sale"", ""to"": ""Pressure Close""}, {""from"": ""Pressure Close"", ""to"": ""Angry Customer""}, {""from"": ""Angry Customer"", ""to"": ""Complaint Risk""}]",plumbing,0.85,"[""R-0176"", ""R-0177""]"
RC-000176,Để hôm khác.,Dạ.,Poor Discovery — Early Pricing,Hỏi thêm một câu trước khi phản hồi; dựng giá trị trước giá.,"[{""from"": ""No Sale"", ""to"": ""Poor Discovery""}, {""from"": ""Poor Discovery"", ""to"": ""Early Pricing""}, {""from"": ""Early Pricing"", ""to"": ""Weak Value""}]",repair,0.86,"[""R-0177"", ""R-0178""]"
RC-000177,Đắt quá.,Gói này đang khuyến mãi.,Ignored Objection — No Follow-up,Hỏi thêm một câu trước khi phản hồi; dựng giá trị trước giá.,"[{""from"": ""No Sale"", ""to"": ""Ignored Objection""}, {""from"": ""Ignored Objection"", ""to"": ""No Follow-up""}, {""from"": ""No Follow-up"", ""to"": ""Lost Trust""}]",camera,0.87,"[""R-0178"", ""R-0179""]"
RC-000178,Để hôm khác.,Dạ.,Missing Decision Maker — Wrong Closer,Hỏi thêm một câu trước khi phản hồi; dựng giá trị trước giá.,"[{""from"": ""No Sale"", ""to"": ""Missing Decision Maker""}, {""from"": ""Missing Decision Maker"", ""to"": ""Wrong Closer""}, {""from"": ""Wrong Closer"", ""to"": ""Stalled""}]",medical_devices,0.88,"[""R-0179"", ""R-0180""]"
RC-000179,Đắt quá.,Dạ.,Feature Dump — Confused Customer,Hỏi thêm một câu trước khi phản hồi; dựng giá trị trước giá.,"[{""from"": ""No Sale"", ""to"": ""Feature Dump""}, {""from"": ""Feature Dump"", ""to"": ""Confused Customer""}, {""from"": ""Confused Customer"", ""to"": ""Exit Intent""}]",b2b_services,0.89,"[""R-0180"", ""R-0181""]"
RC-000180,Để hôm khác.,Gói này đang khuyến mãi.,Pressure Close — Angry Customer,Hỏi thêm một câu trước khi phản hồi; dựng giá trị trước giá.,"[{""from"": ""No Sale"", ""to"": ""Pressure Close""}, {""from"": ""Pressure Close"", ""to"": ""Angry Customer""}, {""from"": ""Angry Customer"", ""to"": ""Complaint Risk""}]",real_estate,0.6,"[""R-0181"", ""R-0182""]"
RC-000181,Đắt quá.,Dạ.,Poor Discovery — Early Pricing,Hỏi thêm một câu trước khi phản hồi; dựng giá trị trước giá.,"[{""from"": ""No Sale"", ""to"": ""Poor Discovery""}, {""from"": ""Poor Discovery"", ""to"": ""Early Pricing""}, {""from"": ""Early Pricing"", ""to"": ""Weak Value""}]",spa,0.61,"[""R-0182"", ""R-0183""]"
RC-000182,Để hôm khác.,Dạ.,Ignored Objection — No Follow-up,Hỏi thêm một câu trước khi phản hồi; dựng giá trị trước giá.,"[{""from"": ""No Sale"", ""to"": ""Ignored Objection""}, {""from"": ""Ignored Objection"", ""to"": ""No Follow-up""}, {""from"": ""No Follow-up"", ""to"": ""Lost Trust""}]",dental,0.62,"[""R-0183"", ""R-0184""]"
RC-000183,Đắt quá.,Gói này đang khuyến mãi.,Missing Decision Maker — Wrong Closer,Hỏi thêm một câu trước khi phản hồi; dựng giá trị trước giá.,"[{""from"": ""No Sale"", ""to"": ""Missing Decision Maker""}, {""from"": ""Missing Decision Maker"", ""to"": ""Wrong Closer""}, {""from"": ""Wrong Closer"", ""to"": ""Stalled""}]",insurance,0.63,"[""R-0184"", ""R-0185""]"
RC-000184,Để hôm khác.,Dạ.,Feature Dump — Confused Customer,Hỏi thêm một câu trước khi phản hồi; dựng giá trị trước giá.,"[{""from"": ""No Sale"", ""to"": ""Feature Dump""}, {""from"": ""Feature Dump"", ""to"": ""Confused Customer""}, {""from"": ""Confused Customer"", ""to"": ""Exit Intent""}]",education,0.64,"[""R-0185"", ""R-0186""]"
RC-000185,Đắt quá.,Dạ.,Pressure Close — Angry Customer,Hỏi thêm một câu trước khi phản hồi; dựng giá trị trước giá.,"[{""from"": ""No Sale"", ""to"": ""Pressure Close""}, {""from"": ""Pressure Close"", ""to"": ""Angry Customer""}, {""from"": ""Angry Customer"", ""to"": ""Complaint Risk""}]",automotive,0.65,"[""R-0186"", ""R-0187""]"
RC-000186,Để hôm khác.,Gói này đang khuyến mãi.,Poor Discovery — Early Pricing,Hỏi thêm một câu trước khi phản hồi; dựng giá trị trước giá.,"[{""from"": ""No Sale"", ""to"": ""Poor Discovery""}, {""from"": ""Poor Discovery"", ""to"": ""Early Pricing""}, {""from"": ""Early Pricing"", ""to"": ""Weak Value""}]",cosmetics,0.66,"[""R-0187"", ""R-0188""]"
RC-000187,Đắt quá.,Dạ.,Ignored Objection — No Follow-up,Hỏi thêm một câu trước khi phản hồi; dựng giá trị trước giá.,"[{""from"": ""No Sale"", ""to"": ""Ignored Objection""}, {""from"": ""Ignored Objection"", ""to"": ""No Follow-up""}, {""from"": ""No Follow-up"", ""to"": ""Lost Trust""}]",home_appliances,0.67,"[""R-0188"", ""R-0189""]"
RC-000188,Để hôm khác.,Dạ.,Missing Decision Maker — Wrong Closer,Hỏi thêm một câu trước khi phản hồi; dựng giá trị trước giá.,"[{""from"": ""No Sale"", ""to"": ""Missing Decision Maker""}, {""from"": ""Missing Decision Maker"", ""to"": ""Wrong Closer""}, {""from"": ""Wrong Closer"", ""to"": ""Stalled""}]",food,0.68,"[""R-0189"", ""R-0190""]"
RC-000189,Đắt quá.,Gói này đang khuyến mãi.,Feature Dump — Confused Customer,Hỏi thêm một câu trước khi phản hồi; dựng giá trị trước giá.,"[{""from"": ""No Sale"", ""to"": ""Feature Dump""}, {""from"": ""Feature Dump"", ""to"": ""Confused Customer""}, {""from"": ""Confused Customer"", ""to"": ""Exit Intent""}]",electronics,0.69,"[""R-0190"", ""R-0191""]"
RC-000190,Để hôm khác.,Dạ.,Pressure Close — Angry Customer,Hỏi thêm một câu trước khi phản hồi; dựng giá trị trước giá.,"[{""from"": ""No Sale"", ""to"": ""Pressure Close""}, {""from"": ""Pressure Close"", ""to"": ""Angry Customer""}, {""from"": ""Angry Customer"", ""to"": ""Complaint Risk""}]",furniture,0.7,"[""R-0191"", ""R-0192""]"
RC-000191,Đắt quá.,Dạ.,Poor Discovery — Early Pricing,Hỏi thêm một câu trước khi phản hồi; dựng giá trị trước giá.,"[{""from"": ""No Sale"", ""to"": ""Poor Discovery""}, {""from"": ""Poor Discovery"", ""to"": ""Early Pricing""}, {""from"": ""Early Pricing"", ""to"": ""Weak Value""}]",logistics,0.71,"[""R-0192"", ""R-0193""]"
RC-000192,Để hôm khác.,Gói này đang khuyến mãi.,Ignored Objection — No Follow-up,Hỏi thêm một câu trước khi phản hồi; dựng giá trị trước giá.,"[{""from"": ""No Sale"", ""to"": ""Ignored Objection""}, {""from"": ""Ignored Objection"", ""to"": ""No Follow-up""}, {""from"": ""No Follow-up"", ""to"": ""Lost Trust""}]",travel,0.72,"[""R-0193"", ""R-0194""]"
RC-000193,Đắt quá.,Dạ.,Missing Decision Maker — Wrong Closer,Hỏi thêm một câu trước khi phản hồi; dựng giá trị trước giá.,"[{""from"": ""No Sale"", ""to"": ""Missing Decision Maker""}, {""from"": ""Missing Decision Maker"", ""to"": ""Wrong Closer""}, {""from"": ""Wrong Closer"", ""to"": ""Stalled""}]",finance,0.73,"[""R-0194"", ""R-0195""]"
RC-000194,Để hôm khác.,Dạ.,Feature Dump — Confused Customer,Hỏi thêm một câu trước khi phản hồi; dựng giá trị trước giá.,"[{""from"": ""No Sale"", ""to"": ""Feature Dump""}, {""from"": ""Feature Dump"", ""to"": ""Confused Customer""}, {""from"": ""Confused Customer"", ""to"": ""Exit Intent""}]",fitness,0.74,"[""R-0195"", ""R-0196""]"
RC-000195,Đắt quá.,Gói này đang khuyến mãi.,Pressure Close — Angry Customer,Hỏi thêm một câu trước khi phản hồi; dựng giá trị trước giá.,"[{""from"": ""No Sale"", ""to"": ""Pressure Close""}, {""from"": ""Pressure Close"", ""to"": ""Angry Customer""}, {""from"": ""Angry Customer"", ""to"": ""Complaint Risk""}]",plumbing,0.75,"[""R-0196"", ""R-0197""]"
RC-000196,Để hôm khác.,Dạ.,Poor Discovery — Early Pricing,Hỏi thêm một câu trước khi phản hồi; dựng giá trị trước giá.,"[{""from"": ""No Sale"", ""to"": ""Poor Discovery""}, {""from"": ""Poor Discovery"", ""to"": ""Early Pricing""}, {""from"": ""Early Pricing"", ""to"": ""Weak Value""}]",repair,0.76,"[""R-0197"", ""R-0198""]"
RC-000197,Đắt quá.,Dạ.,Ignored Objection — No Follow-up,Hỏi thêm một câu trước khi phản hồi; dựng giá trị trước giá.,"[{""from"": ""No Sale"", ""to"": ""Ignored Objection""}, {""from"": ""Ignored Objection"", ""to"": ""No Follow-up""}, {""from"": ""No Follow-up"", ""to"": ""Lost Trust""}]",camera,0.77,"[""R-0198"", ""R-0199""]"
RC-000198,Để hôm khác.,Gói này đang khuyến mãi.,Missing Decision Maker — Wrong Closer,Hỏi thêm một câu trước khi phản hồi; dựng giá trị trước giá.,"[{""from"": ""No Sale"", ""to"": ""Missing Decision Maker""}, {""from"": ""Missing Decision Maker"", ""to"": ""Wrong Closer""}, {""from"": ""Wrong Closer"", ""to"": ""Stalled""}]",medical_devices,0.78,"[""R-0199"", ""R-0200""]"
RC-000199,Đắt quá.,Dạ.,Feature Dump — Confused Customer,Hỏi thêm một câu trước khi phản hồi; dựng giá trị trước giá.,"[{""from"": ""No Sale"", ""to"": ""Feature Dump""}, {""from"": ""Feature Dump"", ""to"": ""Confused Customer""}, {""from"": ""Confused Customer"", ""to"": ""Exit Intent""}]",b2b_services,0.79,"[""R-0200"", ""R-0002""]"
RC-000200,Để hôm khác.,Dạ.,Pressure Close — Angry Customer,Hỏi thêm một câu trước khi phản hồi; dựng giá trị trước giá.,"[{""from"": ""No Sale"", ""to"": ""Pressure Close""}, {""from"": ""Pressure Close"", ""to"": ""Angry Customer""}, {""from"": ""Angry Customer"", ""to"": ""Complaint Risk""}]",real_estate,0.8,"[""R-0001"", ""R-0003""]"
RC-000201,Đắt quá.,Gói này đang khuyến mãi.,Poor Discovery — Early Pricing,Hỏi thêm một câu trước khi phản hồi; dựng giá trị trước giá.,"[{""from"": ""No Sale"", ""to"": ""Poor Discovery""}, {""from"": ""Poor Discovery"", ""to"": ""Early Pricing""}, {""from"": ""Early Pricing"", ""to"": ""Weak Value""}]",spa,0.81,"[""R-0002"", ""R-0004""]"
RC-000202,Để hôm khác.,Dạ.,Ignored Objection — No Follow-up,Hỏi thêm một câu trước khi phản hồi; dựng giá trị trước giá.,"[{""from"": ""No Sale"", ""to"": ""Ignored Objection""}, {""from"": ""Ignored Objection"", ""to"": ""No Follow-up""}, {""from"": ""No Follow-up"", ""to"": ""Lost Trust""}]",dental,0.82,"[""R-0003"", ""R-0005""]"
RC-000203,Đắt quá.,Dạ.,Missing Decision Maker — Wrong Closer,Hỏi thêm một câu trước khi phản hồi; dựng giá trị trước giá.,"[{""from"": ""No Sale"", ""to"": ""Missing Decision Maker""}, {""from"": ""Missing Decision Maker"", ""to"": ""Wrong Closer""}, {""from"": ""Wrong Closer"", ""to"": ""Stalled""}]",insurance,0.83,"[""R-0004"", ""R-0006""]"
RC-000204,Để hôm khác.,Gói này đang khuyến mãi.,Feature Dump — Confused Customer,Hỏi thêm một câu trước khi phản hồi; dựng giá trị trước giá.,"[{""from"": ""No Sale"", ""to"": ""Feature Dump""}, {""from"": ""Feature Dump"", ""to"": ""Confused Customer""}, {""from"": ""Confused Customer"", ""to"": ""Exit Intent""}]",education,0.84,"[""R-0005"", ""R-0007""]"
RC-000205,Đắt quá.,Dạ.,Pressure Close — Angry Customer,Hỏi thêm một câu trước khi phản hồi; dựng giá trị trước giá.,"[{""from"": ""No Sale"", ""to"": ""Pressure Close""}, {""from"": ""Pressure Close"", ""to"": ""Angry Customer""}, {""from"": ""Angry Customer"", ""to"": ""Complaint Risk""}]",automotive,0.85,"[""R-0006"", ""R-0008""]"
RC-000206,Để hôm khác.,Dạ.,Poor Discovery — Early Pricing,Hỏi thêm một câu trước khi phản hồi; dựng giá trị trước giá.,"[{""from"": ""No Sale"", ""to"": ""Poor Discovery""}, {""from"": ""Poor Discovery"", ""to"": ""Early Pricing""}, {""from"": ""Early Pricing"", ""to"": ""Weak Value""}]",cosmetics,0.86,"[""R-0007"", ""R-0009""]"
RC-000207,Đắt quá.,Gói này đang khuyến mãi.,Ignored Objection — No Follow-up,Hỏi thêm một câu trước khi phản hồi; dựng giá trị trước giá.,"[{""from"": ""No Sale"", ""to"": ""Ignored Objection""}, {""from"": ""Ignored Objection"", ""to"": ""No Follow-up""}, {""from"": ""No Follow-up"", ""to"": ""Lost Trust""}]",home_appliances,0.87,"[""R-0008"", ""R-0010""]"
RC-000208,Để hôm khác.,Dạ.,Missing Decision Maker — Wrong Closer,Hỏi thêm một câu trước khi phản hồi; dựng giá trị trước giá.,"[{""from"": ""No Sale"", ""to"": ""Missing Decision Maker""}, {""from"": ""Missing Decision Maker"", ""to"": ""Wrong Closer""}, {""from"": ""Wrong Closer"", ""to"": ""Stalled""}]",food,0.88,"[""R-0009"", ""R-0011""]"
RC-000209,Đắt quá.,Dạ.,Feature Dump — Confused Customer,Hỏi thêm một câu trước khi phản hồi; dựng giá trị trước giá.,"[{""from"": ""No Sale"", ""to"": ""Feature Dump""}, {""from"": ""Feature Dump"", ""to"": ""Confused Customer""}, {""from"": ""Confused Customer"", ""to"": ""Exit Intent""}]",electronics,0.89,"[""R-0010"", ""R-0012""]"
RC-000210,Để hôm khác.,Gói này đang khuyến mãi.,Pressure Close — Angry Customer,Hỏi thêm một câu trước khi phản hồi; dựng giá trị trước giá.,"[{""from"": ""No Sale"", ""to"": ""Pressure Close""}, {""from"": ""Pressure Close"", ""to"": ""Angry Customer""}, {""from"": ""Angry Customer"", ""to"": ""Complaint Risk""}]",furniture,0.6,"[""R-0011"", ""R-0013""]"
RC-000211,Đắt quá.,Dạ.,Poor Discovery — Early Pricing,Hỏi thêm một câu trước khi phản hồi; dựng giá trị trước giá.,"[{""from"": ""No Sale"", ""to"": ""Poor Discovery""}, {""from"": ""Poor Discovery"", ""to"": ""Early Pricing""}, {""from"": ""Early Pricing"", ""to"": ""Weak Value""}]",logistics,0.61,"[""R-0012"", ""R-0014""]"
RC-000212,Để hôm khác.,Dạ.,Ignored Objection — No Follow-up,Hỏi thêm một câu trước khi phản hồi; dựng giá trị trước giá.,"[{""from"": ""No Sale"", ""to"": ""Ignored Objection""}, {""from"": ""Ignored Objection"", ""to"": ""No Follow-up""}, {""from"": ""No Follow-up"", ""to"": ""Lost Trust""}]",travel,0.62,"[""R-0013"", ""R-0015""]"
RC-000213,Đắt quá.,Gói này đang khuyến mãi.,Missing Decision Maker — Wrong Closer,Hỏi thêm một câu trước khi phản hồi; dựng giá trị trước giá.,"[{""from"": ""No Sale"", ""to"": ""Missing Decision Maker""}, {""from"": ""Missing Decision Maker"", ""to"": ""Wrong Closer""}, {""from"": ""Wrong Closer"", ""to"": ""Stalled""}]",finance,0.63,"[""R-0014"", ""R-0016""]"
RC-000214,Để hôm khác.,Dạ.,Feature Dump — Confused Customer,Hỏi thêm một câu trước khi phản hồi; dựng giá trị trước giá.,"[{""from"": ""No Sale"", ""to"": ""Feature Dump""}, {""from"": ""Feature Dump"", ""to"": ""Confused Customer""}, {""from"": ""Confused Customer"", ""to"": ""Exit Intent""}]",fitness,0.64,"[""R-0015"", ""R-0017""]"
RC-000215,Đắt quá.,Dạ.,Pressure Close — Angry Customer,Hỏi thêm một câu trước khi phản hồi; dựng giá trị trước giá.,"[{""from"": ""No Sale"", ""to"": ""Pressure Close""}, {""from"": ""Pressure Close"", ""to"": ""Angry Customer""}, {""from"": ""Angry Customer"", ""to"": ""Complaint Risk""}]",plumbing,0.65,"[""R-0016"", ""R-0018""]"
RC-000216,Để hôm khác.,Gói này đang khuyến mãi.,Poor Discovery — Early Pricing,Hỏi thêm một câu trước khi phản hồi; dựng giá trị trước giá.,"[{""from"": ""No Sale"", ""to"": ""Poor Discovery""}, {""from"": ""Poor Discovery"", ""to"": ""Early Pricing""}, {""from"": ""Early Pricing"", ""to"": ""Weak Value""}]",repair,0.66,"[""R-0017"", ""R-0019""]"
RC-000217,Đắt quá.,Dạ.,Ignored Objection — No Follow-up,Hỏi thêm một câu trước khi phản hồi; dựng giá trị trước giá.,"[{""from"": ""No Sale"", ""to"": ""Ignored Objection""}, {""from"": ""Ignored Objection"", ""to"": ""No Follow-up""}, {""from"": ""No Follow-up"", ""to"": ""Lost Trust""}]",camera,0.67,"[""R-0018"", ""R-0020""]"
RC-000218,Để hôm khác.,Dạ.,Missing Decision Maker — Wrong Closer,Hỏi thêm một câu trước khi phản hồi; dựng giá trị trước giá.,"[{""from"": ""No Sale"", ""to"": ""Missing Decision Maker""}, {""from"": ""Missing Decision Maker"", ""to"": ""Wrong Closer""}, {""from"": ""Wrong Closer"", ""to"": ""Stalled""}]",medical_devices,0.68,"[""R-0019"", ""R-0021""]"
RC-000219,Đắt quá.,Gói này đang khuyến mãi.,Feature Dump — Confused Customer,Hỏi thêm một câu trước khi phản hồi; dựng giá trị trước giá.,"[{""from"": ""No Sale"", ""to"": ""Feature Dump""}, {""from"": ""Feature Dump"", ""to"": ""Confused Customer""}, {""from"": ""Confused Customer"", ""to"": ""Exit Intent""}]",b2b_services,0.69,"[""R-0020"", ""R-0022""]"
RC-000220,Để hôm khác.,Dạ.,Pressure Close — Angry Customer,Hỏi thêm một câu trước khi phản hồi; dựng giá trị trước giá.,"[{""from"": ""No Sale"", ""to"": ""Pressure Close""}, {""from"": ""Pressure Close"", ""to"": ""Angry Customer""}, {""from"": ""Angry Customer"", ""to"": ""Complaint Risk""}]",real_estate,0.7,"[""R-0021"", ""R-0023""]"
RC-000221,Đắt quá.,Dạ.,Poor Discovery — Early Pricing,Hỏi thêm một câu trước khi phản hồi; dựng giá trị trước giá.,"[{""from"": ""No Sale"", ""to"": ""Poor Discovery""}, {""from"": ""Poor Discovery"", ""to"": ""Early Pricing""}, {""from"": ""Early Pricing"", ""to"": ""Weak Value""}]",spa,0.71,"[""R-0022"", ""R-0024""]"
RC-000222,Để hôm khác.,Gói này đang khuyến mãi.,Ignored Objection — No Follow-up,Hỏi thêm một câu trước khi phản hồi; dựng giá trị trước giá.,"[{""from"": ""No Sale"", ""to"": ""Ignored Objection""}, {""from"": ""Ignored Objection"", ""to"": ""No Follow-up""}, {""from"": ""No Follow-up"", ""to"": ""Lost Trust""}]",dental,0.72,"[""R-0023"", ""R-0025""]"
RC-000223,Đắt quá.,Dạ.,Missing Decision Maker — Wrong Closer,Hỏi thêm một câu trước khi phản hồi; dựng giá trị trước giá.,"[{""from"": ""No Sale"", ""to"": ""Missing Decision Maker""}, {""from"": ""Missing Decision Maker"", ""to"": ""Wrong Closer""}, {""from"": ""Wrong Closer"", ""to"": ""Stalled""}]",insurance,0.73,"[""R-0024"", ""R-0026""]"
RC-000224,Để hôm khác.,Dạ.,Feature Dump — Confused Customer,Hỏi thêm một câu trước khi phản hồi; dựng giá trị trước giá.,"[{""from"": ""No Sale"", ""to"": ""Feature Dump""}, {""from"": ""Feature Dump"", ""to"": ""Confused Customer""}, {""from"": ""Confused Customer"", ""to"": ""Exit Intent""}]",education,0.74,"[""R-0025"", ""R-0027""]"
RC-000225,Đắt quá.,Gói này đang khuyến mãi.,Pressure Close — Angry Customer,Hỏi thêm một câu trước khi phản hồi; dựng giá trị trước giá.,"[{""from"": ""No Sale"", ""to"": ""Pressure Close""}, {""from"": ""Pressure Close"", ""to"": ""Angry Customer""}, {""from"": ""Angry Customer"", ""to"": ""Complaint Risk""}]",automotive,0.75,"[""R-0026"", ""R-0028""]"
RC-000226,Để hôm khác.,Dạ.,Poor Discovery — Early Pricing,Hỏi thêm một câu trước khi phản hồi; dựng giá trị trước giá.,"[{""from"": ""No Sale"", ""to"": ""Poor Discovery""}, {""from"": ""Poor Discovery"", ""to"": ""Early Pricing""}, {""from"": ""Early Pricing"", ""to"": ""Weak Value""}]",cosmetics,0.76,"[""R-0027"", ""R-0029""]"
RC-000227,Đắt quá.,Dạ.,Ignored Objection — No Follow-up,Hỏi thêm một câu trước khi phản hồi; dựng giá trị trước giá.,"[{""from"": ""No Sale"", ""to"": ""Ignored Objection""}, {""from"": ""Ignored Objection"", ""to"": ""No Follow-up""}, {""from"": ""No Follow-up"", ""to"": ""Lost Trust""}]",home_appliances,0.77,"[""R-0028"", ""R-0030""]"
RC-000228,Để hôm khác.,Gói này đang khuyến mãi.,Missing Decision Maker — Wrong Closer,Hỏi thêm một câu trước khi phản hồi; dựng giá trị trước giá.,"[{""from"": ""No Sale"", ""to"": ""Missing Decision Maker""}, {""from"": ""Missing Decision Maker"", ""to"": ""Wrong Closer""}, {""from"": ""Wrong Closer"", ""to"": ""Stalled""}]",food,0.78,"[""R-0029"", ""R-0031""]"
RC-000229,Đắt quá.,Dạ.,Feature Dump — Confused Customer,Hỏi thêm một câu trước khi phản hồi; dựng giá trị trước giá.,"[{""from"": ""No Sale"", ""to"": ""Feature Dump""}, {""from"": ""Feature Dump"", ""to"": ""Confused Customer""}, {""from"": ""Confused Customer"", ""to"": ""Exit Intent""}]",electronics,0.79,"[""R-0030"", ""R-0032""]"
RC-000230,Để hôm khác.,Dạ.,Pressure Close — Angry Customer,Hỏi thêm một câu trước khi phản hồi; dựng giá trị trước giá.,"[{""from"": ""No Sale"", ""to"": ""Pressure Close""}, {""from"": ""Pressure Close"", ""to"": ""Angry Customer""}, {""from"": ""Angry Customer"", ""to"": ""Complaint Risk""}]",furniture,0.8,"[""R-0031"", ""R-0033""]"
RC-000231,Đắt quá.,Gói này đang khuyến mãi.,Poor Discovery — Early Pricing,Hỏi thêm một câu trước khi phản hồi; dựng giá trị trước giá.,"[{""from"": ""No Sale"", ""to"": ""Poor Discovery""}, {""from"": ""Poor Discovery"", ""to"": ""Early Pricing""}, {""from"": ""Early Pricing"", ""to"": ""Weak Value""}]",logistics,0.81,"[""R-0032"", ""R-0034""]"
RC-000232,Để hôm khác.,Dạ.,Ignored Objection — No Follow-up,Hỏi thêm một câu trước khi phản hồi; dựng giá trị trước giá.,"[{""from"": ""No Sale"", ""to"": ""Ignored Objection""}, {""from"": ""Ignored Objection"", ""to"": ""No Follow-up""}, {""from"": ""No Follow-up"", ""to"": ""Lost Trust""}]",travel,0.82,"[""R-0033"", ""R-0035""]"
RC-000233,Đắt quá.,Dạ.,Missing Decision Maker — Wrong Closer,Hỏi thêm một câu trước khi phản hồi; dựng giá trị trước giá.,"[{""from"": ""No Sale"", ""to"": ""Missing Decision Maker""}, {""from"": ""Missing Decision Maker"", ""to"": ""Wrong Closer""}, {""from"": ""Wrong Closer"", ""to"": ""Stalled""}]",finance,0.83,"[""R-0034"", ""R-0036""]"
RC-000234,Để hôm khác.,Gói này đang khuyến mãi.,Feature Dump — Confused Customer,Hỏi thêm một câu trước khi phản hồi; dựng giá trị trước giá.,"[{""from"": ""No Sale"", ""to"": ""Feature Dump""}, {""from"": ""Feature Dump"", ""to"": ""Confused Customer""}, {""from"": ""Confused Customer"", ""to"": ""Exit Intent""}]",fitness,0.84,"[""R-0035"", ""R-0037""]"
RC-000235,Đắt quá.,Dạ.,Pressure Close — Angry Customer,Hỏi thêm một câu trước khi phản hồi; dựng giá trị trước giá.,"[{""from"": ""No Sale"", ""to"": ""Pressure Close""}, {""from"": ""Pressure Close"", ""to"": ""Angry Customer""}, {""from"": ""Angry Customer"", ""to"": ""Complaint Risk""}]",plumbing,0.85,"[""R-0036"", ""R-0038""]"
RC-000236,Để hôm khác.,Dạ.,Poor Discovery — Early Pricing,Hỏi thêm một câu trước khi phản hồi; dựng giá trị trước giá.,"[{""from"": ""No Sale"", ""to"": ""Poor Discovery""}, {""from"": ""Poor Discovery"", ""to"": ""Early Pricing""}, {""from"": ""Early Pricing"", ""to"": ""Weak Value""}]",repair,0.86,"[""R-0037"", ""R-0039""]"
RC-000237,Đắt quá.,Gói này đang khuyến mãi.,Ignored Objection — No Follow-up,Hỏi thêm một câu trước khi phản hồi; dựng giá trị trước giá.,"[{""from"": ""No Sale"", ""to"": ""Ignored Objection""}, {""from"": ""Ignored Objection"", ""to"": ""No Follow-up""}, {""from"": ""No Follow-up"", ""to"": ""Lost Trust""}]",camera,0.87,"[""R-0038"", ""R-0040""]"
RC-000238,Để hôm khác.,Dạ.,Missing Decision Maker — Wrong Closer,Hỏi thêm một câu trước khi phản hồi; dựng giá trị trước giá.,"[{""from"": ""No Sale"", ""to"": ""Missing Decision Maker""}, {""from"": ""Missing Decision Maker"", ""to"": ""Wrong Closer""}, {""from"": ""Wrong Closer"", ""to"": ""Stalled""}]",medical_devices,0.88,"[""R-0039"", ""R-0041""]"
RC-000239,Đắt quá.,Dạ.,Feature Dump — Confused Customer,Hỏi thêm một câu trước khi phản hồi; dựng giá trị trước giá.,"[{""from"": ""No Sale"", ""to"": ""Feature Dump""}, {""from"": ""Feature Dump"", ""to"": ""Confused Customer""}, {""from"": ""Confused Customer"", ""to"": ""Exit Intent""}]",b2b_services,0.89,"[""R-0040"", ""R-0042""]"
RC-000240,Để hôm khác.,Gói này đang khuyến mãi.,Pressure Close — Angry Customer,Hỏi thêm một câu trước khi phản hồi; dựng giá trị trước giá.,"[{""from"": ""No Sale"", ""to"": ""Pressure Close""}, {""from"": ""Pressure Close"", ""to"": ""Angry Customer""}, {""from"": ""Angry Customer"", ""to"": ""Complaint Risk""}]",real_estate,0.6,"[""R-0041"", ""R-0043""]"
RC-000241,Đắt quá.,Dạ.,Poor Discovery — Early Pricing,Hỏi thêm một câu trước khi phản hồi; dựng giá trị trước giá.,"[{""from"": ""No Sale"", ""to"": ""Poor Discovery""}, {""from"": ""Poor Discovery"", ""to"": ""Early Pricing""}, {""from"": ""Early Pricing"", ""to"": ""Weak Value""}]",spa,0.61,"[""R-0042"", ""R-0044""]"
RC-000242,Để hôm khác.,Dạ.,Ignored Objection — No Follow-up,Hỏi thêm một câu trước khi phản hồi; dựng giá trị trước giá.,"[{""from"": ""No Sale"", ""to"": ""Ignored Objection""}, {""from"": ""Ignored Objection"", ""to"": ""No Follow-up""}, {""from"": ""No Follow-up"", ""to"": ""Lost Trust""}]",dental,0.62,"[""R-0043"", ""R-0045""]"
RC-000243,Đắt quá.,Gói này đang khuyến mãi.,Missing Decision Maker — Wrong Closer,Hỏi thêm một câu trước khi phản hồi; dựng giá trị trước giá.,"[{""from"": ""No Sale"", ""to"": ""Missing Decision Maker""}, {""from"": ""Missing Decision Maker"", ""to"": ""Wrong Closer""}, {""from"": ""Wrong Closer"", ""to"": ""Stalled""}]",insurance,0.63,"[""R-0044"", ""R-0046""]"
RC-000244,Để hôm khác.,Dạ.,Feature Dump — Confused Customer,Hỏi thêm một câu trước khi phản hồi; dựng giá trị trước giá.,"[{""from"": ""No Sale"", ""to"": ""Feature Dump""}, {""from"": ""Feature Dump"", ""to"": ""Confused Customer""}, {""from"": ""Confused Customer"", ""to"": ""Exit Intent""}]",education,0.64,"[""R-0045"", ""R-0047""]"
RC-000245,Đắt quá.,Dạ.,Pressure Close — Angry Customer,Hỏi thêm một câu trước khi phản hồi; dựng giá trị trước giá.,"[{""from"": ""No Sale"", ""to"": ""Pressure Close""}, {""from"": ""Pressure Close"", ""to"": ""Angry Customer""}, {""from"": ""Angry Customer"", ""to"": ""Complaint Risk""}]",automotive,0.65,"[""R-0046"", ""R-0048""]"
RC-000246,Để hôm khác.,Gói này đang khuyến mãi.,Poor Discovery — Early Pricing,Hỏi thêm một câu trước khi phản hồi; dựng giá trị trước giá.,"[{""from"": ""No Sale"", ""to"": ""Poor Discovery""}, {""from"": ""Poor Discovery"", ""to"": ""Early Pricing""}, {""from"": ""Early Pricing"", ""to"": ""Weak Value""}]",cosmetics,0.66,"[""R-0047"", ""R-0049""]"
RC-000247,Đắt quá.,Dạ.,Ignored Objection — No Follow-up,Hỏi thêm một câu trước khi phản hồi; dựng giá trị trước giá.,"[{""from"": ""No Sale"", ""to"": ""Ignored Objection""}, {""from"": ""Ignored Objection"", ""to"": ""No Follow-up""}, {""from"": ""No Follow-up"", ""to"": ""Lost Trust""}]",home_appliances,0.67,"[""R-0048"", ""R-0050""]"
RC-000248,Để hôm khác.,Dạ.,Missing Decision Maker — Wrong Closer,Hỏi thêm một câu trước khi phản hồi; dựng giá trị trước giá.,"[{""from"": ""No Sale"", ""to"": ""Missing Decision Maker""}, {""from"": ""Missing Decision Maker"", ""to"": ""Wrong Closer""}, {""from"": ""Wrong Closer"", ""to"": ""Stalled""}]",food,0.68,"[""R-0049"", ""R-0051""]"
RC-000249,Đắt quá.,Gói này đang khuyến mãi.,Feature Dump — Confused Customer,Hỏi thêm một câu trước khi phản hồi; dựng giá trị trước giá.,"[{""from"": ""No Sale"", ""to"": ""Feature Dump""}, {""from"": ""Feature Dump"", ""to"": ""Confused Customer""}, {""from"": ""Confused Customer"", ""to"": ""Exit Intent""}]",electronics,0.69,"[""R-0050"", ""R-0052""]"
RC-000250,Để hôm khác.,Dạ.,Pressure Close — Angry Customer,Hỏi thêm một câu trước khi phản hồi; dựng giá trị trước giá.,"[{""from"": ""No Sale"", ""to"": ""Pressure Close""}, {""from"": ""Pressure Close"", ""to"": ""Angry Customer""}, {""from"": ""Angry Customer"", ""to"": ""Complaint Risk""}]",furniture,0.7,"[""R-0051"", ""R-0053""]"
RC-000251,Đắt quá.,Dạ.,Poor Discovery — Early Pricing,Hỏi thêm một câu trước khi phản hồi; dựng giá trị trước giá.,"[{""from"": ""No Sale"", ""to"": ""Poor Discovery""}, {""from"": ""Poor Discovery"", ""to"": ""Early Pricing""}, {""from"": ""Early Pricing"", ""to"": ""Weak Value""}]",logistics,0.71,"[""R-0052"", ""R-0054""]"
RC-000252,Để hôm khác.,Gói này đang khuyến mãi.,Ignored Objection — No Follow-up,Hỏi thêm một câu trước khi phản hồi; dựng giá trị trước giá.,"[{""from"": ""No Sale"", ""to"": ""Ignored Objection""}, {""from"": ""Ignored Objection"", ""to"": ""No Follow-up""}, {""from"": ""No Follow-up"", ""to"": ""Lost Trust""}]",travel,0.72,"[""R-0053"", ""R-0055""]"
RC-000253,Đắt quá.,Dạ.,Missing Decision Maker — Wrong Closer,Hỏi thêm một câu trước khi phản hồi; dựng giá trị trước giá.,"[{""from"": ""No Sale"", ""to"": ""Missing Decision Maker""}, {""from"": ""Missing Decision Maker"", ""to"": ""Wrong Closer""}, {""from"": ""Wrong Closer"", ""to"": ""Stalled""}]",finance,0.73,"[""R-0054"", ""R-0056""]"
RC-000254,Để hôm khác.,Dạ.,Feature Dump — Confused Customer,Hỏi thêm một câu trước khi phản hồi; dựng giá trị trước giá.,"[{""from"": ""No Sale"", ""to"": ""Feature Dump""}, {""from"": ""Feature Dump"", ""to"": ""Confused Customer""}, {""from"": ""Confused Customer"", ""to"": ""Exit Intent""}]",fitness,0.74,"[""R-0055"", ""R-0057""]"
RC-000255,Đắt quá.,Gói này đang khuyến mãi.,Pressure Close — Angry Customer,Hỏi thêm một câu trước khi phản hồi; dựng giá trị trước giá.,"[{""from"": ""No Sale"", ""to"": ""Pressure Close""}, {""from"": ""Pressure Close"", ""to"": ""Angry Customer""}, {""from"": ""Angry Customer"", ""to"": ""Complaint Risk""}]",plumbing,0.75,"[""R-0056"", ""R-0058""]"
RC-000256,Để hôm khác.,Dạ.,Poor Discovery — Early Pricing,Hỏi thêm một câu trước khi phản hồi; dựng giá trị trước giá.,"[{""from"": ""No Sale"", ""to"": ""Poor Discovery""}, {""from"": ""Poor Discovery"", ""to"": ""Early Pricing""}, {""from"": ""Early Pricing"", ""to"": ""Weak Value""}]",repair,0.76,"[""R-0057"", ""R-0059""]"
RC-000257,Đắt quá.,Dạ.,Ignored Objection — No Follow-up,Hỏi thêm một câu trước khi phản hồi; dựng giá trị trước giá.,"[{""from"": ""No Sale"", ""to"": ""Ignored Objection""}, {""from"": ""Ignored Objection"", ""to"": ""No Follow-up""}, {""from"": ""No Follow-up"", ""to"": ""Lost Trust""}]",camera,0.77,"[""R-0058"", ""R-0060""]"
RC-000258,Để hôm khác.,Gói này đang khuyến mãi.,Missing Decision Maker — Wrong Closer,Hỏi thêm một câu trước khi phản hồi; dựng giá trị trước giá.,"[{""from"": ""No Sale"", ""to"": ""Missing Decision Maker""}, {""from"": ""Missing Decision Maker"", ""to"": ""Wrong Closer""}, {""from"": ""Wrong Closer"", ""to"": ""Stalled""}]",medical_devices,0.78,"[""R-0059"", ""R-0061""]"
RC-000259,Đắt quá.,Dạ.,Feature Dump — Confused Customer,Hỏi thêm một câu trước khi phản hồi; dựng giá trị trước giá.,"[{""from"": ""No Sale"", ""to"": ""Feature Dump""}, {""from"": ""Feature Dump"", ""to"": ""Confused Customer""}, {""from"": ""Confused Customer"", ""to"": ""Exit Intent""}]",b2b_services,0.79,"[""R-0060"", ""R-0062""]"
RC-000260,Để hôm khác.,Dạ.,Pressure Close — Angry Customer,Hỏi thêm một câu trước khi phản hồi; dựng giá trị trước giá.,"[{""from"": ""No Sale"", ""to"": ""Pressure Close""}, {""from"": ""Pressure Close"", ""to"": ""Angry Customer""}, {""from"": ""Angry Customer"", ""to"": ""Complaint Risk""}]",real_estate,0.8,"[""R-0061"", ""R-0063""]"
RC-000261,Đắt quá.,Gói này đang khuyến mãi.,Poor Discovery — Early Pricing,Hỏi thêm một câu trước khi phản hồi; dựng giá trị trước giá.,"[{""from"": ""No Sale"", ""to"": ""Poor Discovery""}, {""from"": ""Poor Discovery"", ""to"": ""Early Pricing""}, {""from"": ""Early Pricing"", ""to"": ""Weak Value""}]",spa,0.81,"[""R-0062"", ""R-0064""]"
RC-000262,Để hôm khác.,Dạ.,Ignored Objection — No Follow-up,Hỏi thêm một câu trước khi phản hồi; dựng giá trị trước giá.,"[{""from"": ""No Sale"", ""to"": ""Ignored Objection""}, {""from"": ""Ignored Objection"", ""to"": ""No Follow-up""}, {""from"": ""No Follow-up"", ""to"": ""Lost Trust""}]",dental,0.82,"[""R-0063"", ""R-0065""]"
RC-000263,Đắt quá.,Dạ.,Missing Decision Maker — Wrong Closer,Hỏi thêm một câu trước khi phản hồi; dựng giá trị trước giá.,"[{""from"": ""No Sale"", ""to"": ""Missing Decision Maker""}, {""from"": ""Missing Decision Maker"", ""to"": ""Wrong Closer""}, {""from"": ""Wrong Closer"", ""to"": ""Stalled""}]",insurance,0.83,"[""R-0064"", ""R-0066""]"
RC-000264,Để hôm khác.,Gói này đang khuyến mãi.,Feature Dump — Confused Customer,Hỏi thêm một câu trước khi phản hồi; dựng giá trị trước giá.,"[{""from"": ""No Sale"", ""to"": ""Feature Dump""}, {""from"": ""Feature Dump"", ""to"": ""Confused Customer""}, {""from"": ""Confused Customer"", ""to"": ""Exit Intent""}]",education,0.84,"[""R-0065"", ""R-0067""]"
RC-000265,Đắt quá.,Dạ.,Pressure Close — Angry Customer,Hỏi thêm một câu trước khi phản hồi; dựng giá trị trước giá.,"[{""from"": ""No Sale"", ""to"": ""Pressure Close""}, {""from"": ""Pressure Close"", ""to"": ""Angry Customer""}, {""from"": ""Angry Customer"", ""to"": ""Complaint Risk""}]",automotive,0.85,"[""R-0066"", ""R-0068""]"
RC-000266,Để hôm khác.,Dạ.,Poor Discovery — Early Pricing,Hỏi thêm một câu trước khi phản hồi; dựng giá trị trước giá.,"[{""from"": ""No Sale"", ""to"": ""Poor Discovery""}, {""from"": ""Poor Discovery"", ""to"": ""Early Pricing""}, {""from"": ""Early Pricing"", ""to"": ""Weak Value""}]",cosmetics,0.86,"[""R-0067"", ""R-0069""]"
RC-000267,Đắt quá.,Gói này đang khuyến mãi.,Ignored Objection — No Follow-up,Hỏi thêm một câu trước khi phản hồi; dựng giá trị trước giá.,"[{""from"": ""No Sale"", ""to"": ""Ignored Objection""}, {""from"": ""Ignored Objection"", ""to"": ""No Follow-up""}, {""from"": ""No Follow-up"", ""to"": ""Lost Trust""}]",home_appliances,0.87,"[""R-0068"", ""R-0070""]"
RC-000268,Để hôm khác.,Dạ.,Missing Decision Maker — Wrong Closer,Hỏi thêm một câu trước khi phản hồi; dựng giá trị trước giá.,"[{""from"": ""No Sale"", ""to"": ""Missing Decision Maker""}, {""from"": ""Missing Decision Maker"", ""to"": ""Wrong Closer""}, {""from"": ""Wrong Closer"", ""to"": ""Stalled""}]",food,0.88,"[""R-0069"", ""R-0071""]"
RC-000269,Đắt quá.,Dạ.,Feature Dump — Confused Customer,Hỏi thêm một câu trước khi phản hồi; dựng giá trị trước giá.,"[{""from"": ""No Sale"", ""to"": ""Feature Dump""}, {""from"": ""Feature Dump"", ""to"": ""Confused Customer""}, {""from"": ""Confused Customer"", ""to"": ""Exit Intent""}]",electronics,0.89,"[""R-0070"", ""R-0072""]"
RC-000270,Để hôm khác.,Gói này đang khuyến mãi.,Pressure Close — Angry Customer,Hỏi thêm một câu trước khi phản hồi; dựng giá trị trước giá.,"[{""from"": ""No Sale"", ""to"": ""Pressure Close""}, {""from"": ""Pressure Close"", ""to"": ""Angry Customer""}, {""from"": ""Angry Customer"", ""to"": ""Complaint Risk""}]",furniture,0.6,"[""R-0071"", ""R-0073""]"
RC-000271,Đắt quá.,Dạ.,Poor Discovery — Early Pricing,Hỏi thêm một câu trước khi phản hồi; dựng giá trị trước giá.,"[{""from"": ""No Sale"", ""to"": ""Poor Discovery""}, {""from"": ""Poor Discovery"", ""to"": ""Early Pricing""}, {""from"": ""Early Pricing"", ""to"": ""Weak Value""}]",logistics,0.61,"[""R-0072"", ""R-0074""]"
RC-000272,Để hôm khác.,Dạ.,Ignored Objection — No Follow-up,Hỏi thêm một câu trước khi phản hồi; dựng giá trị trước giá.,"[{""from"": ""No Sale"", ""to"": ""Ignored Objection""}, {""from"": ""Ignored Objection"", ""to"": ""No Follow-up""}, {""from"": ""No Follow-up"", ""to"": ""Lost Trust""}]",travel,0.62,"[""R-0073"", ""R-0075""]"
RC-000273,Đắt quá.,Gói này đang khuyến mãi.,Missing Decision Maker — Wrong Closer,Hỏi thêm một câu trước khi phản hồi; dựng giá trị trước giá.,"[{""from"": ""No Sale"", ""to"": ""Missing Decision Maker""}, {""from"": ""Missing Decision Maker"", ""to"": ""Wrong Closer""}, {""from"": ""Wrong Closer"", ""to"": ""Stalled""}]",finance,0.63,"[""R-0074"", ""R-0076""]"
RC-000274,Để hôm khác.,Dạ.,Feature Dump — Confused Customer,Hỏi thêm một câu trước khi phản hồi; dựng giá trị trước giá.,"[{""from"": ""No Sale"", ""to"": ""Feature Dump""}, {""from"": ""Feature Dump"", ""to"": ""Confused Customer""}, {""from"": ""Confused Customer"", ""to"": ""Exit Intent""}]",fitness,0.64,"[""R-0075"", ""R-0077""]"
RC-000275,Đắt quá.,Dạ.,Pressure Close — Angry Customer,Hỏi thêm một câu trước khi phản hồi; dựng giá trị trước giá.,"[{""from"": ""No Sale"", ""to"": ""Pressure Close""}, {""from"": ""Pressure Close"", ""to"": ""Angry Customer""}, {""from"": ""Angry Customer"", ""to"": ""Complaint Risk""}]",plumbing,0.65,"[""R-0076"", ""R-0078""]"
RC-000276,Để hôm khác.,Gói này đang khuyến mãi.,Poor Discovery — Early Pricing,Hỏi thêm một câu trước khi phản hồi; dựng giá trị trước giá.,"[{""from"": ""No Sale"", ""to"": ""Poor Discovery""}, {""from"": ""Poor Discovery"", ""to"": ""Early Pricing""}, {""from"": ""Early Pricing"", ""to"": ""Weak Value""}]",repair,0.66,"[""R-0077"", ""R-0079""]"
RC-000277,Đắt quá.,Dạ.,Ignored Objection — No Follow-up,Hỏi thêm một câu trước khi phản hồi; dựng giá trị trước giá.,"[{""from"": ""No Sale"", ""to"": ""Ignored Objection""}, {""from"": ""Ignored Objection"", ""to"": ""No Follow-up""}, {""from"": ""No Follow-up"", ""to"": ""Lost Trust""}]",camera,0.67,"[""R-0078"", ""R-0080""]"
RC-000278,Để hôm khác.,Dạ.,Missing Decision Maker — Wrong Closer,Hỏi thêm một câu trước khi phản hồi; dựng giá trị trước giá.,"[{""from"": ""No Sale"", ""to"": ""Missing Decision Maker""}, {""from"": ""Missing Decision Maker"", ""to"": ""Wrong Closer""}, {""from"": ""Wrong Closer"", ""to"": ""Stalled""}]",medical_devices,0.68,"[""R-0079"", ""R-0081""]"
RC-000279,Đắt quá.,Gói này đang khuyến mãi.,Feature Dump — Confused Customer,Hỏi thêm một câu trước khi phản hồi; dựng giá trị trước giá.,"[{""from"": ""No Sale"", ""to"": ""Feature Dump""}, {""from"": ""Feature Dump"", ""to"": ""Confused Customer""}, {""from"": ""Confused Customer"", ""to"": ""Exit Intent""}]",b2b_services,0.69,"[""R-0080"", ""R-0082""]"
RC-000280,Để hôm khác.,Dạ.,Pressure Close — Angry Customer,Hỏi thêm một câu trước khi phản hồi; dựng giá trị trước giá.,"[{""from"": ""No Sale"", ""to"": ""Pressure Close""}, {""from"": ""Pressure Close"", ""to"": ""Angry Customer""}, {""from"": ""Angry Customer"", ""to"": ""Complaint Risk""}]",real_estate,0.7,"[""R-0081"", ""R-0083""]"
RC-000281,Đắt quá.,Dạ.,Poor Discovery — Early Pricing,Hỏi thêm một câu trước khi phản hồi; dựng giá trị trước giá.,"[{""from"": ""No Sale"", ""to"": ""Poor Discovery""}, {""from"": ""Poor Discovery"", ""to"": ""Early Pricing""}, {""from"": ""Early Pricing"", ""to"": ""Weak Value""}]",spa,0.71,"[""R-0082"", ""R-0084""]"
RC-000282,Để hôm khác.,Gói này đang khuyến mãi.,Ignored Objection — No Follow-up,Hỏi thêm một câu trước khi phản hồi; dựng giá trị trước giá.,"[{""from"": ""No Sale"", ""to"": ""Ignored Objection""}, {""from"": ""Ignored Objection"", ""to"": ""No Follow-up""}, {""from"": ""No Follow-up"", ""to"": ""Lost Trust""}]",dental,0.72,"[""R-0083"", ""R-0085""]"
RC-000283,Đắt quá.,Dạ.,Missing Decision Maker — Wrong Closer,Hỏi thêm một câu trước khi phản hồi; dựng giá trị trước giá.,"[{""from"": ""No Sale"", ""to"": ""Missing Decision Maker""}, {""from"": ""Missing Decision Maker"", ""to"": ""Wrong Closer""}, {""from"": ""Wrong Closer"", ""to"": ""Stalled""}]",insurance,0.73,"[""R-0084"", ""R-0086""]"
RC-000284,Để hôm khác.,Dạ.,Feature Dump — Confused Customer,Hỏi thêm một câu trước khi phản hồi; dựng giá trị trước giá.,"[{""from"": ""No Sale"", ""to"": ""Feature Dump""}, {""from"": ""Feature Dump"", ""to"": ""Confused Customer""}, {""from"": ""Confused Customer"", ""to"": ""Exit Intent""}]",education,0.74,"[""R-0085"", ""R-0087""]"
RC-000285,Đắt quá.,Gói này đang khuyến mãi.,Pressure Close — Angry Customer,Hỏi thêm một câu trước khi phản hồi; dựng giá trị trước giá.,"[{""from"": ""No Sale"", ""to"": ""Pressure Close""}, {""from"": ""Pressure Close"", ""to"": ""Angry Customer""}, {""from"": ""Angry Customer"", ""to"": ""Complaint Risk""}]",automotive,0.75,"[""R-0086"", ""R-0088""]"
RC-000286,Để hôm khác.,Dạ.,Poor Discovery — Early Pricing,Hỏi thêm một câu trước khi phản hồi; dựng giá trị trước giá.,"[{""from"": ""No Sale"", ""to"": ""Poor Discovery""}, {""from"": ""Poor Discovery"", ""to"": ""Early Pricing""}, {""from"": ""Early Pricing"", ""to"": ""Weak Value""}]",cosmetics,0.76,"[""R-0087"", ""R-0089""]"
RC-000287,Đắt quá.,Dạ.,Ignored Objection — No Follow-up,Hỏi thêm một câu trước khi phản hồi; dựng giá trị trước giá.,"[{""from"": ""No Sale"", ""to"": ""Ignored Objection""}, {""from"": ""Ignored Objection"", ""to"": ""No Follow-up""}, {""from"": ""No Follow-up"", ""to"": ""Lost Trust""}]",home_appliances,0.77,"[""R-0088"", ""R-0090""]"
RC-000288,Để hôm khác.,Gói này đang khuyến mãi.,Missing Decision Maker — Wrong Closer,Hỏi thêm một câu trước khi phản hồi; dựng giá trị trước giá.,"[{""from"": ""No Sale"", ""to"": ""Missing Decision Maker""}, {""from"": ""Missing Decision Maker"", ""to"": ""Wrong Closer""}, {""from"": ""Wrong Closer"", ""to"": ""Stalled""}]",food,0.78,"[""R-0089"", ""R-0091""]"
RC-000289,Đắt quá.,Dạ.,Feature Dump — Confused Customer,Hỏi thêm một câu trước khi phản hồi; dựng giá trị trước giá.,"[{""from"": ""No Sale"", ""to"": ""Feature Dump""}, {""from"": ""Feature Dump"", ""to"": ""Confused Customer""}, {""from"": ""Confused Customer"", ""to"": ""Exit Intent""}]",electronics,0.79,"[""R-0090"", ""R-0092""]"
RC-000290,Để hôm khác.,Dạ.,Pressure Close — Angry Customer,Hỏi thêm một câu trước khi phản hồi; dựng giá trị trước giá.,"[{""from"": ""No Sale"", ""to"": ""Pressure Close""}, {""from"": ""Pressure Close"", ""to"": ""Angry Customer""}, {""from"": ""Angry Customer"", ""to"": ""Complaint Risk""}]",furniture,0.8,"[""R-0091"", ""R-0093""]"
RC-000291,Đắt quá.,Gói này đang khuyến mãi.,Poor Discovery — Early Pricing,Hỏi thêm một câu trước khi phản hồi; dựng giá trị trước giá.,"[{""from"": ""No Sale"", ""to"": ""Poor Discovery""}, {""from"": ""Poor Discovery"", ""to"": ""Early Pricing""}, {""from"": ""Early Pricing"", ""to"": ""Weak Value""}]",logistics,0.81,"[""R-0092"", ""R-0094""]"
RC-000292,Để hôm khác.,Dạ.,Ignored Objection — No Follow-up,Hỏi thêm một câu trước khi phản hồi; dựng giá trị trước giá.,"[{""from"": ""No Sale"", ""to"": ""Ignored Objection""}, {""from"": ""Ignored Objection"", ""to"": ""No Follow-up""}, {""from"": ""No Follow-up"", ""to"": ""Lost Trust""}]",travel,0.82,"[""R-0093"", ""R-0095""]"
RC-000293,Đắt quá.,Dạ.,Missing Decision Maker — Wrong Closer,Hỏi thêm một câu trước khi phản hồi; dựng giá trị trước giá.,"[{""from"": ""No Sale"", ""to"": ""Missing Decision Maker""}, {""from"": ""Missing Decision Maker"", ""to"": ""Wrong Closer""}, {""from"": ""Wrong Closer"", ""to"": ""Stalled""}]",finance,0.83,"[""R-0094"", ""R-0096""]"
RC-000294,Để hôm khác.,Gói này đang khuyến mãi.,Feature Dump — Confused Customer,Hỏi thêm một câu trước khi phản hồi; dựng giá trị trước giá.,"[{""from"": ""No Sale"", ""to"": ""Feature Dump""}, {""from"": ""Feature Dump"", ""to"": ""Confused Customer""}, {""from"": ""Confused Customer"", ""to"": ""Exit Intent""}]",fitness,0.84,"[""R-0095"", ""R-0097""]"
RC-000295,Đắt quá.,Dạ.,Pressure Close — Angry Customer,Hỏi thêm một câu trước khi phản hồi; dựng giá trị trước giá.,"[{""from"": ""No Sale"", ""to"": ""Pressure Close""}, {""from"": ""Pressure Close"", ""to"": ""Angry Customer""}, {""from"": ""Angry Customer"", ""to"": ""Complaint Risk""}]",plumbing,0.85,"[""R-0096"", ""R-0098""]"
RC-000296,Để hôm khác.,Dạ.,Poor Discovery — Early Pricing,Hỏi thêm một câu trước khi phản hồi; dựng giá trị trước giá.,"[{""from"": ""No Sale"", ""to"": ""Poor Discovery""}, {""from"": ""Poor Discovery"", ""to"": ""Early Pricing""}, {""from"": ""Early Pricing"", ""to"": ""Weak Value""}]",repair,0.86,"[""R-0097"", ""R-0099""]"
RC-000297,Đắt quá.,Gói này đang khuyến mãi.,Ignored Objection — No Follow-up,Hỏi thêm một câu trước khi phản hồi; dựng giá trị trước giá.,"[{""from"": ""No Sale"", ""to"": ""Ignored Objection""}, {""from"": ""Ignored Objection"", ""to"": ""No Follow-up""}, {""from"": ""No Follow-up"", ""to"": ""Lost Trust""}]",camera,0.87,"[""R-0098"", ""R-0100""]"
RC-000298,Để hôm khác.,Dạ.,Missing Decision Maker — Wrong Closer,Hỏi thêm một câu trước khi phản hồi; dựng giá trị trước giá.,"[{""from"": ""No Sale"", ""to"": ""Missing Decision Maker""}, {""from"": ""Missing Decision Maker"", ""to"": ""Wrong Closer""}, {""from"": ""Wrong Closer"", ""to"": ""Stalled""}]",medical_devices,0.88,"[""R-0099"", ""R-0101""]"
RC-000299,Đắt quá.,Dạ.,Feature Dump — Confused Customer,Hỏi thêm một câu trước khi phản hồi; dựng giá trị trước giá.,"[{""from"": ""No Sale"", ""to"": ""Feature Dump""}, {""from"": ""Feature Dump"", ""to"": ""Confused Customer""}, {""from"": ""Confused Customer"", ""to"": ""Exit Intent""}]",b2b_services,0.89,"[""R-0100"", ""R-0102""]"
RC-000300,Để hôm khác.,Gói này đang khuyến mãi.,Pressure Close — Angry Customer,Hỏi thêm một câu trước khi phản hồi; dựng giá trị trước giá.,"[{""from"": ""No Sale"", ""to"": ""Pressure Close""}, {""from"": ""Pressure Close"", ""to"": ""Angry Customer""}, {""from"": ""Angry Customer"", ""to"": ""Complaint Risk""}]",real_estate,0.6,"[""R-0101"", ""R-0103""]"
RC-000301,Đắt quá.,Dạ.,Poor Discovery — Early Pricing,Hỏi thêm một câu trước khi phản hồi; dựng giá trị trước giá.,"[{""from"": ""No Sale"", ""to"": ""Poor Discovery""}, {""from"": ""Poor Discovery"", ""to"": ""Early Pricing""}, {""from"": ""Early Pricing"", ""to"": ""Weak Value""}]",spa,0.61,"[""R-0102"", ""R-0104""]"
RC-000302,Để hôm khác.,Dạ.,Ignored Objection — No Follow-up,Hỏi thêm một câu trước khi phản hồi; dựng giá trị trước giá.,"[{""from"": ""No Sale"", ""to"": ""Ignored Objection""}, {""from"": ""Ignored Objection"", ""to"": ""No Follow-up""}, {""from"": ""No Follow-up"", ""to"": ""Lost Trust""}]",dental,0.62,"[""R-0103"", ""R-0105""]"
RC-000303,Đắt quá.,Gói này đang khuyến mãi.,Missing Decision Maker — Wrong Closer,Hỏi thêm một câu trước khi phản hồi; dựng giá trị trước giá.,"[{""from"": ""No Sale"", ""to"": ""Missing Decision Maker""}, {""from"": ""Missing Decision Maker"", ""to"": ""Wrong Closer""}, {""from"": ""Wrong Closer"", ""to"": ""Stalled""}]",insurance,0.63,"[""R-0104"", ""R-0106""]"
RC-000304,Để hôm khác.,Dạ.,Feature Dump — Confused Customer,Hỏi thêm một câu trước khi phản hồi; dựng giá trị trước giá.,"[{""from"": ""No Sale"", ""to"": ""Feature Dump""}, {""from"": ""Feature Dump"", ""to"": ""Confused Customer""}, {""from"": ""Confused Customer"", ""to"": ""Exit Intent""}]",education,0.64,"[""R-0105"", ""R-0107""]"
RC-000305,Đắt quá.,Dạ.,Pressure Close — Angry Customer,Hỏi thêm một câu trước khi phản hồi; dựng giá trị trước giá.,"[{""from"": ""No Sale"", ""to"": ""Pressure Close""}, {""from"": ""Pressure Close"", ""to"": ""Angry Customer""}, {""from"": ""Angry Customer"", ""to"": ""Complaint Risk""}]",automotive,0.65,"[""R-0106"", ""R-0108""]"
RC-000306,Để hôm khác.,Gói này đang khuyến mãi.,Poor Discovery — Early Pricing,Hỏi thêm một câu trước khi phản hồi; dựng giá trị trước giá.,"[{""from"": ""No Sale"", ""to"": ""Poor Discovery""}, {""from"": ""Poor Discovery"", ""to"": ""Early Pricing""}, {""from"": ""Early Pricing"", ""to"": ""Weak Value""}]",cosmetics,0.66,"[""R-0107"", ""R-0109""]"
RC-000307,Đắt quá.,Dạ.,Ignored Objection — No Follow-up,Hỏi thêm một câu trước khi phản hồi; dựng giá trị trước giá.,"[{""from"": ""No Sale"", ""to"": ""Ignored Objection""}, {""from"": ""Ignored Objection"", ""to"": ""No Follow-up""}, {""from"": ""No Follow-up"", ""to"": ""Lost Trust""}]",home_appliances,0.67,"[""R-0108"", ""R-0110""]"
RC-000308,Để hôm khác.,Dạ.,Missing Decision Maker — Wrong Closer,Hỏi thêm một câu trước khi phản hồi; dựng giá trị trước giá.,"[{""from"": ""No Sale"", ""to"": ""Missing Decision Maker""}, {""from"": ""Missing Decision Maker"", ""to"": ""Wrong Closer""}, {""from"": ""Wrong Closer"", ""to"": ""Stalled""}]",food,0.68,"[""R-0109"", ""R-0111""]"
RC-000309,Đắt quá.,Gói này đang khuyến mãi.,Feature Dump — Confused Customer,Hỏi thêm một câu trước khi phản hồi; dựng giá trị trước giá.,"[{""from"": ""No Sale"", ""to"": ""Feature Dump""}, {""from"": ""Feature Dump"", ""to"": ""Confused Customer""}, {""from"": ""Confused Customer"", ""to"": ""Exit Intent""}]",electronics,0.69,"[""R-0110"", ""R-0112""]"
RC-000310,Để hôm khác.,Dạ.,Pressure Close — Angry Customer,Hỏi thêm một câu trước khi phản hồi; dựng giá trị trước giá.,"[{""from"": ""No Sale"", ""to"": ""Pressure Close""}, {""from"": ""Pressure Close"", ""to"": ""Angry Customer""}, {""from"": ""Angry Customer"", ""to"": ""Complaint Risk""}]",furniture,0.7,"[""R-0111"", ""R-0113""]"
RC-000311,Đắt quá.,Dạ.,Poor Discovery — Early Pricing,Hỏi thêm một câu trước khi phản hồi; dựng giá trị trước giá.,"[{""from"": ""No Sale"", ""to"": ""Poor Discovery""}, {""from"": ""Poor Discovery"", ""to"": ""Early Pricing""}, {""from"": ""Early Pricing"", ""to"": ""Weak Value""}]",logistics,0.71,"[""R-0112"", ""R-0114""]"
RC-000312,Để hôm khác.,Gói này đang khuyến mãi.,Ignored Objection — No Follow-up,Hỏi thêm một câu trước khi phản hồi; dựng giá trị trước giá.,"[{""from"": ""No Sale"", ""to"": ""Ignored Objection""}, {""from"": ""Ignored Objection"", ""to"": ""No Follow-up""}, {""from"": ""No Follow-up"", ""to"": ""Lost Trust""}]",travel,0.72,"[""R-0113"", ""R-0115""]"
RC-000313,Đắt quá.,Dạ.,Missing Decision Maker — Wrong Closer,Hỏi thêm một câu trước khi phản hồi; dựng giá trị trước giá.,"[{""from"": ""No Sale"", ""to"": ""Missing Decision Maker""}, {""from"": ""Missing Decision Maker"", ""to"": ""Wrong Closer""}, {""from"": ""Wrong Closer"", ""to"": ""Stalled""}]",finance,0.73,"[""R-0114"", ""R-0116""]"
RC-000314,Để hôm khác.,Dạ.,Feature Dump — Confused Customer,Hỏi thêm một câu trước khi phản hồi; dựng giá trị trước giá.,"[{""from"": ""No Sale"", ""to"": ""Feature Dump""}, {""from"": ""Feature Dump"", ""to"": ""Confused Customer""}, {""from"": ""Confused Customer"", ""to"": ""Exit Intent""}]",fitness,0.74,"[""R-0115"", ""R-0117""]"
RC-000315,Đắt quá.,Gói này đang khuyến mãi.,Pressure Close — Angry Customer,Hỏi thêm một câu trước khi phản hồi; dựng giá trị trước giá.,"[{""from"": ""No Sale"", ""to"": ""Pressure Close""}, {""from"": ""Pressure Close"", ""to"": ""Angry Customer""}, {""from"": ""Angry Customer"", ""to"": ""Complaint Risk""}]",plumbing,0.75,"[""R-0116"", ""R-0118""]"
RC-000316,Để hôm khác.,Dạ.,Poor Discovery — Early Pricing,Hỏi thêm một câu trước khi phản hồi; dựng giá trị trước giá.,"[{""from"": ""No Sale"", ""to"": ""Poor Discovery""}, {""from"": ""Poor Discovery"", ""to"": ""Early Pricing""}, {""from"": ""Early Pricing"", ""to"": ""Weak Value""}]",repair,0.76,"[""R-0117"", ""R-0119""]"
RC-000317,Đắt quá.,Dạ.,Ignored Objection — No Follow-up,Hỏi thêm một câu trước khi phản hồi; dựng giá trị trước giá.,"[{""from"": ""No Sale"", ""to"": ""Ignored Objection""}, {""from"": ""Ignored Objection"", ""to"": ""No Follow-up""}, {""from"": ""No Follow-up"", ""to"": ""Lost Trust""}]",camera,0.77,"[""R-0118"", ""R-0120""]"
RC-000318,Để hôm khác.,Gói này đang khuyến mãi.,Missing Decision Maker — Wrong Closer,Hỏi thêm một câu trước khi phản hồi; dựng giá trị trước giá.,"[{""from"": ""No Sale"", ""to"": ""Missing Decision Maker""}, {""from"": ""Missing Decision Maker"", ""to"": ""Wrong Closer""}, {""from"": ""Wrong Closer"", ""to"": ""Stalled""}]",medical_devices,0.78,"[""R-0119"", ""R-0121""]"
RC-000319,Đắt quá.,Dạ.,Feature Dump — Confused Customer,Hỏi thêm một câu trước khi phản hồi; dựng giá trị trước giá.,"[{""from"": ""No Sale"", ""to"": ""Feature Dump""}, {""from"": ""Feature Dump"", ""to"": ""Confused Customer""}, {""from"": ""Confused Customer"", ""to"": ""Exit Intent""}]",b2b_services,0.79,"[""R-0120"", ""R-0122""]"
RC-000320,Để hôm khác.,Dạ.,Pressure Close — Angry Customer,Hỏi thêm một câu trước khi phản hồi; dựng giá trị trước giá.,"[{""from"": ""No Sale"", ""to"": ""Pressure Close""}, {""from"": ""Pressure Close"", ""to"": ""Angry Customer""}, {""from"": ""Angry Customer"", ""to"": ""Complaint Risk""}]",real_estate,0.8,"[""R-0121"", ""R-0123""]"
RC-000321,Đắt quá.,Gói này đang khuyến mãi.,Poor Discovery — Early Pricing,Hỏi thêm một câu trước khi phản hồi; dựng giá trị trước giá.,"[{""from"": ""No Sale"", ""to"": ""Poor Discovery""}, {""from"": ""Poor Discovery"", ""to"": ""Early Pricing""}, {""from"": ""Early Pricing"", ""to"": ""Weak Value""}]",spa,0.81,"[""R-0122"", ""R-0124""]"
RC-000322,Để hôm khác.,Dạ.,Ignored Objection — No Follow-up,Hỏi thêm một câu trước khi phản hồi; dựng giá trị trước giá.,"[{""from"": ""No Sale"", ""to"": ""Ignored Objection""}, {""from"": ""Ignored Objection"", ""to"": ""No Follow-up""}, {""from"": ""No Follow-up"", ""to"": ""Lost Trust""}]",dental,0.82,"[""R-0123"", ""R-0125""]"
RC-000323,Đắt quá.,Dạ.,Missing Decision Maker — Wrong Closer,Hỏi thêm một câu trước khi phản hồi; dựng giá trị trước giá.,"[{""from"": ""No Sale"", ""to"": ""Missing Decision Maker""}, {""from"": ""Missing Decision Maker"", ""to"": ""Wrong Closer""}, {""from"": ""Wrong Closer"", ""to"": ""Stalled""}]",insurance,0.83,"[""R-0124"", ""R-0126""]"
RC-000324,Để hôm khác.,Gói này đang khuyến mãi.,Feature Dump — Confused Customer,Hỏi thêm một câu trước khi phản hồi; dựng giá trị trước giá.,"[{""from"": ""No Sale"", ""to"": ""Feature Dump""}, {""from"": ""Feature Dump"", ""to"": ""Confused Customer""}, {""from"": ""Confused Customer"", ""to"": ""Exit Intent""}]",education,0.84,"[""R-0125"", ""R-0127""]"
RC-000325,Đắt quá.,Dạ.,Pressure Close — Angry Customer,Hỏi thêm một câu trước khi phản hồi; dựng giá trị trước giá.,"[{""from"": ""No Sale"", ""to"": ""Pressure Close""}, {""from"": ""Pressure Close"", ""to"": ""Angry Customer""}, {""from"": ""Angry Customer"", ""to"": ""Complaint Risk""}]",automotive,0.85,"[""R-0126"", ""R-0128""]"
RC-000326,Để hôm khác.,Dạ.,Poor Discovery — Early Pricing,Hỏi thêm một câu trước khi phản hồi; dựng giá trị trước giá.,"[{""from"": ""No Sale"", ""to"": ""Poor Discovery""}, {""from"": ""Poor Discovery"", ""to"": ""Early Pricing""}, {""from"": ""Early Pricing"", ""to"": ""Weak Value""}]",cosmetics,0.86,"[""R-0127"", ""R-0129""]"
RC-000327,Đắt quá.,Gói này đang khuyến mãi.,Ignored Objection — No Follow-up,Hỏi thêm một câu trước khi phản hồi; dựng giá trị trước giá.,"[{""from"": ""No Sale"", ""to"": ""Ignored Objection""}, {""from"": ""Ignored Objection"", ""to"": ""No Follow-up""}, {""from"": ""No Follow-up"", ""to"": ""Lost Trust""}]",home_appliances,0.87,"[""R-0128"", ""R-0130""]"
RC-000328,Để hôm khác.,Dạ.,Missing Decision Maker — Wrong Closer,Hỏi thêm một câu trước khi phản hồi; dựng giá trị trước giá.,"[{""from"": ""No Sale"", ""to"": ""Missing Decision Maker""}, {""from"": ""Missing Decision Maker"", ""to"": ""Wrong Closer""}, {""from"": ""Wrong Closer"", ""to"": ""Stalled""}]",food,0.88,"[""R-0129"", ""R-0131""]"
RC-000329,Đắt quá.,Dạ.,Feature Dump — Confused Customer,Hỏi thêm một câu trước khi phản hồi; dựng giá trị trước giá.,"[{""from"": ""No Sale"", ""to"": ""Feature Dump""}, {""from"": ""Feature Dump"", ""to"": ""Confused Customer""}, {""from"": ""Confused Customer"", ""to"": ""Exit Intent""}]",electronics,0.89,"[""R-0130"", ""R-0132""]"
RC-000330,Để hôm khác.,Gói này đang khuyến mãi.,Pressure Close — Angry Customer,Hỏi thêm một câu trước khi phản hồi; dựng giá trị trước giá.,"[{""from"": ""No Sale"", ""to"": ""Pressure Close""}, {""from"": ""Pressure Close"", ""to"": ""Angry Customer""}, {""from"": ""Angry Customer"", ""to"": ""Complaint Risk""}]",furniture,0.6,"[""R-0131"", ""R-0133""]"
RC-000331,Đắt quá.,Dạ.,Poor Discovery — Early Pricing,Hỏi thêm một câu trước khi phản hồi; dựng giá trị trước giá.,"[{""from"": ""No Sale"", ""to"": ""Poor Discovery""}, {""from"": ""Poor Discovery"", ""to"": ""Early Pricing""}, {""from"": ""Early Pricing"", ""to"": ""Weak Value""}]",logistics,0.61,"[""R-0132"", ""R-0134""]"
RC-000332,Để hôm khác.,Dạ.,Ignored Objection — No Follow-up,Hỏi thêm một câu trước khi phản hồi; dựng giá trị trước giá.,"[{""from"": ""No Sale"", ""to"": ""Ignored Objection""}, {""from"": ""Ignored Objection"", ""to"": ""No Follow-up""}, {""from"": ""No Follow-up"", ""to"": ""Lost Trust""}]",travel,0.62,"[""R-0133"", ""R-0135""]"
RC-000333,Đắt quá.,Gói này đang khuyến mãi.,Missing Decision Maker — Wrong Closer,Hỏi thêm một câu trước khi phản hồi; dựng giá trị trước giá.,"[{""from"": ""No Sale"", ""to"": ""Missing Decision Maker""}, {""from"": ""Missing Decision Maker"", ""to"": ""Wrong Closer""}, {""from"": ""Wrong Closer"", ""to"": ""Stalled""}]",finance,0.63,"[""R-0134"", ""R-0136""]"
RC-000334,Để hôm khác.,Dạ.,Feature Dump — Confused Customer,Hỏi thêm một câu trước khi phản hồi; dựng giá trị trước giá.,"[{""from"": ""No Sale"", ""to"": ""Feature Dump""}, {""from"": ""Feature Dump"", ""to"": ""Confused Customer""}, {""from"": ""Confused Customer"", ""to"": ""Exit Intent""}]",fitness,0.64,"[""R-0135"", ""R-0137""]"
RC-000335,Đắt quá.,Dạ.,Pressure Close — Angry Customer,Hỏi thêm một câu trước khi phản hồi; dựng giá trị trước giá.,"[{""from"": ""No Sale"", ""to"": ""Pressure Close""}, {""from"": ""Pressure Close"", ""to"": ""Angry Customer""}, {""from"": ""Angry Customer"", ""to"": ""Complaint Risk""}]",plumbing,0.65,"[""R-0136"", ""R-0138""]"
RC-000336,Để hôm khác.,Gói này đang khuyến mãi.,Poor Discovery — Early Pricing,Hỏi thêm một câu trước khi phản hồi; dựng giá trị trước giá.,"[{""from"": ""No Sale"", ""to"": ""Poor Discovery""}, {""from"": ""Poor Discovery"", ""to"": ""Early Pricing""}, {""from"": ""Early Pricing"", ""to"": ""Weak Value""}]",repair,0.66,"[""R-0137"", ""R-0139""]"
RC-000337,Đắt quá.,Dạ.,Ignored Objection — No Follow-up,Hỏi thêm một câu trước khi phản hồi; dựng giá trị trước giá.,"[{""from"": ""No Sale"", ""to"": ""Ignored Objection""}, {""from"": ""Ignored Objection"", ""to"": ""No Follow-up""}, {""from"": ""No Follow-up"", ""to"": ""Lost Trust""}]",camera,0.67,"[""R-0138"", ""R-0140""]"
RC-000338,Để hôm khác.,Dạ.,Missing Decision Maker — Wrong Closer,Hỏi thêm một câu trước khi phản hồi; dựng giá trị trước giá.,"[{""from"": ""No Sale"", ""to"": ""Missing Decision Maker""}, {""from"": ""Missing Decision Maker"", ""to"": ""Wrong Closer""}, {""from"": ""Wrong Closer"", ""to"": ""Stalled""}]",medical_devices,0.68,"[""R-0139"", ""R-0141""]"
RC-000339,Đắt quá.,Gói này đang khuyến mãi.,Feature Dump — Confused Customer,Hỏi thêm một câu trước khi phản hồi; dựng giá trị trước giá.,"[{""from"": ""No Sale"", ""to"": ""Feature Dump""}, {""from"": ""Feature Dump"", ""to"": ""Confused Customer""}, {""from"": ""Confused Customer"", ""to"": ""Exit Intent""}]",b2b_services,0.69,"[""R-0140"", ""R-0142""]"
RC-000340,Để hôm khác.,Dạ.,Pressure Close — Angry Customer,Hỏi thêm một câu trước khi phản hồi; dựng giá trị trước giá.,"[{""from"": ""No Sale"", ""to"": ""Pressure Close""}, {""from"": ""Pressure Close"", ""to"": ""Angry Customer""}, {""from"": ""Angry Customer"", ""to"": ""Complaint Risk""}]",real_estate,0.7,"[""R-0141"", ""R-0143""]"
RC-000341,Đắt quá.,Dạ.,Poor Discovery — Early Pricing,Hỏi thêm một câu trước khi phản hồi; dựng giá trị trước giá.,"[{""from"": ""No Sale"", ""to"": ""Poor Discovery""}, {""from"": ""Poor Discovery"", ""to"": ""Early Pricing""}, {""from"": ""Early Pricing"", ""to"": ""Weak Value""}]",spa,0.71,"[""R-0142"", ""R-0144""]"
RC-000342,Để hôm khác.,Gói này đang khuyến mãi.,Ignored Objection — No Follow-up,Hỏi thêm một câu trước khi phản hồi; dựng giá trị trước giá.,"[{""from"": ""No Sale"", ""to"": ""Ignored Objection""}, {""from"": ""Ignored Objection"", ""to"": ""No Follow-up""}, {""from"": ""No Follow-up"", ""to"": ""Lost Trust""}]",dental,0.72,"[""R-0143"", ""R-0145""]"
RC-000343,Đắt quá.,Dạ.,Missing Decision Maker — Wrong Closer,Hỏi thêm một câu trước khi phản hồi; dựng giá trị trước giá.,"[{""from"": ""No Sale"", ""to"": ""Missing Decision Maker""}, {""from"": ""Missing Decision Maker"", ""to"": ""Wrong Closer""}, {""from"": ""Wrong Closer"", ""to"": ""Stalled""}]",insurance,0.73,"[""R-0144"", ""R-0146""]"
RC-000344,Để hôm khác.,Dạ.,Feature Dump — Confused Customer,Hỏi thêm một câu trước khi phản hồi; dựng giá trị trước giá.,"[{""from"": ""No Sale"", ""to"": ""Feature Dump""}, {""from"": ""Feature Dump"", ""to"": ""Confused Customer""}, {""from"": ""Confused Customer"", ""to"": ""Exit Intent""}]",education,0.74,"[""R-0145"", ""R-0147""]"
RC-000345,Đắt quá.,Gói này đang khuyến mãi.,Pressure Close — Angry Customer,Hỏi thêm một câu trước khi phản hồi; dựng giá trị trước giá.,"[{""from"": ""No Sale"", ""to"": ""Pressure Close""}, {""from"": ""Pressure Close"", ""to"": ""Angry Customer""}, {""from"": ""Angry Customer"", ""to"": ""Complaint Risk""}]",automotive,0.75,"[""R-0146"", ""R-0148""]"
RC-000346,Để hôm khác.,Dạ.,Poor Discovery — Early Pricing,Hỏi thêm một câu trước khi phản hồi; dựng giá trị trước giá.,"[{""from"": ""No Sale"", ""to"": ""Poor Discovery""}, {""from"": ""Poor Discovery"", ""to"": ""Early Pricing""}, {""from"": ""Early Pricing"", ""to"": ""Weak Value""}]",cosmetics,0.76,"[""R-0147"", ""R-0149""]"
RC-000347,Đắt quá.,Dạ.,Ignored Objection — No Follow-up,Hỏi thêm một câu trước khi phản hồi; dựng giá trị trước giá.,"[{""from"": ""No Sale"", ""to"": ""Ignored Objection""}, {""from"": ""Ignored Objection"", ""to"": ""No Follow-up""}, {""from"": ""No Follow-up"", ""to"": ""Lost Trust""}]",home_appliances,0.77,"[""R-0148"", ""R-0150""]"
RC-000348,Để hôm khác.,Gói này đang khuyến mãi.,Missing Decision Maker — Wrong Closer,Hỏi thêm một câu trước khi phản hồi; dựng giá trị trước giá.,"[{""from"": ""No Sale"", ""to"": ""Missing Decision Maker""}, {""from"": ""Missing Decision Maker"", ""to"": ""Wrong Closer""}, {""from"": ""Wrong Closer"", ""to"": ""Stalled""}]",food,0.78,"[""R-0149"", ""R-0151""]"
RC-000349,Đắt quá.,Dạ.,Feature Dump — Confused Customer,Hỏi thêm một câu trước khi phản hồi; dựng giá trị trước giá.,"[{""from"": ""No Sale"", ""to"": ""Feature Dump""}, {""from"": ""Feature Dump"", ""to"": ""Confused Customer""}, {""from"": ""Confused Customer"", ""to"": ""Exit Intent""}]",electronics,0.79,"[""R-0150"", ""R-0152""]"
RC-000350,Để hôm khác.,Dạ.,Pressure Close — Angry Customer,Hỏi thêm một câu trước khi phản hồi; dựng giá trị trước giá.,"[{""from"": ""No Sale"", ""to"": ""Pressure Close""}, {""from"": ""Pressure Close"", ""to"": ""Angry Customer""}, {""from"": ""Angry Customer"", ""to"": ""Complaint Risk""}]",furniture,0.8,"[""R-0151"", ""R-0153""]"
RC-000351,Đắt quá.,Gói này đang khuyến mãi.,Poor Discovery — Early Pricing,Hỏi thêm một câu trước khi phản hồi; dựng giá trị trước giá.,"[{""from"": ""No Sale"", ""to"": ""Poor Discovery""}, {""from"": ""Poor Discovery"", ""to"": ""Early Pricing""}, {""from"": ""Early Pricing"", ""to"": ""Weak Value""}]",logistics,0.81,"[""R-0152"", ""R-0154""]"
RC-000352,Để hôm khác.,Dạ.,Ignored Objection — No Follow-up,Hỏi thêm một câu trước khi phản hồi; dựng giá trị trước giá.,"[{""from"": ""No Sale"", ""to"": ""Ignored Objection""}, {""from"": ""Ignored Objection"", ""to"": ""No Follow-up""}, {""from"": ""No Follow-up"", ""to"": ""Lost Trust""}]",travel,0.82,"[""R-0153"", ""R-0155""]"
RC-000353,Đắt quá.,Dạ.,Missing Decision Maker — Wrong Closer,Hỏi thêm một câu trước khi phản hồi; dựng giá trị trước giá.,"[{""from"": ""No Sale"", ""to"": ""Missing Decision Maker""}, {""from"": ""Missing Decision Maker"", ""to"": ""Wrong Closer""}, {""from"": ""Wrong Closer"", ""to"": ""Stalled""}]",finance,0.83,"[""R-0154"", ""R-0156""]"
RC-000354,Để hôm khác.,Gói này đang khuyến mãi.,Feature Dump — Confused Customer,Hỏi thêm một câu trước khi phản hồi; dựng giá trị trước giá.,"[{""from"": ""No Sale"", ""to"": ""Feature Dump""}, {""from"": ""Feature Dump"", ""to"": ""Confused Customer""}, {""from"": ""Confused Customer"", ""to"": ""Exit Intent""}]",fitness,0.84,"[""R-0155"", ""R-0157""]"
RC-000355,Đắt quá.,Dạ.,Pressure Close — Angry Customer,Hỏi thêm một câu trước khi phản hồi; dựng giá trị trước giá.,"[{""from"": ""No Sale"", ""to"": ""Pressure Close""}, {""from"": ""Pressure Close"", ""to"": ""Angry Customer""}, {""from"": ""Angry Customer"", ""to"": ""Complaint Risk""}]",plumbing,0.85,"[""R-0156"", ""R-0158""]"
RC-000356,Để hôm khác.,Dạ.,Poor Discovery — Early Pricing,Hỏi thêm một câu trước khi phản hồi; dựng giá trị trước giá.,"[{""from"": ""No Sale"", ""to"": ""Poor Discovery""}, {""from"": ""Poor Discovery"", ""to"": ""Early Pricing""}, {""from"": ""Early Pricing"", ""to"": ""Weak Value""}]",repair,0.86,"[""R-0157"", ""R-0159""]"
RC-000357,Đắt quá.,Gói này đang khuyến mãi.,Ignored Objection — No Follow-up,Hỏi thêm một câu trước khi phản hồi; dựng giá trị trước giá.,"[{""from"": ""No Sale"", ""to"": ""Ignored Objection""}, {""from"": ""Ignored Objection"", ""to"": ""No Follow-up""}, {""from"": ""No Follow-up"", ""to"": ""Lost Trust""}]",camera,0.87,"[""R-0158"", ""R-0160""]"
RC-000358,Để hôm khác.,Dạ.,Missing Decision Maker — Wrong Closer,Hỏi thêm một câu trước khi phản hồi; dựng giá trị trước giá.,"[{""from"": ""No Sale"", ""to"": ""Missing Decision Maker""}, {""from"": ""Missing Decision Maker"", ""to"": ""Wrong Closer""}, {""from"": ""Wrong Closer"", ""to"": ""Stalled""}]",medical_devices,0.88,"[""R-0159"", ""R-0161""]"
RC-000359,Đắt quá.,Dạ.,Feature Dump — Confused Customer,Hỏi thêm một câu trước khi phản hồi; dựng giá trị trước giá.,"[{""from"": ""No Sale"", ""to"": ""Feature Dump""}, {""from"": ""Feature Dump"", ""to"": ""Confused Customer""}, {""from"": ""Confused Customer"", ""to"": ""Exit Intent""}]",b2b_services,0.89,"[""R-0160"", ""R-0162""]"
RC-000360,Để hôm khác.,Gói này đang khuyến mãi.,Pressure Close — Angry Customer,Hỏi thêm một câu trước khi phản hồi; dựng giá trị trước giá.,"[{""from"": ""No Sale"", ""to"": ""Pressure Close""}, {""from"": ""Pressure Close"", ""to"": ""Angry Customer""}, {""from"": ""Angry Customer"", ""to"": ""Complaint Risk""}]",real_estate,0.6,"[""R-0161"", ""R-0163""]"
RC-000361,Đắt quá.,Dạ.,Poor Discovery — Early Pricing,Hỏi thêm một câu trước khi phản hồi; dựng giá trị trước giá.,"[{""from"": ""No Sale"", ""to"": ""Poor Discovery""}, {""from"": ""Poor Discovery"", ""to"": ""Early Pricing""}, {""from"": ""Early Pricing"", ""to"": ""Weak Value""}]",spa,0.61,"[""R-0162"", ""R-0164""]"
RC-000362,Để hôm khác.,Dạ.,Ignored Objection — No Follow-up,Hỏi thêm một câu trước khi phản hồi; dựng giá trị trước giá.,"[{""from"": ""No Sale"", ""to"": ""Ignored Objection""}, {""from"": ""Ignored Objection"", ""to"": ""No Follow-up""}, {""from"": ""No Follow-up"", ""to"": ""Lost Trust""}]",dental,0.62,"[""R-0163"", ""R-0165""]"
RC-000363,Đắt quá.,Gói này đang khuyến mãi.,Missing Decision Maker — Wrong Closer,Hỏi thêm một câu trước khi phản hồi; dựng giá trị trước giá.,"[{""from"": ""No Sale"", ""to"": ""Missing Decision Maker""}, {""from"": ""Missing Decision Maker"", ""to"": ""Wrong Closer""}, {""from"": ""Wrong Closer"", ""to"": ""Stalled""}]",insurance,0.63,"[""R-0164"", ""R-0166""]"
RC-000364,Để hôm khác.,Dạ.,Feature Dump — Confused Customer,Hỏi thêm một câu trước khi phản hồi; dựng giá trị trước giá.,"[{""from"": ""No Sale"", ""to"": ""Feature Dump""}, {""from"": ""Feature Dump"", ""to"": ""Confused Customer""}, {""from"": ""Confused Customer"", ""to"": ""Exit Intent""}]",education,0.64,"[""R-0165"", ""R-0167""]"
RC-000365,Đắt quá.,Dạ.,Pressure Close — Angry Customer,Hỏi thêm một câu trước khi phản hồi; dựng giá trị trước giá.,"[{""from"": ""No Sale"", ""to"": ""Pressure Close""}, {""from"": ""Pressure Close"", ""to"": ""Angry Customer""}, {""from"": ""Angry Customer"", ""to"": ""Complaint Risk""}]",automotive,0.65,"[""R-0166"", ""R-0168""]"
RC-000366,Để hôm khác.,Gói này đang khuyến mãi.,Poor Discovery — Early Pricing,Hỏi thêm một câu trước khi phản hồi; dựng giá trị trước giá.,"[{""from"": ""No Sale"", ""to"": ""Poor Discovery""}, {""from"": ""Poor Discovery"", ""to"": ""Early Pricing""}, {""from"": ""Early Pricing"", ""to"": ""Weak Value""}]",cosmetics,0.66,"[""R-0167"", ""R-0169""]"
RC-000367,Đắt quá.,Dạ.,Ignored Objection — No Follow-up,Hỏi thêm một câu trước khi phản hồi; dựng giá trị trước giá.,"[{""from"": ""No Sale"", ""to"": ""Ignored Objection""}, {""from"": ""Ignored Objection"", ""to"": ""No Follow-up""}, {""from"": ""No Follow-up"", ""to"": ""Lost Trust""}]",home_appliances,0.67,"[""R-0168"", ""R-0170""]"
RC-000368,Để hôm khác.,Dạ.,Missing Decision Maker — Wrong Closer,Hỏi thêm một câu trước khi phản hồi; dựng giá trị trước giá.,"[{""from"": ""No Sale"", ""to"": ""Missing Decision Maker""}, {""from"": ""Missing Decision Maker"", ""to"": ""Wrong Closer""}, {""from"": ""Wrong Closer"", ""to"": ""Stalled""}]",food,0.68,"[""R-0169"", ""R-0171""]"
RC-000369,Đắt quá.,Gói này đang khuyến mãi.,Feature Dump — Confused Customer,Hỏi thêm một câu trước khi phản hồi; dựng giá trị trước giá.,"[{""from"": ""No Sale"", ""to"": ""Feature Dump""}, {""from"": ""Feature Dump"", ""to"": ""Confused Customer""}, {""from"": ""Confused Customer"", ""to"": ""Exit Intent""}]",electronics,0.69,"[""R-0170"", ""R-0172""]"
RC-000370,Để hôm khác.,Dạ.,Pressure Close — Angry Customer,Hỏi thêm một câu trước khi phản hồi; dựng giá trị trước giá.,"[{""from"": ""No Sale"", ""to"": ""Pressure Close""}, {""from"": ""Pressure Close"", ""to"": ""Angry Customer""}, {""from"": ""Angry Customer"", ""to"": ""Complaint Risk""}]",furniture,0.7,"[""R-0171"", ""R-0173""]"
RC-000371,Đắt quá.,Dạ.,Poor Discovery — Early Pricing,Hỏi thêm một câu trước khi phản hồi; dựng giá trị trước giá.,"[{""from"": ""No Sale"", ""to"": ""Poor Discovery""}, {""from"": ""Poor Discovery"", ""to"": ""Early Pricing""}, {""from"": ""Early Pricing"", ""to"": ""Weak Value""}]",logistics,0.71,"[""R-0172"", ""R-0174""]"
RC-000372,Để hôm khác.,Gói này đang khuyến mãi.,Ignored Objection — No Follow-up,Hỏi thêm một câu trước khi phản hồi; dựng giá trị trước giá.,"[{""from"": ""No Sale"", ""to"": ""Ignored Objection""}, {""from"": ""Ignored Objection"", ""to"": ""No Follow-up""}, {""from"": ""No Follow-up"", ""to"": ""Lost Trust""}]",travel,0.72,"[""R-0173"", ""R-0175""]"
RC-000373,Đắt quá.,Dạ.,Missing Decision Maker — Wrong Closer,Hỏi thêm một câu trước khi phản hồi; dựng giá trị trước giá.,"[{""from"": ""No Sale"", ""to"": ""Missing Decision Maker""}, {""from"": ""Missing Decision Maker"", ""to"": ""Wrong Closer""}, {""from"": ""Wrong Closer"", ""to"": ""Stalled""}]",finance,0.73,"[""R-0174"", ""R-0176""]"
RC-000374,Để hôm khác.,Dạ.,Feature Dump — Confused Customer,Hỏi thêm một câu trước khi phản hồi; dựng giá trị trước giá.,"[{""from"": ""No Sale"", ""to"": ""Feature Dump""}, {""from"": ""Feature Dump"", ""to"": ""Confused Customer""}, {""from"": ""Confused Customer"", ""to"": ""Exit Intent""}]",fitness,0.74,"[""R-0175"", ""R-0177""]"
RC-000375,Đắt quá.,Gói này đang khuyến mãi.,Pressure Close — Angry Customer,Hỏi thêm một câu trước khi phản hồi; dựng giá trị trước giá.,"[{""from"": ""No Sale"", ""to"": ""Pressure Close""}, {""from"": ""Pressure Close"", ""to"": ""Angry Customer""}, {""from"": ""Angry Customer"", ""to"": ""Complaint Risk""}]",plumbing,0.75,"[""R-0176"", ""R-0178""]"
RC-000376,Để hôm khác.,Dạ.,Poor Discovery — Early Pricing,Hỏi thêm một câu trước khi phản hồi; dựng giá trị trước giá.,"[{""from"": ""No Sale"", ""to"": ""Poor Discovery""}, {""from"": ""Poor Discovery"", ""to"": ""Early Pricing""}, {""from"": ""Early Pricing"", ""to"": ""Weak Value""}]",repair,0.76,"[""R-0177"", ""R-0179""]"
RC-000377,Đắt quá.,Dạ.,Ignored Objection — No Follow-up,Hỏi thêm một câu trước khi phản hồi; dựng giá trị trước giá.,"[{""from"": ""No Sale"", ""to"": ""Ignored Objection""}, {""from"": ""Ignored Objection"", ""to"": ""No Follow-up""}, {""from"": ""No Follow-up"", ""to"": ""Lost Trust""}]",camera,0.77,"[""R-0178"", ""R-0180""]"
RC-000378,Để hôm khác.,Gói này đang khuyến mãi.,Missing Decision Maker — Wrong Closer,Hỏi thêm một câu trước khi phản hồi; dựng giá trị trước giá.,"[{""from"": ""No Sale"", ""to"": ""Missing Decision Maker""}, {""from"": ""Missing Decision Maker"", ""to"": ""Wrong Closer""}, {""from"": ""Wrong Closer"", ""to"": ""Stalled""}]",medical_devices,0.78,"[""R-0179"", ""R-0181""]"
RC-000379,Đắt quá.,Dạ.,Feature Dump — Confused Customer,Hỏi thêm một câu trước khi phản hồi; dựng giá trị trước giá.,"[{""from"": ""No Sale"", ""to"": ""Feature Dump""}, {""from"": ""Feature Dump"", ""to"": ""Confused Customer""}, {""from"": ""Confused Customer"", ""to"": ""Exit Intent""}]",b2b_services,0.79,"[""R-0180"", ""R-0182""]"
RC-000380,Để hôm khác.,Dạ.,Pressure Close — Angry Customer,Hỏi thêm một câu trước khi phản hồi; dựng giá trị trước giá.,"[{""from"": ""No Sale"", ""to"": ""Pressure Close""}, {""from"": ""Pressure Close"", ""to"": ""Angry Customer""}, {""from"": ""Angry Customer"", ""to"": ""Complaint Risk""}]",real_estate,0.8,"[""R-0181"", ""R-0183""]"
RC-000381,Đắt quá.,Gói này đang khuyến mãi.,Poor Discovery — Early Pricing,Hỏi thêm một câu trước khi phản hồi; dựng giá trị trước giá.,"[{""from"": ""No Sale"", ""to"": ""Poor Discovery""}, {""from"": ""Poor Discovery"", ""to"": ""Early Pricing""}, {""from"": ""Early Pricing"", ""to"": ""Weak Value""}]",spa,0.81,"[""R-0182"", ""R-0184""]"
RC-000382,Để hôm khác.,Dạ.,Ignored Objection — No Follow-up,Hỏi thêm một câu trước khi phản hồi; dựng giá trị trước giá.,"[{""from"": ""No Sale"", ""to"": ""Ignored Objection""}, {""from"": ""Ignored Objection"", ""to"": ""No Follow-up""}, {""from"": ""No Follow-up"", ""to"": ""Lost Trust""}]",dental,0.82,"[""R-0183"", ""R-0185""]"
RC-000383,Đắt quá.,Dạ.,Missing Decision Maker — Wrong Closer,Hỏi thêm một câu trước khi phản hồi; dựng giá trị trước giá.,"[{""from"": ""No Sale"", ""to"": ""Missing Decision Maker""}, {""from"": ""Missing Decision Maker"", ""to"": ""Wrong Closer""}, {""from"": ""Wrong Closer"", ""to"": ""Stalled""}]",insurance,0.83,"[""R-0184"", ""R-0186""]"
RC-000384,Để hôm khác.,Gói này đang khuyến mãi.,Feature Dump — Confused Customer,Hỏi thêm một câu trước khi phản hồi; dựng giá trị trước giá.,"[{""from"": ""No Sale"", ""to"": ""Feature Dump""}, {""from"": ""Feature Dump"", ""to"": ""Confused Customer""}, {""from"": ""Confused Customer"", ""to"": ""Exit Intent""}]",education,0.84,"[""R-0185"", ""R-0187""]"
RC-000385,Đắt quá.,Dạ.,Pressure Close — Angry Customer,Hỏi thêm một câu trước khi phản hồi; dựng giá trị trước giá.,"[{""from"": ""No Sale"", ""to"": ""Pressure Close""}, {""from"": ""Pressure Close"", ""to"": ""Angry Customer""}, {""from"": ""Angry Customer"", ""to"": ""Complaint Risk""}]",automotive,0.85,"[""R-0186"", ""R-0188""]"
RC-000386,Để hôm khác.,Dạ.,Poor Discovery — Early Pricing,Hỏi thêm một câu trước khi phản hồi; dựng giá trị trước giá.,"[{""from"": ""No Sale"", ""to"": ""Poor Discovery""}, {""from"": ""Poor Discovery"", ""to"": ""Early Pricing""}, {""from"": ""Early Pricing"", ""to"": ""Weak Value""}]",cosmetics,0.86,"[""R-0187"", ""R-0189""]"
RC-000387,Đắt quá.,Gói này đang khuyến mãi.,Ignored Objection — No Follow-up,Hỏi thêm một câu trước khi phản hồi; dựng giá trị trước giá.,"[{""from"": ""No Sale"", ""to"": ""Ignored Objection""}, {""from"": ""Ignored Objection"", ""to"": ""No Follow-up""}, {""from"": ""No Follow-up"", ""to"": ""Lost Trust""}]",home_appliances,0.87,"[""R-0188"", ""R-0190""]"
RC-000388,Để hôm khác.,Dạ.,Missing Decision Maker — Wrong Closer,Hỏi thêm một câu trước khi phản hồi; dựng giá trị trước giá.,"[{""from"": ""No Sale"", ""to"": ""Missing Decision Maker""}, {""from"": ""Missing Decision Maker"", ""to"": ""Wrong Closer""}, {""from"": ""Wrong Closer"", ""to"": ""Stalled""}]",food,0.88,"[""R-0189"", ""R-0191""]"
RC-000389,Đắt quá.,Dạ.,Feature Dump — Confused Customer,Hỏi thêm một câu trước khi phản hồi; dựng giá trị trước giá.,"[{""from"": ""No Sale"", ""to"": ""Feature Dump""}, {""from"": ""Feature Dump"", ""to"": ""Confused Customer""}, {""from"": ""Confused Customer"", ""to"": ""Exit Intent""}]",electronics,0.89,"[""R-0190"", ""R-0192""]"
RC-000390,Để hôm khác.,Gói này đang khuyến mãi.,Pressure Close — Angry Customer,Hỏi thêm một câu trước khi phản hồi; dựng giá trị trước giá.,"[{""from"": ""No Sale"", ""to"": ""Pressure Close""}, {""from"": ""Pressure Close"", ""to"": ""Angry Customer""}, {""from"": ""Angry Customer"", ""to"": ""Complaint Risk""}]",furniture,0.6,"[""R-0191"", ""R-0193""]"
RC-000391,Đắt quá.,Dạ.,Poor Discovery — Early Pricing,Hỏi thêm một câu trước khi phản hồi; dựng giá trị trước giá.,"[{""from"": ""No Sale"", ""to"": ""Poor Discovery""}, {""from"": ""Poor Discovery"", ""to"": ""Early Pricing""}, {""from"": ""Early Pricing"", ""to"": ""Weak Value""}]",logistics,0.61,"[""R-0192"", ""R-0194""]"
RC-000392,Để hôm khác.,Dạ.,Ignored Objection — No Follow-up,Hỏi thêm một câu trước khi phản hồi; dựng giá trị trước giá.,"[{""from"": ""No Sale"", ""to"": ""Ignored Objection""}, {""from"": ""Ignored Objection"", ""to"": ""No Follow-up""}, {""from"": ""No Follow-up"", ""to"": ""Lost Trust""}]",travel,0.62,"[""R-0193"", ""R-0195""]"
RC-000393,Đắt quá.,Gói này đang khuyến mãi.,Missing Decision Maker — Wrong Closer,Hỏi thêm một câu trước khi phản hồi; dựng giá trị trước giá.,"[{""from"": ""No Sale"", ""to"": ""Missing Decision Maker""}, {""from"": ""Missing Decision Maker"", ""to"": ""Wrong Closer""}, {""from"": ""Wrong Closer"", ""to"": ""Stalled""}]",finance,0.63,"[""R-0194"", ""R-0196""]"
RC-000394,Để hôm khác.,Dạ.,Feature Dump — Confused Customer,Hỏi thêm một câu trước khi phản hồi; dựng giá trị trước giá.,"[{""from"": ""No Sale"", ""to"": ""Feature Dump""}, {""from"": ""Feature Dump"", ""to"": ""Confused Customer""}, {""from"": ""Confused Customer"", ""to"": ""Exit Intent""}]",fitness,0.64,"[""R-0195"", ""R-0197""]"
RC-000395,Đắt quá.,Dạ.,Pressure Close — Angry Customer,Hỏi thêm một câu trước khi phản hồi; dựng giá trị trước giá.,"[{""from"": ""No Sale"", ""to"": ""Pressure Close""}, {""from"": ""Pressure Close"", ""to"": ""Angry Customer""}, {""from"": ""Angry Customer"", ""to"": ""Complaint Risk""}]",plumbing,0.65,"[""R-0196"", ""R-0198""]"
RC-000396,Để hôm khác.,Gói này đang khuyến mãi.,Poor Discovery — Early Pricing,Hỏi thêm một câu trước khi phản hồi; dựng giá trị trước giá.,"[{""from"": ""No Sale"", ""to"": ""Poor Discovery""}, {""from"": ""Poor Discovery"", ""to"": ""Early Pricing""}, {""from"": ""Early Pricing"", ""to"": ""Weak Value""}]",repair,0.66,"[""R-0197"", ""R-0199""]"
RC-000397,Đắt quá.,Dạ.,Ignored Objection — No Follow-up,Hỏi thêm một câu trước khi phản hồi; dựng giá trị trước giá.,"[{""from"": ""No Sale"", ""to"": ""Ignored Objection""}, {""from"": ""Ignored Objection"", ""to"": ""No Follow-up""}, {""from"": ""No Follow-up"", ""to"": ""Lost Trust""}]",camera,0.67,"[""R-0198"", ""R-0200""]"
RC-000398,Để hôm khác.,Dạ.,Missing Decision Maker — Wrong Closer,Hỏi thêm một câu trước khi phản hồi; dựng giá trị trước giá.,"[{""from"": ""No Sale"", ""to"": ""Missing Decision Maker""}, {""from"": ""Missing Decision Maker"", ""to"": ""Wrong Closer""}, {""from"": ""Wrong Closer"", ""to"": ""Stalled""}]",medical_devices,0.68,"[""R-0199"", ""R-0002""]"
RC-000399,Đắt quá.,Gói này đang khuyến mãi.,Feature Dump — Confused Customer,Hỏi thêm một câu trước khi phản hồi; dựng giá trị trước giá.,"[{""from"": ""No Sale"", ""to"": ""Feature Dump""}, {""from"": ""Feature Dump"", ""to"": ""Confused Customer""}, {""from"": ""Confused Customer"", ""to"": ""Exit Intent""}]",b2b_services,0.69,"[""R-0200"", ""R-0003""]"
RC-000400,Để hôm khác.,Dạ.,Pressure Close — Angry Customer,Hỏi thêm một câu trước khi phản hồi; dựng giá trị trước giá.,"[{""from"": ""No Sale"", ""to"": ""Pressure Close""}, {""from"": ""Pressure Close"", ""to"": ""Angry Customer""}, {""from"": ""Angry Customer"", ""to"": ""Complaint Risk""}]",real_estate,0.7,"[""R-0001"", ""R-0004""]"
RC-000401,Đắt quá.,Dạ.,Poor Discovery — Early Pricing,Hỏi thêm một câu trước khi phản hồi; dựng giá trị trước giá.,"[{""from"": ""No Sale"", ""to"": ""Poor Discovery""}, {""from"": ""Poor Discovery"", ""to"": ""Early Pricing""}, {""from"": ""Early Pricing"", ""to"": ""Weak Value""}]",spa,0.71,"[""R-0002"", ""R-0005""]"
RC-000402,Để hôm khác.,Gói này đang khuyến mãi.,Ignored Objection — No Follow-up,Hỏi thêm một câu trước khi phản hồi; dựng giá trị trước giá.,"[{""from"": ""No Sale"", ""to"": ""Ignored Objection""}, {""from"": ""Ignored Objection"", ""to"": ""No Follow-up""}, {""from"": ""No Follow-up"", ""to"": ""Lost Trust""}]",dental,0.72,"[""R-0003"", ""R-0006""]"
RC-000403,Đắt quá.,Dạ.,Missing Decision Maker — Wrong Closer,Hỏi thêm một câu trước khi phản hồi; dựng giá trị trước giá.,"[{""from"": ""No Sale"", ""to"": ""Missing Decision Maker""}, {""from"": ""Missing Decision Maker"", ""to"": ""Wrong Closer""}, {""from"": ""Wrong Closer"", ""to"": ""Stalled""}]",insurance,0.73,"[""R-0004"", ""R-0007""]"
RC-000404,Để hôm khác.,Dạ.,Feature Dump — Confused Customer,Hỏi thêm một câu trước khi phản hồi; dựng giá trị trước giá.,"[{""from"": ""No Sale"", ""to"": ""Feature Dump""}, {""from"": ""Feature Dump"", ""to"": ""Confused Customer""}, {""from"": ""Confused Customer"", ""to"": ""Exit Intent""}]",education,0.74,"[""R-0005"", ""R-0008""]"
RC-000405,Đắt quá.,Gói này đang khuyến mãi.,Pressure Close — Angry Customer,Hỏi thêm một câu trước khi phản hồi; dựng giá trị trước giá.,"[{""from"": ""No Sale"", ""to"": ""Pressure Close""}, {""from"": ""Pressure Close"", ""to"": ""Angry Customer""}, {""from"": ""Angry Customer"", ""to"": ""Complaint Risk""}]",automotive,0.75,"[""R-0006"", ""R-0009""]"
RC-000406,Để hôm khác.,Dạ.,Poor Discovery — Early Pricing,Hỏi thêm một câu trước khi phản hồi; dựng giá trị trước giá.,"[{""from"": ""No Sale"", ""to"": ""Poor Discovery""}, {""from"": ""Poor Discovery"", ""to"": ""Early Pricing""}, {""from"": ""Early Pricing"", ""to"": ""Weak Value""}]",cosmetics,0.76,"[""R-0007"", ""R-0010""]"
RC-000407,Đắt quá.,Dạ.,Ignored Objection — No Follow-up,Hỏi thêm một câu trước khi phản hồi; dựng giá trị trước giá.,"[{""from"": ""No Sale"", ""to"": ""Ignored Objection""}, {""from"": ""Ignored Objection"", ""to"": ""No Follow-up""}, {""from"": ""No Follow-up"", ""to"": ""Lost Trust""}]",home_appliances,0.77,"[""R-0008"", ""R-0011""]"
RC-000408,Để hôm khác.,Gói này đang khuyến mãi.,Missing Decision Maker — Wrong Closer,Hỏi thêm một câu trước khi phản hồi; dựng giá trị trước giá.,"[{""from"": ""No Sale"", ""to"": ""Missing Decision Maker""}, {""from"": ""Missing Decision Maker"", ""to"": ""Wrong Closer""}, {""from"": ""Wrong Closer"", ""to"": ""Stalled""}]",food,0.78,"[""R-0009"", ""R-0012""]"
RC-000409,Đắt quá.,Dạ.,Feature Dump — Confused Customer,Hỏi thêm một câu trước khi phản hồi; dựng giá trị trước giá.,"[{""from"": ""No Sale"", ""to"": ""Feature Dump""}, {""from"": ""Feature Dump"", ""to"": ""Confused Customer""}, {""from"": ""Confused Customer"", ""to"": ""Exit Intent""}]",electronics,0.79,"[""R-0010"", ""R-0013""]"
RC-000410,Để hôm khác.,Dạ.,Pressure Close — Angry Customer,Hỏi thêm một câu trước khi phản hồi; dựng giá trị trước giá.,"[{""from"": ""No Sale"", ""to"": ""Pressure Close""}, {""from"": ""Pressure Close"", ""to"": ""Angry Customer""}, {""from"": ""Angry Customer"", ""to"": ""Complaint Risk""}]",furniture,0.8,"[""R-0011"", ""R-0014""]"
RC-000411,Đắt quá.,Gói này đang khuyến mãi.,Poor Discovery — Early Pricing,Hỏi thêm một câu trước khi phản hồi; dựng giá trị trước giá.,"[{""from"": ""No Sale"", ""to"": ""Poor Discovery""}, {""from"": ""Poor Discovery"", ""to"": ""Early Pricing""}, {""from"": ""Early Pricing"", ""to"": ""Weak Value""}]",logistics,0.81,"[""R-0012"", ""R-0015""]"
RC-000412,Để hôm khác.,Dạ.,Ignored Objection — No Follow-up,Hỏi thêm một câu trước khi phản hồi; dựng giá trị trước giá.,"[{""from"": ""No Sale"", ""to"": ""Ignored Objection""}, {""from"": ""Ignored Objection"", ""to"": ""No Follow-up""}, {""from"": ""No Follow-up"", ""to"": ""Lost Trust""}]",travel,0.82,"[""R-0013"", ""R-0016""]"
RC-000413,Đắt quá.,Dạ.,Missing Decision Maker — Wrong Closer,Hỏi thêm một câu trước khi phản hồi; dựng giá trị trước giá.,"[{""from"": ""No Sale"", ""to"": ""Missing Decision Maker""}, {""from"": ""Missing Decision Maker"", ""to"": ""Wrong Closer""}, {""from"": ""Wrong Closer"", ""to"": ""Stalled""}]",finance,0.83,"[""R-0014"", ""R-0017""]"
RC-000414,Để hôm khác.,Gói này đang khuyến mãi.,Feature Dump — Confused Customer,Hỏi thêm một câu trước khi phản hồi; dựng giá trị trước giá.,"[{""from"": ""No Sale"", ""to"": ""Feature Dump""}, {""from"": ""Feature Dump"", ""to"": ""Confused Customer""}, {""from"": ""Confused Customer"", ""to"": ""Exit Intent""}]",fitness,0.84,"[""R-0015"", ""R-0018""]"
RC-000415,Đắt quá.,Dạ.,Pressure Close — Angry Customer,Hỏi thêm một câu trước khi phản hồi; dựng giá trị trước giá.,"[{""from"": ""No Sale"", ""to"": ""Pressure Close""}, {""from"": ""Pressure Close"", ""to"": ""Angry Customer""}, {""from"": ""Angry Customer"", ""to"": ""Complaint Risk""}]",plumbing,0.85,"[""R-0016"", ""R-0019""]"
RC-000416,Để hôm khác.,Dạ.,Poor Discovery — Early Pricing,Hỏi thêm một câu trước khi phản hồi; dựng giá trị trước giá.,"[{""from"": ""No Sale"", ""to"": ""Poor Discovery""}, {""from"": ""Poor Discovery"", ""to"": ""Early Pricing""}, {""from"": ""Early Pricing"", ""to"": ""Weak Value""}]",repair,0.86,"[""R-0017"", ""R-0020""]"
RC-000417,Đắt quá.,Gói này đang khuyến mãi.,Ignored Objection — No Follow-up,Hỏi thêm một câu trước khi phản hồi; dựng giá trị trước giá.,"[{""from"": ""No Sale"", ""to"": ""Ignored Objection""}, {""from"": ""Ignored Objection"", ""to"": ""No Follow-up""}, {""from"": ""No Follow-up"", ""to"": ""Lost Trust""}]",camera,0.87,"[""R-0018"", ""R-0021""]"
RC-000418,Để hôm khác.,Dạ.,Missing Decision Maker — Wrong Closer,Hỏi thêm một câu trước khi phản hồi; dựng giá trị trước giá.,"[{""from"": ""No Sale"", ""to"": ""Missing Decision Maker""}, {""from"": ""Missing Decision Maker"", ""to"": ""Wrong Closer""}, {""from"": ""Wrong Closer"", ""to"": ""Stalled""}]",medical_devices,0.88,"[""R-0019"", ""R-0022""]"
RC-000419,Đắt quá.,Dạ.,Feature Dump — Confused Customer,Hỏi thêm một câu trước khi phản hồi; dựng giá trị trước giá.,"[{""from"": ""No Sale"", ""to"": ""Feature Dump""}, {""from"": ""Feature Dump"", ""to"": ""Confused Customer""}, {""from"": ""Confused Customer"", ""to"": ""Exit Intent""}]",b2b_services,0.89,"[""R-0020"", ""R-0023""]"
RC-000420,Để hôm khác.,Gói này đang khuyến mãi.,Pressure Close — Angry Customer,Hỏi thêm một câu trước khi phản hồi; dựng giá trị trước giá.,"[{""from"": ""No Sale"", ""to"": ""Pressure Close""}, {""from"": ""Pressure Close"", ""to"": ""Angry Customer""}, {""from"": ""Angry Customer"", ""to"": ""Complaint Risk""}]",real_estate,0.6,"[""R-0021"", ""R-0024""]"
RC-000421,Đắt quá.,Dạ.,Poor Discovery — Early Pricing,Hỏi thêm một câu trước khi phản hồi; dựng giá trị trước giá.,"[{""from"": ""No Sale"", ""to"": ""Poor Discovery""}, {""from"": ""Poor Discovery"", ""to"": ""Early Pricing""}, {""from"": ""Early Pricing"", ""to"": ""Weak Value""}]",spa,0.61,"[""R-0022"", ""R-0025""]"
RC-000422,Để hôm khác.,Dạ.,Ignored Objection — No Follow-up,Hỏi thêm một câu trước khi phản hồi; dựng giá trị trước giá.,"[{""from"": ""No Sale"", ""to"": ""Ignored Objection""}, {""from"": ""Ignored Objection"", ""to"": ""No Follow-up""}, {""from"": ""No Follow-up"", ""to"": ""Lost Trust""}]",dental,0.62,"[""R-0023"", ""R-0026""]"
RC-000423,Đắt quá.,Gói này đang khuyến mãi.,Missing Decision Maker — Wrong Closer,Hỏi thêm một câu trước khi phản hồi; dựng giá trị trước giá.,"[{""from"": ""No Sale"", ""to"": ""Missing Decision Maker""}, {""from"": ""Missing Decision Maker"", ""to"": ""Wrong Closer""}, {""from"": ""Wrong Closer"", ""to"": ""Stalled""}]",insurance,0.63,"[""R-0024"", ""R-0027""]"
RC-000424,Để hôm khác.,Dạ.,Feature Dump — Confused Customer,Hỏi thêm một câu trước khi phản hồi; dựng giá trị trước giá.,"[{""from"": ""No Sale"", ""to"": ""Feature Dump""}, {""from"": ""Feature Dump"", ""to"": ""Confused Customer""}, {""from"": ""Confused Customer"", ""to"": ""Exit Intent""}]",education,0.64,"[""R-0025"", ""R-0028""]"
RC-000425,Đắt quá.,Dạ.,Pressure Close — Angry Customer,Hỏi thêm một câu trước khi phản hồi; dựng giá trị trước giá.,"[{""from"": ""No Sale"", ""to"": ""Pressure Close""}, {""from"": ""Pressure Close"", ""to"": ""Angry Customer""}, {""from"": ""Angry Customer"", ""to"": ""Complaint Risk""}]",automotive,0.65,"[""R-0026"", ""R-0029""]"
RC-000426,Để hôm khác.,Gói này đang khuyến mãi.,Poor Discovery — Early Pricing,Hỏi thêm một câu trước khi phản hồi; dựng giá trị trước giá.,"[{""from"": ""No Sale"", ""to"": ""Poor Discovery""}, {""from"": ""Poor Discovery"", ""to"": ""Early Pricing""}, {""from"": ""Early Pricing"", ""to"": ""Weak Value""}]",cosmetics,0.66,"[""R-0027"", ""R-0030""]"
RC-000427,Đắt quá.,Dạ.,Ignored Objection — No Follow-up,Hỏi thêm một câu trước khi phản hồi; dựng giá trị trước giá.,"[{""from"": ""No Sale"", ""to"": ""Ignored Objection""}, {""from"": ""Ignored Objection"", ""to"": ""No Follow-up""}, {""from"": ""No Follow-up"", ""to"": ""Lost Trust""}]",home_appliances,0.67,"[""R-0028"", ""R-0031""]"
RC-000428,Để hôm khác.,Dạ.,Missing Decision Maker — Wrong Closer,Hỏi thêm một câu trước khi phản hồi; dựng giá trị trước giá.,"[{""from"": ""No Sale"", ""to"": ""Missing Decision Maker""}, {""from"": ""Missing Decision Maker"", ""to"": ""Wrong Closer""}, {""from"": ""Wrong Closer"", ""to"": ""Stalled""}]",food,0.68,"[""R-0029"", ""R-0032""]"
RC-000429,Đắt quá.,Gói này đang khuyến mãi.,Feature Dump — Confused Customer,Hỏi thêm một câu trước khi phản hồi; dựng giá trị trước giá.,"[{""from"": ""No Sale"", ""to"": ""Feature Dump""}, {""from"": ""Feature Dump"", ""to"": ""Confused Customer""}, {""from"": ""Confused Customer"", ""to"": ""Exit Intent""}]",electronics,0.69,"[""R-0030"", ""R-0033""]"
RC-000430,Để hôm khác.,Dạ.,Pressure Close — Angry Customer,Hỏi thêm một câu trước khi phản hồi; dựng giá trị trước giá.,"[{""from"": ""No Sale"", ""to"": ""Pressure Close""}, {""from"": ""Pressure Close"", ""to"": ""Angry Customer""}, {""from"": ""Angry Customer"", ""to"": ""Complaint Risk""}]",furniture,0.7,"[""R-0031"", ""R-0034""]"
RC-000431,Đắt quá.,Dạ.,Poor Discovery — Early Pricing,Hỏi thêm một câu trước khi phản hồi; dựng giá trị trước giá.,"[{""from"": ""No Sale"", ""to"": ""Poor Discovery""}, {""from"": ""Poor Discovery"", ""to"": ""Early Pricing""}, {""from"": ""Early Pricing"", ""to"": ""Weak Value""}]",logistics,0.71,"[""R-0032"", ""R-0035""]"
RC-000432,Để hôm khác.,Gói này đang khuyến mãi.,Ignored Objection — No Follow-up,Hỏi thêm một câu trước khi phản hồi; dựng giá trị trước giá.,"[{""from"": ""No Sale"", ""to"": ""Ignored Objection""}, {""from"": ""Ignored Objection"", ""to"": ""No Follow-up""}, {""from"": ""No Follow-up"", ""to"": ""Lost Trust""}]",travel,0.72,"[""R-0033"", ""R-0036""]"
RC-000433,Đắt quá.,Dạ.,Missing Decision Maker — Wrong Closer,Hỏi thêm một câu trước khi phản hồi; dựng giá trị trước giá.,"[{""from"": ""No Sale"", ""to"": ""Missing Decision Maker""}, {""from"": ""Missing Decision Maker"", ""to"": ""Wrong Closer""}, {""from"": ""Wrong Closer"", ""to"": ""Stalled""}]",finance,0.73,"[""R-0034"", ""R-0037""]"
RC-000434,Để hôm khác.,Dạ.,Feature Dump — Confused Customer,Hỏi thêm một câu trước khi phản hồi; dựng giá trị trước giá.,"[{""from"": ""No Sale"", ""to"": ""Feature Dump""}, {""from"": ""Feature Dump"", ""to"": ""Confused Customer""}, {""from"": ""Confused Customer"", ""to"": ""Exit Intent""}]",fitness,0.74,"[""R-0035"", ""R-0038""]"
RC-000435,Đắt quá.,Gói này đang khuyến mãi.,Pressure Close — Angry Customer,Hỏi thêm một câu trước khi phản hồi; dựng giá trị trước giá.,"[{""from"": ""No Sale"", ""to"": ""Pressure Close""}, {""from"": ""Pressure Close"", ""to"": ""Angry Customer""}, {""from"": ""Angry Customer"", ""to"": ""Complaint Risk""}]",plumbing,0.75,"[""R-0036"", ""R-0039""]"
RC-000436,Để hôm khác.,Dạ.,Poor Discovery — Early Pricing,Hỏi thêm một câu trước khi phản hồi; dựng giá trị trước giá.,"[{""from"": ""No Sale"", ""to"": ""Poor Discovery""}, {""from"": ""Poor Discovery"", ""to"": ""Early Pricing""}, {""from"": ""Early Pricing"", ""to"": ""Weak Value""}]",repair,0.76,"[""R-0037"", ""R-0040""]"
RC-000437,Đắt quá.,Dạ.,Ignored Objection — No Follow-up,Hỏi thêm một câu trước khi phản hồi; dựng giá trị trước giá.,"[{""from"": ""No Sale"", ""to"": ""Ignored Objection""}, {""from"": ""Ignored Objection"", ""to"": ""No Follow-up""}, {""from"": ""No Follow-up"", ""to"": ""Lost Trust""}]",camera,0.77,"[""R-0038"", ""R-0041""]"
RC-000438,Để hôm khác.,Gói này đang khuyến mãi.,Missing Decision Maker — Wrong Closer,Hỏi thêm một câu trước khi phản hồi; dựng giá trị trước giá.,"[{""from"": ""No Sale"", ""to"": ""Missing Decision Maker""}, {""from"": ""Missing Decision Maker"", ""to"": ""Wrong Closer""}, {""from"": ""Wrong Closer"", ""to"": ""Stalled""}]",medical_devices,0.78,"[""R-0039"", ""R-0042""]"
RC-000439,Đắt quá.,Dạ.,Feature Dump — Confused Customer,Hỏi thêm một câu trước khi phản hồi; dựng giá trị trước giá.,"[{""from"": ""No Sale"", ""to"": ""Feature Dump""}, {""from"": ""Feature Dump"", ""to"": ""Confused Customer""}, {""from"": ""Confused Customer"", ""to"": ""Exit Intent""}]",b2b_services,0.79,"[""R-0040"", ""R-0043""]"
RC-000440,Để hôm khác.,Dạ.,Pressure Close — Angry Customer,Hỏi thêm một câu trước khi phản hồi; dựng giá trị trước giá.,"[{""from"": ""No Sale"", ""to"": ""Pressure Close""}, {""from"": ""Pressure Close"", ""to"": ""Angry Customer""}, {""from"": ""Angry Customer"", ""to"": ""Complaint Risk""}]",real_estate,0.8,"[""R-0041"", ""R-0044""]"
RC-000441,Đắt quá.,Gói này đang khuyến mãi.,Poor Discovery — Early Pricing,Hỏi thêm một câu trước khi phản hồi; dựng giá trị trước giá.,"[{""from"": ""No Sale"", ""to"": ""Poor Discovery""}, {""from"": ""Poor Discovery"", ""to"": ""Early Pricing""}, {""from"": ""Early Pricing"", ""to"": ""Weak Value""}]",spa,0.81,"[""R-0042"", ""R-0045""]"
RC-000442,Để hôm khác.,Dạ.,Ignored Objection — No Follow-up,Hỏi thêm một câu trước khi phản hồi; dựng giá trị trước giá.,"[{""from"": ""No Sale"", ""to"": ""Ignored Objection""}, {""from"": ""Ignored Objection"", ""to"": ""No Follow-up""}, {""from"": ""No Follow-up"", ""to"": ""Lost Trust""}]",dental,0.82,"[""R-0043"", ""R-0046""]"
RC-000443,Đắt quá.,Dạ.,Missing Decision Maker — Wrong Closer,Hỏi thêm một câu trước khi phản hồi; dựng giá trị trước giá.,"[{""from"": ""No Sale"", ""to"": ""Missing Decision Maker""}, {""from"": ""Missing Decision Maker"", ""to"": ""Wrong Closer""}, {""from"": ""Wrong Closer"", ""to"": ""Stalled""}]",insurance,0.83,"[""R-0044"", ""R-0047""]"
RC-000444,Để hôm khác.,Gói này đang khuyến mãi.,Feature Dump — Confused Customer,Hỏi thêm một câu trước khi phản hồi; dựng giá trị trước giá.,"[{""from"": ""No Sale"", ""to"": ""Feature Dump""}, {""from"": ""Feature Dump"", ""to"": ""Confused Customer""}, {""from"": ""Confused Customer"", ""to"": ""Exit Intent""}]",education,0.84,"[""R-0045"", ""R-0048""]"
RC-000445,Đắt quá.,Dạ.,Pressure Close — Angry Customer,Hỏi thêm một câu trước khi phản hồi; dựng giá trị trước giá.,"[{""from"": ""No Sale"", ""to"": ""Pressure Close""}, {""from"": ""Pressure Close"", ""to"": ""Angry Customer""}, {""from"": ""Angry Customer"", ""to"": ""Complaint Risk""}]",automotive,0.85,"[""R-0046"", ""R-0049""]"
RC-000446,Để hôm khác.,Dạ.,Poor Discovery — Early Pricing,Hỏi thêm một câu trước khi phản hồi; dựng giá trị trước giá.,"[{""from"": ""No Sale"", ""to"": ""Poor Discovery""}, {""from"": ""Poor Discovery"", ""to"": ""Early Pricing""}, {""from"": ""Early Pricing"", ""to"": ""Weak Value""}]",cosmetics,0.86,"[""R-0047"", ""R-0050""]"
RC-000447,Đắt quá.,Gói này đang khuyến mãi.,Ignored Objection — No Follow-up,Hỏi thêm một câu trước khi phản hồi; dựng giá trị trước giá.,"[{""from"": ""No Sale"", ""to"": ""Ignored Objection""}, {""from"": ""Ignored Objection"", ""to"": ""No Follow-up""}, {""from"": ""No Follow-up"", ""to"": ""Lost Trust""}]",home_appliances,0.87,"[""R-0048"", ""R-0051""]"
RC-000448,Để hôm khác.,Dạ.,Missing Decision Maker — Wrong Closer,Hỏi thêm một câu trước khi phản hồi; dựng giá trị trước giá.,"[{""from"": ""No Sale"", ""to"": ""Missing Decision Maker""}, {""from"": ""Missing Decision Maker"", ""to"": ""Wrong Closer""}, {""from"": ""Wrong Closer"", ""to"": ""Stalled""}]",food,0.88,"[""R-0049"", ""R-0052""]"
RC-000449,Đắt quá.,Dạ.,Feature Dump — Confused Customer,Hỏi thêm một câu trước khi phản hồi; dựng giá trị trước giá.,"[{""from"": ""No Sale"", ""to"": ""Feature Dump""}, {""from"": ""Feature Dump"", ""to"": ""Confused Customer""}, {""from"": ""Confused Customer"", ""to"": ""Exit Intent""}]",electronics,0.89,"[""R-0050"", ""R-0053""]"
RC-000450,Để hôm khác.,Gói này đang khuyến mãi.,Pressure Close — Angry Customer,Hỏi thêm một câu trước khi phản hồi; dựng giá trị trước giá.,"[{""from"": ""No Sale"", ""to"": ""Pressure Close""}, {""from"": ""Pressure Close"", ""to"": ""Angry Customer""}, {""from"": ""Angry Customer"", ""to"": ""Complaint Risk""}]",furniture,0.6,"[""R-0051"", ""R-0054""]"
RC-000451,Đắt quá.,Dạ.,Poor Discovery — Early Pricing,Hỏi thêm một câu trước khi phản hồi; dựng giá trị trước giá.,"[{""from"": ""No Sale"", ""to"": ""Poor Discovery""}, {""from"": ""Poor Discovery"", ""to"": ""Early Pricing""}, {""from"": ""Early Pricing"", ""to"": ""Weak Value""}]",logistics,0.61,"[""R-0052"", ""R-0055""]"
RC-000452,Để hôm khác.,Dạ.,Ignored Objection — No Follow-up,Hỏi thêm một câu trước khi phản hồi; dựng giá trị trước giá.,"[{""from"": ""No Sale"", ""to"": ""Ignored Objection""}, {""from"": ""Ignored Objection"", ""to"": ""No Follow-up""}, {""from"": ""No Follow-up"", ""to"": ""Lost Trust""}]",travel,0.62,"[""R-0053"", ""R-0056""]"
RC-000453,Đắt quá.,Gói này đang khuyến mãi.,Missing Decision Maker — Wrong Closer,Hỏi thêm một câu trước khi phản hồi; dựng giá trị trước giá.,"[{""from"": ""No Sale"", ""to"": ""Missing Decision Maker""}, {""from"": ""Missing Decision Maker"", ""to"": ""Wrong Closer""}, {""from"": ""Wrong Closer"", ""to"": ""Stalled""}]",finance,0.63,"[""R-0054"", ""R-0057""]"
RC-000454,Để hôm khác.,Dạ.,Feature Dump — Confused Customer,Hỏi thêm một câu trước khi phản hồi; dựng giá trị trước giá.,"[{""from"": ""No Sale"", ""to"": ""Feature Dump""}, {""from"": ""Feature Dump"", ""to"": ""Confused Customer""}, {""from"": ""Confused Customer"", ""to"": ""Exit Intent""}]",fitness,0.64,"[""R-0055"", ""R-0058""]"
RC-000455,Đắt quá.,Dạ.,Pressure Close — Angry Customer,Hỏi thêm một câu trước khi phản hồi; dựng giá trị trước giá.,"[{""from"": ""No Sale"", ""to"": ""Pressure Close""}, {""from"": ""Pressure Close"", ""to"": ""Angry Customer""}, {""from"": ""Angry Customer"", ""to"": ""Complaint Risk""}]",plumbing,0.65,"[""R-0056"", ""R-0059""]"
RC-000456,Để hôm khác.,Gói này đang khuyến mãi.,Poor Discovery — Early Pricing,Hỏi thêm một câu trước khi phản hồi; dựng giá trị trước giá.,"[{""from"": ""No Sale"", ""to"": ""Poor Discovery""}, {""from"": ""Poor Discovery"", ""to"": ""Early Pricing""}, {""from"": ""Early Pricing"", ""to"": ""Weak Value""}]",repair,0.66,"[""R-0057"", ""R-0060""]"
RC-000457,Đắt quá.,Dạ.,Ignored Objection — No Follow-up,Hỏi thêm một câu trước khi phản hồi; dựng giá trị trước giá.,"[{""from"": ""No Sale"", ""to"": ""Ignored Objection""}, {""from"": ""Ignored Objection"", ""to"": ""No Follow-up""}, {""from"": ""No Follow-up"", ""to"": ""Lost Trust""}]",camera,0.67,"[""R-0058"", ""R-0061""]"
RC-000458,Để hôm khác.,Dạ.,Missing Decision Maker — Wrong Closer,Hỏi thêm một câu trước khi phản hồi; dựng giá trị trước giá.,"[{""from"": ""No Sale"", ""to"": ""Missing Decision Maker""}, {""from"": ""Missing Decision Maker"", ""to"": ""Wrong Closer""}, {""from"": ""Wrong Closer"", ""to"": ""Stalled""}]",medical_devices,0.68,"[""R-0059"", ""R-0062""]"
RC-000459,Đắt quá.,Gói này đang khuyến mãi.,Feature Dump — Confused Customer,Hỏi thêm một câu trước khi phản hồi; dựng giá trị trước giá.,"[{""from"": ""No Sale"", ""to"": ""Feature Dump""}, {""from"": ""Feature Dump"", ""to"": ""Confused Customer""}, {""from"": ""Confused Customer"", ""to"": ""Exit Intent""}]",b2b_services,0.69,"[""R-0060"", ""R-0063""]"
RC-000460,Để hôm khác.,Dạ.,Pressure Close — Angry Customer,Hỏi thêm một câu trước khi phản hồi; dựng giá trị trước giá.,"[{""from"": ""No Sale"", ""to"": ""Pressure Close""}, {""from"": ""Pressure Close"", ""to"": ""Angry Customer""}, {""from"": ""Angry Customer"", ""to"": ""Complaint Risk""}]",real_estate,0.7,"[""R-0061"", ""R-0064""]"
RC-000461,Đắt quá.,Dạ.,Poor Discovery — Early Pricing,Hỏi thêm một câu trước khi phản hồi; dựng giá trị trước giá.,"[{""from"": ""No Sale"", ""to"": ""Poor Discovery""}, {""from"": ""Poor Discovery"", ""to"": ""Early Pricing""}, {""from"": ""Early Pricing"", ""to"": ""Weak Value""}]",spa,0.71,"[""R-0062"", ""R-0065""]"
RC-000462,Để hôm khác.,Gói này đang khuyến mãi.,Ignored Objection — No Follow-up,Hỏi thêm một câu trước khi phản hồi; dựng giá trị trước giá.,"[{""from"": ""No Sale"", ""to"": ""Ignored Objection""}, {""from"": ""Ignored Objection"", ""to"": ""No Follow-up""}, {""from"": ""No Follow-up"", ""to"": ""Lost Trust""}]",dental,0.72,"[""R-0063"", ""R-0066""]"
RC-000463,Đắt quá.,Dạ.,Missing Decision Maker — Wrong Closer,Hỏi thêm một câu trước khi phản hồi; dựng giá trị trước giá.,"[{""from"": ""No Sale"", ""to"": ""Missing Decision Maker""}, {""from"": ""Missing Decision Maker"", ""to"": ""Wrong Closer""}, {""from"": ""Wrong Closer"", ""to"": ""Stalled""}]",insurance,0.73,"[""R-0064"", ""R-0067""]"
RC-000464,Để hôm khác.,Dạ.,Feature Dump — Confused Customer,Hỏi thêm một câu trước khi phản hồi; dựng giá trị trước giá.,"[{""from"": ""No Sale"", ""to"": ""Feature Dump""}, {""from"": ""Feature Dump"", ""to"": ""Confused Customer""}, {""from"": ""Confused Customer"", ""to"": ""Exit Intent""}]",education,0.74,"[""R-0065"", ""R-0068""]"
RC-000465,Đắt quá.,Gói này đang khuyến mãi.,Pressure Close — Angry Customer,Hỏi thêm một câu trước khi phản hồi; dựng giá trị trước giá.,"[{""from"": ""No Sale"", ""to"": ""Pressure Close""}, {""from"": ""Pressure Close"", ""to"": ""Angry Customer""}, {""from"": ""Angry Customer"", ""to"": ""Complaint Risk""}]",automotive,0.75,"[""R-0066"", ""R-0069""]"
RC-000466,Để hôm khác.,Dạ.,Poor Discovery — Early Pricing,Hỏi thêm một câu trước khi phản hồi; dựng giá trị trước giá.,"[{""from"": ""No Sale"", ""to"": ""Poor Discovery""}, {""from"": ""Poor Discovery"", ""to"": ""Early Pricing""}, {""from"": ""Early Pricing"", ""to"": ""Weak Value""}]",cosmetics,0.76,"[""R-0067"", ""R-0070""]"
RC-000467,Đắt quá.,Dạ.,Ignored Objection — No Follow-up,Hỏi thêm một câu trước khi phản hồi; dựng giá trị trước giá.,"[{""from"": ""No Sale"", ""to"": ""Ignored Objection""}, {""from"": ""Ignored Objection"", ""to"": ""No Follow-up""}, {""from"": ""No Follow-up"", ""to"": ""Lost Trust""}]",home_appliances,0.77,"[""R-0068"", ""R-0071""]"
RC-000468,Để hôm khác.,Gói này đang khuyến mãi.,Missing Decision Maker — Wrong Closer,Hỏi thêm một câu trước khi phản hồi; dựng giá trị trước giá.,"[{""from"": ""No Sale"", ""to"": ""Missing Decision Maker""}, {""from"": ""Missing Decision Maker"", ""to"": ""Wrong Closer""}, {""from"": ""Wrong Closer"", ""to"": ""Stalled""}]",food,0.78,"[""R-0069"", ""R-0072""]"
RC-000469,Đắt quá.,Dạ.,Feature Dump — Confused Customer,Hỏi thêm một câu trước khi phản hồi; dựng giá trị trước giá.,"[{""from"": ""No Sale"", ""to"": ""Feature Dump""}, {""from"": ""Feature Dump"", ""to"": ""Confused Customer""}, {""from"": ""Confused Customer"", ""to"": ""Exit Intent""}]",electronics,0.79,"[""R-0070"", ""R-0073""]"
RC-000470,Để hôm khác.,Dạ.,Pressure Close — Angry Customer,Hỏi thêm một câu trước khi phản hồi; dựng giá trị trước giá.,"[{""from"": ""No Sale"", ""to"": ""Pressure Close""}, {""from"": ""Pressure Close"", ""to"": ""Angry Customer""}, {""from"": ""Angry Customer"", ""to"": ""Complaint Risk""}]",furniture,0.8,"[""R-0071"", ""R-0074""]"
RC-000471,Đắt quá.,Gói này đang khuyến mãi.,Poor Discovery — Early Pricing,Hỏi thêm một câu trước khi phản hồi; dựng giá trị trước giá.,"[{""from"": ""No Sale"", ""to"": ""Poor Discovery""}, {""from"": ""Poor Discovery"", ""to"": ""Early Pricing""}, {""from"": ""Early Pricing"", ""to"": ""Weak Value""}]",logistics,0.81,"[""R-0072"", ""R-0075""]"
RC-000472,Để hôm khác.,Dạ.,Ignored Objection — No Follow-up,Hỏi thêm một câu trước khi phản hồi; dựng giá trị trước giá.,"[{""from"": ""No Sale"", ""to"": ""Ignored Objection""}, {""from"": ""Ignored Objection"", ""to"": ""No Follow-up""}, {""from"": ""No Follow-up"", ""to"": ""Lost Trust""}]",travel,0.82,"[""R-0073"", ""R-0076""]"
RC-000473,Đắt quá.,Dạ.,Missing Decision Maker — Wrong Closer,Hỏi thêm một câu trước khi phản hồi; dựng giá trị trước giá.,"[{""from"": ""No Sale"", ""to"": ""Missing Decision Maker""}, {""from"": ""Missing Decision Maker"", ""to"": ""Wrong Closer""}, {""from"": ""Wrong Closer"", ""to"": ""Stalled""}]",finance,0.83,"[""R-0074"", ""R-0077""]"
RC-000474,Để hôm khác.,Gói này đang khuyến mãi.,Feature Dump — Confused Customer,Hỏi thêm một câu trước khi phản hồi; dựng giá trị trước giá.,"[{""from"": ""No Sale"", ""to"": ""Feature Dump""}, {""from"": ""Feature Dump"", ""to"": ""Confused Customer""}, {""from"": ""Confused Customer"", ""to"": ""Exit Intent""}]",fitness,0.84,"[""R-0075"", ""R-0078""]"
RC-000475,Đắt quá.,Dạ.,Pressure Close — Angry Customer,Hỏi thêm một câu trước khi phản hồi; dựng giá trị trước giá.,"[{""from"": ""No Sale"", ""to"": ""Pressure Close""}, {""from"": ""Pressure Close"", ""to"": ""Angry Customer""}, {""from"": ""Angry Customer"", ""to"": ""Complaint Risk""}]",plumbing,0.85,"[""R-0076"", ""R-0079""]"
RC-000476,Để hôm khác.,Dạ.,Poor Discovery — Early Pricing,Hỏi thêm một câu trước khi phản hồi; dựng giá trị trước giá.,"[{""from"": ""No Sale"", ""to"": ""Poor Discovery""}, {""from"": ""Poor Discovery"", ""to"": ""Early Pricing""}, {""from"": ""Early Pricing"", ""to"": ""Weak Value""}]",repair,0.86,"[""R-0077"", ""R-0080""]"
RC-000477,Đắt quá.,Gói này đang khuyến mãi.,Ignored Objection — No Follow-up,Hỏi thêm một câu trước khi phản hồi; dựng giá trị trước giá.,"[{""from"": ""No Sale"", ""to"": ""Ignored Objection""}, {""from"": ""Ignored Objection"", ""to"": ""No Follow-up""}, {""from"": ""No Follow-up"", ""to"": ""Lost Trust""}]",camera,0.87,"[""R-0078"", ""R-0081""]"
RC-000478,Để hôm khác.,Dạ.,Missing Decision Maker — Wrong Closer,Hỏi thêm một câu trước khi phản hồi; dựng giá trị trước giá.,"[{""from"": ""No Sale"", ""to"": ""Missing Decision Maker""}, {""from"": ""Missing Decision Maker"", ""to"": ""Wrong Closer""}, {""from"": ""Wrong Closer"", ""to"": ""Stalled""}]",medical_devices,0.88,"[""R-0079"", ""R-0082""]"
RC-000479,Đắt quá.,Dạ.,Feature Dump — Confused Customer,Hỏi thêm một câu trước khi phản hồi; dựng giá trị trước giá.,"[{""from"": ""No Sale"", ""to"": ""Feature Dump""}, {""from"": ""Feature Dump"", ""to"": ""Confused Customer""}, {""from"": ""Confused Customer"", ""to"": ""Exit Intent""}]",b2b_services,0.89,"[""R-0080"", ""R-0083""]"
RC-000480,Để hôm khác.,Gói này đang khuyến mãi.,Pressure Close — Angry Customer,Hỏi thêm một câu trước khi phản hồi; dựng giá trị trước giá.,"[{""from"": ""No Sale"", ""to"": ""Pressure Close""}, {""from"": ""Pressure Close"", ""to"": ""Angry Customer""}, {""from"": ""Angry Customer"", ""to"": ""Complaint Risk""}]",real_estate,0.6,"[""R-0081"", ""R-0084""]"
RC-000481,Đắt quá.,Dạ.,Poor Discovery — Early Pricing,Hỏi thêm một câu trước khi phản hồi; dựng giá trị trước giá.,"[{""from"": ""No Sale"", ""to"": ""Poor Discovery""}, {""from"": ""Poor Discovery"", ""to"": ""Early Pricing""}, {""from"": ""Early Pricing"", ""to"": ""Weak Value""}]",spa,0.61,"[""R-0082"", ""R-0085""]"
RC-000482,Để hôm khác.,Dạ.,Ignored Objection — No Follow-up,Hỏi thêm một câu trước khi phản hồi; dựng giá trị trước giá.,"[{""from"": ""No Sale"", ""to"": ""Ignored Objection""}, {""from"": ""Ignored Objection"", ""to"": ""No Follow-up""}, {""from"": ""No Follow-up"", ""to"": ""Lost Trust""}]",dental,0.62,"[""R-0083"", ""R-0086""]"
RC-000483,Đắt quá.,Gói này đang khuyến mãi.,Missing Decision Maker — Wrong Closer,Hỏi thêm một câu trước khi phản hồi; dựng giá trị trước giá.,"[{""from"": ""No Sale"", ""to"": ""Missing Decision Maker""}, {""from"": ""Missing Decision Maker"", ""to"": ""Wrong Closer""}, {""from"": ""Wrong Closer"", ""to"": ""Stalled""}]",insurance,0.63,"[""R-0084"", ""R-0087""]"
RC-000484,Để hôm khác.,Dạ.,Feature Dump — Confused Customer,Hỏi thêm một câu trước khi phản hồi; dựng giá trị trước giá.,"[{""from"": ""No Sale"", ""to"": ""Feature Dump""}, {""from"": ""Feature Dump"", ""to"": ""Confused Customer""}, {""from"": ""Confused Customer"", ""to"": ""Exit Intent""}]",education,0.64,"[""R-0085"", ""R-0088""]"
RC-000485,Đắt quá.,Dạ.,Pressure Close — Angry Customer,Hỏi thêm một câu trước khi phản hồi; dựng giá trị trước giá.,"[{""from"": ""No Sale"", ""to"": ""Pressure Close""}, {""from"": ""Pressure Close"", ""to"": ""Angry Customer""}, {""from"": ""Angry Customer"", ""to"": ""Complaint Risk""}]",automotive,0.65,"[""R-0086"", ""R-0089""]"
RC-000486,Để hôm khác.,Gói này đang khuyến mãi.,Poor Discovery — Early Pricing,Hỏi thêm một câu trước khi phản hồi; dựng giá trị trước giá.,"[{""from"": ""No Sale"", ""to"": ""Poor Discovery""}, {""from"": ""Poor Discovery"", ""to"": ""Early Pricing""}, {""from"": ""Early Pricing"", ""to"": ""Weak Value""}]",cosmetics,0.66,"[""R-0087"", ""R-0090""]"
RC-000487,Đắt quá.,Dạ.,Ignored Objection — No Follow-up,Hỏi thêm một câu trước khi phản hồi; dựng giá trị trước giá.,"[{""from"": ""No Sale"", ""to"": ""Ignored Objection""}, {""from"": ""Ignored Objection"", ""to"": ""No Follow-up""}, {""from"": ""No Follow-up"", ""to"": ""Lost Trust""}]",home_appliances,0.67,"[""R-0088"", ""R-0091""]"
RC-000488,Để hôm khác.,Dạ.,Missing Decision Maker — Wrong Closer,Hỏi thêm một câu trước khi phản hồi; dựng giá trị trước giá.,"[{""from"": ""No Sale"", ""to"": ""Missing Decision Maker""}, {""from"": ""Missing Decision Maker"", ""to"": ""Wrong Closer""}, {""from"": ""Wrong Closer"", ""to"": ""Stalled""}]",food,0.68,"[""R-0089"", ""R-0092""]"
RC-000489,Đắt quá.,Gói này đang khuyến mãi.,Feature Dump — Confused Customer,Hỏi thêm một câu trước khi phản hồi; dựng giá trị trước giá.,"[{""from"": ""No Sale"", ""to"": ""Feature Dump""}, {""from"": ""Feature Dump"", ""to"": ""Confused Customer""}, {""from"": ""Confused Customer"", ""to"": ""Exit Intent""}]",electronics,0.69,"[""R-0090"", ""R-0093""]"
RC-000490,Để hôm khác.,Dạ.,Pressure Close — Angry Customer,Hỏi thêm một câu trước khi phản hồi; dựng giá trị trước giá.,"[{""from"": ""No Sale"", ""to"": ""Pressure Close""}, {""from"": ""Pressure Close"", ""to"": ""Angry Customer""}, {""from"": ""Angry Customer"", ""to"": ""Complaint Risk""}]",furniture,0.7,"[""R-0091"", ""R-0094""]"
RC-000491,Đắt quá.,Dạ.,Poor Discovery — Early Pricing,Hỏi thêm một câu trước khi phản hồi; dựng giá trị trước giá.,"[{""from"": ""No Sale"", ""to"": ""Poor Discovery""}, {""from"": ""Poor Discovery"", ""to"": ""Early Pricing""}, {""from"": ""Early Pricing"", ""to"": ""Weak Value""}]",logistics,0.71,"[""R-0092"", ""R-0095""]"
RC-000492,Để hôm khác.,Gói này đang khuyến mãi.,Ignored Objection — No Follow-up,Hỏi thêm một câu trước khi phản hồi; dựng giá trị trước giá.,"[{""from"": ""No Sale"", ""to"": ""Ignored Objection""}, {""from"": ""Ignored Objection"", ""to"": ""No Follow-up""}, {""from"": ""No Follow-up"", ""to"": ""Lost Trust""}]",travel,0.72,"[""R-0093"", ""R-0096""]"
RC-000493,Đắt quá.,Dạ.,Missing Decision Maker — Wrong Closer,Hỏi thêm một câu trước khi phản hồi; dựng giá trị trước giá.,"[{""from"": ""No Sale"", ""to"": ""Missing Decision Maker""}, {""from"": ""Missing Decision Maker"", ""to"": ""Wrong Closer""}, {""from"": ""Wrong Closer"", ""to"": ""Stalled""}]",finance,0.73,"[""R-0094"", ""R-0097""]"
RC-000494,Để hôm khác.,Dạ.,Feature Dump — Confused Customer,Hỏi thêm một câu trước khi phản hồi; dựng giá trị trước giá.,"[{""from"": ""No Sale"", ""to"": ""Feature Dump""}, {""from"": ""Feature Dump"", ""to"": ""Confused Customer""}, {""from"": ""Confused Customer"", ""to"": ""Exit Intent""}]",fitness,0.74,"[""R-0095"", ""R-0098""]"
RC-000495,Đắt quá.,Gói này đang khuyến mãi.,Pressure Close — Angry Customer,Hỏi thêm một câu trước khi phản hồi; dựng giá trị trước giá.,"[{""from"": ""No Sale"", ""to"": ""Pressure Close""}, {""from"": ""Pressure Close"", ""to"": ""Angry Customer""}, {""from"": ""Angry Customer"", ""to"": ""Complaint Risk""}]",plumbing,0.75,"[""R-0096"", ""R-0099""]"
RC-000496,Để hôm khác.,Dạ.,Poor Discovery — Early Pricing,Hỏi thêm một câu trước khi phản hồi; dựng giá trị trước giá.,"[{""from"": ""No Sale"", ""to"": ""Poor Discovery""}, {""from"": ""Poor Discovery"", ""to"": ""Early Pricing""}, {""from"": ""Early Pricing"", ""to"": ""Weak Value""}]",repair,0.76,"[""R-0097"", ""R-0100""]"
RC-000497,Đắt quá.,Dạ.,Ignored Objection — No Follow-up,Hỏi thêm một câu trước khi phản hồi; dựng giá trị trước giá.,"[{""from"": ""No Sale"", ""to"": ""Ignored Objection""}, {""from"": ""Ignored Objection"", ""to"": ""No Follow-up""}, {""from"": ""No Follow-up"", ""to"": ""Lost Trust""}]",camera,0.77,"[""R-0098"", ""R-0101""]"
RC-000498,Để hôm khác.,Gói này đang khuyến mãi.,Missing Decision Maker — Wrong Closer,Hỏi thêm một câu trước khi phản hồi; dựng giá trị trước giá.,"[{""from"": ""No Sale"", ""to"": ""Missing Decision Maker""}, {""from"": ""Missing Decision Maker"", ""to"": ""Wrong Closer""}, {""from"": ""Wrong Closer"", ""to"": ""Stalled""}]",medical_devices,0.78,"[""R-0099"", ""R-0102""]"
RC-000499,Đắt quá.,Dạ.,Feature Dump — Confused Customer,Hỏi thêm một câu trước khi phản hồi; dựng giá trị trước giá.,"[{""from"": ""No Sale"", ""to"": ""Feature Dump""}, {""from"": ""Feature Dump"", ""to"": ""Confused Customer""}, {""from"": ""Confused Customer"", ""to"": ""Exit Intent""}]",b2b_services,0.79,"[""R-0100"", ""R-0103""]"
RC-000500,Để hôm khác.,Dạ.,Pressure Close — Angry Customer,Hỏi thêm một câu trước khi phản hồi; dựng giá trị trước giá.,"[{""from"": ""No Sale"", ""to"": ""Pressure Close""}, {""from"": ""Pressure Close"", ""to"": ""Angry Customer""}, {""from"": ""Angry Customer"", ""to"": ""Complaint Risk""}]",real_estate,0.8,"[""R-0101"", ""R-0104""]"
