id,name,code,definition,trigger,counter_example,confidence_rule,coaching,industry_affinity
INT-000001,Price Concern #1,price_concern_0001,Khách lo về giá hoặc ngân sách,"[""đắt"", ""mắc"", ""giảm giá"", ""biến thể ngữ cảnh 1""]","[""Chỉ hỏi cấu phần gói, không nhắc giá"", ""Không phải Price Concern: ngữ cảnh khác 1""]",confidence>= 0.56 nếu khớp >=1 trigger và không khớp counter,"Khi gặp Price Concern: xác nhận cảm xúc, hỏi 1 câu mở, đưa proof phù hợp.","[""spa"", ""insurance""]"
INT-000002,Need More Time #2,need_more_time_0002,Khách muốn trì hoãn quyết định,"[""để hôm khác"", ""cuối tháng"", ""biến thể ngữ cảnh 2""]","[""Đồng ý chốt ngay"", ""Không phải Need More Time: ngữ cảnh khác 2""]",confidence>= 0.57 nếu khớp >=1 trigger và không khớp counter,"Khi gặp Need More Time: xác nhận cảm xúc, hỏi 1 câu mở, đưa proof phù hợp.","[""dental"", ""cosmetics""]"
INT-000003,Trust Issue #3,trust_issue_0003,Khách nghi ngờ uy tín,"[""lừa"", ""công ty ở đâu"", ""biến thể ngữ cảnh 3""]","[""Hỏi lịch giao hàng"", ""Không phải Trust Issue: ngữ cảnh khác 3""]",confidence>= 0.58 nếu khớp >=1 trigger và không khớp counter,"Khi gặp Trust Issue: xác nhận cảm xúc, hỏi 1 câu mở, đưa proof phù hợp.","[""insurance"", ""electronics""]"
INT-000004,Decision Maker Missing #4,decision_maker_missing_0004,Thiếu người quyết định,"[""hỏi vợ"", ""hỏi sếp"", ""biến thể ngữ cảnh 4""]","[""Tự chốt một mình"", ""Không phải Decision Maker Missing: ngữ cảnh khác 4""]",confidence>= 0.59 nếu khớp >=1 trigger và không khớp counter,"Khi gặp Decision Maker Missing: xác nhận cảm xúc, hỏi 1 câu mở, đưa proof phù hợp.","[""education"", ""travel""]"
INT-000005,Competitor Comparison #5,competitor_comparison_0005,So sánh đối thủ,"[""bên kia"", ""rẻ hơn"", ""biến thể ngữ cảnh 5""]","[""Chỉ hỏi bảo hành"", ""Không phải Competitor Comparison: ngữ cảnh khác 5""]",confidence>= 0.60 nếu khớp >=1 trigger và không khớp counter,"Khi gặp Competitor Comparison: xác nhận cảm xúc, hỏi 1 câu mở, đưa proof phù hợp.","[""automotive"", ""plumbing""]"
INT-000006,Busy #6,busy_0006,Khách đang bận,"[""đang bận"", ""gọi lại"", ""biến thể ngữ cảnh 6""]","[""Muốn demo ngay"", ""Không phải Busy: ngữ cảnh khác 6""]",confidence>= 0.61 nếu khớp >=1 trigger và không khớp counter,"Khi gặp Busy: xác nhận cảm xúc, hỏi 1 câu mở, đưa proof phù hợp.","[""cosmetics"", ""medical_devices""]"
INT-000007,Interested #7,interested_0007,Khách quan tâm,"[""hay"", ""cho xem"", ""biến thể ngữ cảnh 7""]","[""Từ chối cứng"", ""Không phải Interested: ngữ cảnh khác 7""]",confidence>= 0.62 nếu khớp >=1 trigger và không khớp counter,"Khi gặp Interested: xác nhận cảm xúc, hỏi 1 câu mở, đưa proof phù hợp.","[""home_appliances"", ""spa""]"
INT-000008,Ready To Buy #8,ready_to_buy_0008,Sẵn sàng mua,"[""chốt"", ""thanh toán"", ""biến thể ngữ cảnh 8""]","[""Chỉ hỏi cho vui"", ""Không phải Ready To Buy: ngữ cảnh khác 8""]",confidence>= 0.63 nếu khớp >=1 trigger và không khớp counter,"Khi gặp Ready To Buy: xác nhận cảm xúc, hỏi 1 câu mở, đưa proof phù hợp.","[""food"", ""education""]"
INT-000009,Fake Agreement #9,fake_agreement_0009,Đồng ý giả để kết thúc,"[""để xem đã"", ""ok nhưng"", ""biến thể ngữ cảnh 9""]","[""Yêu cầu hợp đồng ngay"", ""Không phải Fake Agreement: ngữ cảnh khác 9""]",confidence>= 0.64 nếu khớp >=1 trigger và không khớp counter,"Khi gặp Fake Agreement: xác nhận cảm xúc, hỏi 1 câu mở, đưa proof phù hợp.","[""electronics"", ""home_appliances""]"
INT-000010,Soft Rejection #10,soft_rejection_0010,Từ chối mềm,"[""chưa cần"", ""để sau"", ""biến thể ngữ cảnh 10""]","[""Hỏi lịch lắp đặt"", ""Không phải Soft Rejection: ngữ cảnh khác 10""]",confidence>= 0.65 nếu khớp >=1 trigger và không khớp counter,"Khi gặp Soft Rejection: xác nhận cảm xúc, hỏi 1 câu mở, đưa proof phù hợp.","[""furniture"", ""furniture""]"
INT-000011,Price Concern #11,price_concern_0011,Khách lo về giá hoặc ngân sách,"[""đắt"", ""mắc"", ""giảm giá"", ""biến thể ngữ cảnh 11""]","[""Chỉ hỏi cấu phần gói, không nhắc giá"", ""Không phải Price Concern: ngữ cảnh khác 11""]",confidence>= 0.66 nếu khớp >=1 trigger và không khớp counter,"Khi gặp Price Concern: xác nhận cảm xúc, hỏi 1 câu mở, đưa proof phù hợp.","[""logistics"", ""finance""]"
INT-000012,Need More Time #12,need_more_time_0012,Khách muốn trì hoãn quyết định,"[""để hôm khác"", ""cuối tháng"", ""biến thể ngữ cảnh 12""]","[""Đồng ý chốt ngay"", ""Không phải Need More Time: ngữ cảnh khác 12""]",confidence>= 0.67 nếu khớp >=1 trigger và không khớp counter,"Khi gặp Need More Time: xác nhận cảm xúc, hỏi 1 câu mở, đưa proof phù hợp.","[""travel"", ""repair""]"
INT-000013,Trust Issue #13,trust_issue_0013,Khách nghi ngờ uy tín,"[""lừa"", ""công ty ở đâu"", ""biến thể ngữ cảnh 13""]","[""Hỏi lịch giao hàng"", ""Không phải Trust Issue: ngữ cảnh khác 13""]",confidence>= 0.68 nếu khớp >=1 trigger và không khớp counter,"Khi gặp Trust Issue: xác nhận cảm xúc, hỏi 1 câu mở, đưa proof phù hợp.","[""finance"", ""b2b_services""]"
INT-000014,Decision Maker Missing #14,decision_maker_missing_0014,Thiếu người quyết định,"[""hỏi vợ"", ""hỏi sếp"", ""biến thể ngữ cảnh 14""]","[""Tự chốt một mình"", ""Không phải Decision Maker Missing: ngữ cảnh khác 14""]",confidence>= 0.69 nếu khớp >=1 trigger và không khớp counter,"Khi gặp Decision Maker Missing: xác nhận cảm xúc, hỏi 1 câu mở, đưa proof phù hợp.","[""fitness"", ""dental""]"
INT-000015,Competitor Comparison #15,competitor_comparison_0015,So sánh đối thủ,"[""bên kia"", ""rẻ hơn"", ""biến thể ngữ cảnh 15""]","[""Chỉ hỏi bảo hành"", ""Không phải Competitor Comparison: ngữ cảnh khác 15""]",confidence>= 0.70 nếu khớp >=1 trigger và không khớp counter,"Khi gặp Competitor Comparison: xác nhận cảm xúc, hỏi 1 câu mở, đưa proof phù hợp.","[""plumbing"", ""automotive""]"
INT-000016,Busy #16,busy_0016,Khách đang bận,"[""đang bận"", ""gọi lại"", ""biến thể ngữ cảnh 16""]","[""Muốn demo ngay"", ""Không phải Busy: ngữ cảnh khác 16""]",confidence>= 0.71 nếu khớp >=1 trigger và không khớp counter,"Khi gặp Busy: xác nhận cảm xúc, hỏi 1 câu mở, đưa proof phù hợp.","[""repair"", ""food""]"
INT-000017,Interested #17,interested_0017,Khách quan tâm,"[""hay"", ""cho xem"", ""biến thể ngữ cảnh 17""]","[""Từ chối cứng"", ""Không phải Interested: ngữ cảnh khác 17""]",confidence>= 0.72 nếu khớp >=1 trigger và không khớp counter,"Khi gặp Interested: xác nhận cảm xúc, hỏi 1 câu mở, đưa proof phù hợp.","[""camera"", ""logistics""]"
INT-000018,Ready To Buy #18,ready_to_buy_0018,Sẵn sàng mua,"[""chốt"", ""thanh toán"", ""biến thể ngữ cảnh 18""]","[""Chỉ hỏi cho vui"", ""Không phải Ready To Buy: ngữ cảnh khác 18""]",confidence>= 0.73 nếu khớp >=1 trigger và không khớp counter,"Khi gặp Ready To Buy: xác nhận cảm xúc, hỏi 1 câu mở, đưa proof phù hợp.","[""medical_devices"", ""fitness""]"
INT-000019,Fake Agreement #19,fake_agreement_0019,Đồng ý giả để kết thúc,"[""để xem đã"", ""ok nhưng"", ""biến thể ngữ cảnh 19""]","[""Yêu cầu hợp đồng ngay"", ""Không phải Fake Agreement: ngữ cảnh khác 19""]",confidence>= 0.74 nếu khớp >=1 trigger và không khớp counter,"Khi gặp Fake Agreement: xác nhận cảm xúc, hỏi 1 câu mở, đưa proof phù hợp.","[""b2b_services"", ""camera""]"
INT-000020,Soft Rejection #20,soft_rejection_0020,Từ chối mềm,"[""chưa cần"", ""để sau"", ""biến thể ngữ cảnh 20""]","[""Hỏi lịch lắp đặt"", ""Không phải Soft Rejection: ngữ cảnh khác 20""]",confidence>= 0.75 nếu khớp >=1 trigger và không khớp counter,"Khi gặp Soft Rejection: xác nhận cảm xúc, hỏi 1 câu mở, đưa proof phù hợp.","[""real_estate"", ""real_estate""]"
INT-000021,Price Concern #21,price_concern_0021,Khách lo về giá hoặc ngân sách,"[""đắt"", ""mắc"", ""giảm giá"", ""biến thể ngữ cảnh 21""]","[""Chỉ hỏi cấu phần gói, không nhắc giá"", ""Không phải Price Concern: ngữ cảnh khác 21""]",confidence>= 0.76 nếu khớp >=1 trigger và không khớp counter,"Khi gặp Price Concern: xác nhận cảm xúc, hỏi 1 câu mở, đưa proof phù hợp.","[""spa"", ""insurance""]"
INT-000022,Need More Time #22,need_more_time_0022,Khách muốn trì hoãn quyết định,"[""để hôm khác"", ""cuối tháng"", ""biến thể ngữ cảnh 22""]","[""Đồng ý chốt ngay"", ""Không phải Need More Time: ngữ cảnh khác 22""]",confidence>= 0.77 nếu khớp >=1 trigger và không khớp counter,"Khi gặp Need More Time: xác nhận cảm xúc, hỏi 1 câu mở, đưa proof phù hợp.","[""dental"", ""cosmetics""]"
INT-000023,Trust Issue #23,trust_issue_0023,Khách nghi ngờ uy tín,"[""lừa"", ""công ty ở đâu"", ""biến thể ngữ cảnh 0""]","[""Hỏi lịch giao hàng"", ""Không phải Trust Issue: ngữ cảnh khác 23""]",confidence>= 0.78 nếu khớp >=1 trigger và không khớp counter,"Khi gặp Trust Issue: xác nhận cảm xúc, hỏi 1 câu mở, đưa proof phù hợp.","[""insurance"", ""electronics""]"
INT-000024,Decision Maker Missing #24,decision_maker_missing_0024,Thiếu người quyết định,"[""hỏi vợ"", ""hỏi sếp"", ""biến thể ngữ cảnh 1""]","[""Tự chốt một mình"", ""Không phải Decision Maker Missing: ngữ cảnh khác 24""]",confidence>= 0.79 nếu khớp >=1 trigger và không khớp counter,"Khi gặp Decision Maker Missing: xác nhận cảm xúc, hỏi 1 câu mở, đưa proof phù hợp.","[""education"", ""travel""]"
INT-000025,Competitor Comparison #25,competitor_comparison_0025,So sánh đối thủ,"[""bên kia"", ""rẻ hơn"", ""biến thể ngữ cảnh 2""]","[""Chỉ hỏi bảo hành"", ""Không phải Competitor Comparison: ngữ cảnh khác 25""]",confidence>= 0.80 nếu khớp >=1 trigger và không khớp counter,"Khi gặp Competitor Comparison: xác nhận cảm xúc, hỏi 1 câu mở, đưa proof phù hợp.","[""automotive"", ""plumbing""]"
INT-000026,Busy #26,busy_0026,Khách đang bận,"[""đang bận"", ""gọi lại"", ""biến thể ngữ cảnh 3""]","[""Muốn demo ngay"", ""Không phải Busy: ngữ cảnh khác 26""]",confidence>= 0.81 nếu khớp >=1 trigger và không khớp counter,"Khi gặp Busy: xác nhận cảm xúc, hỏi 1 câu mở, đưa proof phù hợp.","[""cosmetics"", ""medical_devices""]"
INT-000027,Interested #27,interested_0027,Khách quan tâm,"[""hay"", ""cho xem"", ""biến thể ngữ cảnh 4""]","[""Từ chối cứng"", ""Không phải Interested: ngữ cảnh khác 27""]",confidence>= 0.82 nếu khớp >=1 trigger và không khớp counter,"Khi gặp Interested: xác nhận cảm xúc, hỏi 1 câu mở, đưa proof phù hợp.","[""home_appliances"", ""spa""]"
INT-000028,Ready To Buy #28,ready_to_buy_0028,Sẵn sàng mua,"[""chốt"", ""thanh toán"", ""biến thể ngữ cảnh 5""]","[""Chỉ hỏi cho vui"", ""Không phải Ready To Buy: ngữ cảnh khác 28""]",confidence>= 0.83 nếu khớp >=1 trigger và không khớp counter,"Khi gặp Ready To Buy: xác nhận cảm xúc, hỏi 1 câu mở, đưa proof phù hợp.","[""food"", ""education""]"
INT-000029,Fake Agreement #29,fake_agreement_0029,Đồng ý giả để kết thúc,"[""để xem đã"", ""ok nhưng"", ""biến thể ngữ cảnh 6""]","[""Yêu cầu hợp đồng ngay"", ""Không phải Fake Agreement: ngữ cảnh khác 29""]",confidence>= 0.84 nếu khớp >=1 trigger và không khớp counter,"Khi gặp Fake Agreement: xác nhận cảm xúc, hỏi 1 câu mở, đưa proof phù hợp.","[""electronics"", ""home_appliances""]"
INT-000030,Soft Rejection #30,soft_rejection_0030,Từ chối mềm,"[""chưa cần"", ""để sau"", ""biến thể ngữ cảnh 7""]","[""Hỏi lịch lắp đặt"", ""Không phải Soft Rejection: ngữ cảnh khác 30""]",confidence>= 0.55 nếu khớp >=1 trigger và không khớp counter,"Khi gặp Soft Rejection: xác nhận cảm xúc, hỏi 1 câu mở, đưa proof phù hợp.","[""furniture"", ""furniture""]"
INT-000031,Price Concern #31,price_concern_0031,Khách lo về giá hoặc ngân sách,"[""đắt"", ""mắc"", ""giảm giá"", ""biến thể ngữ cảnh 8""]","[""Chỉ hỏi cấu phần gói, không nhắc giá"", ""Không phải Price Concern: ngữ cảnh khác 31""]",confidence>= 0.56 nếu khớp >=1 trigger và không khớp counter,"Khi gặp Price Concern: xác nhận cảm xúc, hỏi 1 câu mở, đưa proof phù hợp.","[""logistics"", ""finance""]"
INT-000032,Need More Time #32,need_more_time_0032,Khách muốn trì hoãn quyết định,"[""để hôm khác"", ""cuối tháng"", ""biến thể ngữ cảnh 9""]","[""Đồng ý chốt ngay"", ""Không phải Need More Time: ngữ cảnh khác 32""]",confidence>= 0.57 nếu khớp >=1 trigger và không khớp counter,"Khi gặp Need More Time: xác nhận cảm xúc, hỏi 1 câu mở, đưa proof phù hợp.","[""travel"", ""repair""]"
INT-000033,Trust Issue #33,trust_issue_0033,Khách nghi ngờ uy tín,"[""lừa"", ""công ty ở đâu"", ""biến thể ngữ cảnh 10""]","[""Hỏi lịch giao hàng"", ""Không phải Trust Issue: ngữ cảnh khác 33""]",confidence>= 0.58 nếu khớp >=1 trigger và không khớp counter,"Khi gặp Trust Issue: xác nhận cảm xúc, hỏi 1 câu mở, đưa proof phù hợp.","[""finance"", ""b2b_services""]"
INT-000034,Decision Maker Missing #34,decision_maker_missing_0034,Thiếu người quyết định,"[""hỏi vợ"", ""hỏi sếp"", ""biến thể ngữ cảnh 11""]","[""Tự chốt một mình"", ""Không phải Decision Maker Missing: ngữ cảnh khác 34""]",confidence>= 0.59 nếu khớp >=1 trigger và không khớp counter,"Khi gặp Decision Maker Missing: xác nhận cảm xúc, hỏi 1 câu mở, đưa proof phù hợp.","[""fitness"", ""dental""]"
INT-000035,Competitor Comparison #35,competitor_comparison_0035,So sánh đối thủ,"[""bên kia"", ""rẻ hơn"", ""biến thể ngữ cảnh 12""]","[""Chỉ hỏi bảo hành"", ""Không phải Competitor Comparison: ngữ cảnh khác 35""]",confidence>= 0.60 nếu khớp >=1 trigger và không khớp counter,"Khi gặp Competitor Comparison: xác nhận cảm xúc, hỏi 1 câu mở, đưa proof phù hợp.","[""plumbing"", ""automotive""]"
INT-000036,Busy #36,busy_0036,Khách đang bận,"[""đang bận"", ""gọi lại"", ""biến thể ngữ cảnh 13""]","[""Muốn demo ngay"", ""Không phải Busy: ngữ cảnh khác 36""]",confidence>= 0.61 nếu khớp >=1 trigger và không khớp counter,"Khi gặp Busy: xác nhận cảm xúc, hỏi 1 câu mở, đưa proof phù hợp.","[""repair"", ""food""]"
INT-000037,Interested #37,interested_0037,Khách quan tâm,"[""hay"", ""cho xem"", ""biến thể ngữ cảnh 14""]","[""Từ chối cứng"", ""Không phải Interested: ngữ cảnh khác 37""]",confidence>= 0.62 nếu khớp >=1 trigger và không khớp counter,"Khi gặp Interested: xác nhận cảm xúc, hỏi 1 câu mở, đưa proof phù hợp.","[""camera"", ""logistics""]"
INT-000038,Ready To Buy #38,ready_to_buy_0038,Sẵn sàng mua,"[""chốt"", ""thanh toán"", ""biến thể ngữ cảnh 15""]","[""Chỉ hỏi cho vui"", ""Không phải Ready To Buy: ngữ cảnh khác 38""]",confidence>= 0.63 nếu khớp >=1 trigger và không khớp counter,"Khi gặp Ready To Buy: xác nhận cảm xúc, hỏi 1 câu mở, đưa proof phù hợp.","[""medical_devices"", ""fitness""]"
INT-000039,Fake Agreement #39,fake_agreement_0039,Đồng ý giả để kết thúc,"[""để xem đã"", ""ok nhưng"", ""biến thể ngữ cảnh 16""]","[""Yêu cầu hợp đồng ngay"", ""Không phải Fake Agreement: ngữ cảnh khác 39""]",confidence>= 0.64 nếu khớp >=1 trigger và không khớp counter,"Khi gặp Fake Agreement: xác nhận cảm xúc, hỏi 1 câu mở, đưa proof phù hợp.","[""b2b_services"", ""camera""]"
INT-000040,Soft Rejection #40,soft_rejection_0040,Từ chối mềm,"[""chưa cần"", ""để sau"", ""biến thể ngữ cảnh 17""]","[""Hỏi lịch lắp đặt"", ""Không phải Soft Rejection: ngữ cảnh khác 40""]",confidence>= 0.65 nếu khớp >=1 trigger và không khớp counter,"Khi gặp Soft Rejection: xác nhận cảm xúc, hỏi 1 câu mở, đưa proof phù hợp.","[""real_estate"", ""real_estate""]"
INT-000041,Price Concern #41,price_concern_0041,Khách lo về giá hoặc ngân sách,"[""đắt"", ""mắc"", ""giảm giá"", ""biến thể ngữ cảnh 18""]","[""Chỉ hỏi cấu phần gói, không nhắc giá"", ""Không phải Price Concern: ngữ cảnh khác 41""]",confidence>= 0.66 nếu khớp >=1 trigger và không khớp counter,"Khi gặp Price Concern: xác nhận cảm xúc, hỏi 1 câu mở, đưa proof phù hợp.","[""spa"", ""insurance""]"
INT-000042,Need More Time #42,need_more_time_0042,Khách muốn trì hoãn quyết định,"[""để hôm khác"", ""cuối tháng"", ""biến thể ngữ cảnh 19""]","[""Đồng ý chốt ngay"", ""Không phải Need More Time: ngữ cảnh khác 42""]",confidence>= 0.67 nếu khớp >=1 trigger và không khớp counter,"Khi gặp Need More Time: xác nhận cảm xúc, hỏi 1 câu mở, đưa proof phù hợp.","[""dental"", ""cosmetics""]"
INT-000043,Trust Issue #43,trust_issue_0043,Khách nghi ngờ uy tín,"[""lừa"", ""công ty ở đâu"", ""biến thể ngữ cảnh 20""]","[""Hỏi lịch giao hàng"", ""Không phải Trust Issue: ngữ cảnh khác 43""]",confidence>= 0.68 nếu khớp >=1 trigger và không khớp counter,"Khi gặp Trust Issue: xác nhận cảm xúc, hỏi 1 câu mở, đưa proof phù hợp.","[""insurance"", ""electronics""]"
INT-000044,Decision Maker Missing #44,decision_maker_missing_0044,Thiếu người quyết định,"[""hỏi vợ"", ""hỏi sếp"", ""biến thể ngữ cảnh 21""]","[""Tự chốt một mình"", ""Không phải Decision Maker Missing: ngữ cảnh khác 44""]",confidence>= 0.69 nếu khớp >=1 trigger và không khớp counter,"Khi gặp Decision Maker Missing: xác nhận cảm xúc, hỏi 1 câu mở, đưa proof phù hợp.","[""education"", ""travel""]"
INT-000045,Competitor Comparison #45,competitor_comparison_0045,So sánh đối thủ,"[""bên kia"", ""rẻ hơn"", ""biến thể ngữ cảnh 22""]","[""Chỉ hỏi bảo hành"", ""Không phải Competitor Comparison: ngữ cảnh khác 45""]",confidence>= 0.70 nếu khớp >=1 trigger và không khớp counter,"Khi gặp Competitor Comparison: xác nhận cảm xúc, hỏi 1 câu mở, đưa proof phù hợp.","[""automotive"", ""plumbing""]"
INT-000046,Busy #46,busy_0046,Khách đang bận,"[""đang bận"", ""gọi lại"", ""biến thể ngữ cảnh 0""]","[""Muốn demo ngay"", ""Không phải Busy: ngữ cảnh khác 46""]",confidence>= 0.71 nếu khớp >=1 trigger và không khớp counter,"Khi gặp Busy: xác nhận cảm xúc, hỏi 1 câu mở, đưa proof phù hợp.","[""cosmetics"", ""medical_devices""]"
INT-000047,Interested #47,interested_0047,Khách quan tâm,"[""hay"", ""cho xem"", ""biến thể ngữ cảnh 1""]","[""Từ chối cứng"", ""Không phải Interested: ngữ cảnh khác 47""]",confidence>= 0.72 nếu khớp >=1 trigger và không khớp counter,"Khi gặp Interested: xác nhận cảm xúc, hỏi 1 câu mở, đưa proof phù hợp.","[""home_appliances"", ""spa""]"
INT-000048,Ready To Buy #48,ready_to_buy_0048,Sẵn sàng mua,"[""chốt"", ""thanh toán"", ""biến thể ngữ cảnh 2""]","[""Chỉ hỏi cho vui"", ""Không phải Ready To Buy: ngữ cảnh khác 48""]",confidence>= 0.73 nếu khớp >=1 trigger và không khớp counter,"Khi gặp Ready To Buy: xác nhận cảm xúc, hỏi 1 câu mở, đưa proof phù hợp.","[""food"", ""education""]"
INT-000049,Fake Agreement #49,fake_agreement_0049,Đồng ý giả để kết thúc,"[""để xem đã"", ""ok nhưng"", ""biến thể ngữ cảnh 3""]","[""Yêu cầu hợp đồng ngay"", ""Không phải Fake Agreement: ngữ cảnh khác 49""]",confidence>= 0.74 nếu khớp >=1 trigger và không khớp counter,"Khi gặp Fake Agreement: xác nhận cảm xúc, hỏi 1 câu mở, đưa proof phù hợp.","[""electronics"", ""home_appliances""]"
INT-000050,Soft Rejection #50,soft_rejection_0050,Từ chối mềm,"[""chưa cần"", ""để sau"", ""biến thể ngữ cảnh 4""]","[""Hỏi lịch lắp đặt"", ""Không phải Soft Rejection: ngữ cảnh khác 50""]",confidence>= 0.75 nếu khớp >=1 trigger và không khớp counter,"Khi gặp Soft Rejection: xác nhận cảm xúc, hỏi 1 câu mở, đưa proof phù hợp.","[""furniture"", ""furniture""]"
INT-000051,Price Concern #51,price_concern_0051,Khách lo về giá hoặc ngân sách,"[""đắt"", ""mắc"", ""giảm giá"", ""biến thể ngữ cảnh 5""]","[""Chỉ hỏi cấu phần gói, không nhắc giá"", ""Không phải Price Concern: ngữ cảnh khác 51""]",confidence>= 0.76 nếu khớp >=1 trigger và không khớp counter,"Khi gặp Price Concern: xác nhận cảm xúc, hỏi 1 câu mở, đưa proof phù hợp.","[""logistics"", ""finance""]"
INT-000052,Need More Time #52,need_more_time_0052,Khách muốn trì hoãn quyết định,"[""để hôm khác"", ""cuối tháng"", ""biến thể ngữ cảnh 6""]","[""Đồng ý chốt ngay"", ""Không phải Need More Time: ngữ cảnh khác 52""]",confidence>= 0.77 nếu khớp >=1 trigger và không khớp counter,"Khi gặp Need More Time: xác nhận cảm xúc, hỏi 1 câu mở, đưa proof phù hợp.","[""travel"", ""repair""]"
INT-000053,Trust Issue #53,trust_issue_0053,Khách nghi ngờ uy tín,"[""lừa"", ""công ty ở đâu"", ""biến thể ngữ cảnh 7""]","[""Hỏi lịch giao hàng"", ""Không phải Trust Issue: ngữ cảnh khác 53""]",confidence>= 0.78 nếu khớp >=1 trigger và không khớp counter,"Khi gặp Trust Issue: xác nhận cảm xúc, hỏi 1 câu mở, đưa proof phù hợp.","[""finance"", ""b2b_services""]"
INT-000054,Decision Maker Missing #54,decision_maker_missing_0054,Thiếu người quyết định,"[""hỏi vợ"", ""hỏi sếp"", ""biến thể ngữ cảnh 8""]","[""Tự chốt một mình"", ""Không phải Decision Maker Missing: ngữ cảnh khác 54""]",confidence>= 0.79 nếu khớp >=1 trigger và không khớp counter,"Khi gặp Decision Maker Missing: xác nhận cảm xúc, hỏi 1 câu mở, đưa proof phù hợp.","[""fitness"", ""dental""]"
INT-000055,Competitor Comparison #55,competitor_comparison_0055,So sánh đối thủ,"[""bên kia"", ""rẻ hơn"", ""biến thể ngữ cảnh 9""]","[""Chỉ hỏi bảo hành"", ""Không phải Competitor Comparison: ngữ cảnh khác 55""]",confidence>= 0.80 nếu khớp >=1 trigger và không khớp counter,"Khi gặp Competitor Comparison: xác nhận cảm xúc, hỏi 1 câu mở, đưa proof phù hợp.","[""plumbing"", ""automotive""]"
INT-000056,Busy #56,busy_0056,Khách đang bận,"[""đang bận"", ""gọi lại"", ""biến thể ngữ cảnh 10""]","[""Muốn demo ngay"", ""Không phải Busy: ngữ cảnh khác 56""]",confidence>= 0.81 nếu khớp >=1 trigger và không khớp counter,"Khi gặp Busy: xác nhận cảm xúc, hỏi 1 câu mở, đưa proof phù hợp.","[""repair"", ""food""]"
INT-000057,Interested #57,interested_0057,Khách quan tâm,"[""hay"", ""cho xem"", ""biến thể ngữ cảnh 11""]","[""Từ chối cứng"", ""Không phải Interested: ngữ cảnh khác 57""]",confidence>= 0.82 nếu khớp >=1 trigger và không khớp counter,"Khi gặp Interested: xác nhận cảm xúc, hỏi 1 câu mở, đưa proof phù hợp.","[""camera"", ""logistics""]"
INT-000058,Ready To Buy #58,ready_to_buy_0058,Sẵn sàng mua,"[""chốt"", ""thanh toán"", ""biến thể ngữ cảnh 12""]","[""Chỉ hỏi cho vui"", ""Không phải Ready To Buy: ngữ cảnh khác 58""]",confidence>= 0.83 nếu khớp >=1 trigger và không khớp counter,"Khi gặp Ready To Buy: xác nhận cảm xúc, hỏi 1 câu mở, đưa proof phù hợp.","[""medical_devices"", ""fitness""]"
INT-000059,Fake Agreement #59,fake_agreement_0059,Đồng ý giả để kết thúc,"[""để xem đã"", ""ok nhưng"", ""biến thể ngữ cảnh 13""]","[""Yêu cầu hợp đồng ngay"", ""Không phải Fake Agreement: ngữ cảnh khác 59""]",confidence>= 0.84 nếu khớp >=1 trigger và không khớp counter,"Khi gặp Fake Agreement: xác nhận cảm xúc, hỏi 1 câu mở, đưa proof phù hợp.","[""b2b_services"", ""camera""]"
INT-000060,Soft Rejection #60,soft_rejection_0060,Từ chối mềm,"[""chưa cần"", ""để sau"", ""biến thể ngữ cảnh 14""]","[""Hỏi lịch lắp đặt"", ""Không phải Soft Rejection: ngữ cảnh khác 60""]",confidence>= 0.55 nếu khớp >=1 trigger và không khớp counter,"Khi gặp Soft Rejection: xác nhận cảm xúc, hỏi 1 câu mở, đưa proof phù hợp.","[""real_estate"", ""real_estate""]"
INT-000061,Price Concern #61,price_concern_0061,Khách lo về giá hoặc ngân sách,"[""đắt"", ""mắc"", ""giảm giá"", ""biến thể ngữ cảnh 15""]","[""Chỉ hỏi cấu phần gói, không nhắc giá"", ""Không phải Price Concern: ngữ cảnh khác 61""]",confidence>= 0.56 nếu khớp >=1 trigger và không khớp counter,"Khi gặp Price Concern: xác nhận cảm xúc, hỏi 1 câu mở, đưa proof phù hợp.","[""spa"", ""insurance""]"
INT-000062,Need More Time #62,need_more_time_0062,Khách muốn trì hoãn quyết định,"[""để hôm khác"", ""cuối tháng"", ""biến thể ngữ cảnh 16""]","[""Đồng ý chốt ngay"", ""Không phải Need More Time: ngữ cảnh khác 62""]",confidence>= 0.57 nếu khớp >=1 trigger và không khớp counter,"Khi gặp Need More Time: xác nhận cảm xúc, hỏi 1 câu mở, đưa proof phù hợp.","[""dental"", ""cosmetics""]"
INT-000063,Trust Issue #63,trust_issue_0063,Khách nghi ngờ uy tín,"[""lừa"", ""công ty ở đâu"", ""biến thể ngữ cảnh 17""]","[""Hỏi lịch giao hàng"", ""Không phải Trust Issue: ngữ cảnh khác 63""]",confidence>= 0.58 nếu khớp >=1 trigger và không khớp counter,"Khi gặp Trust Issue: xác nhận cảm xúc, hỏi 1 câu mở, đưa proof phù hợp.","[""insurance"", ""electronics""]"
INT-000064,Decision Maker Missing #64,decision_maker_missing_0064,Thiếu người quyết định,"[""hỏi vợ"", ""hỏi sếp"", ""biến thể ngữ cảnh 18""]","[""Tự chốt một mình"", ""Không phải Decision Maker Missing: ngữ cảnh khác 64""]",confidence>= 0.59 nếu khớp >=1 trigger và không khớp counter,"Khi gặp Decision Maker Missing: xác nhận cảm xúc, hỏi 1 câu mở, đưa proof phù hợp.","[""education"", ""travel""]"
INT-000065,Competitor Comparison #65,competitor_comparison_0065,So sánh đối thủ,"[""bên kia"", ""rẻ hơn"", ""biến thể ngữ cảnh 19""]","[""Chỉ hỏi bảo hành"", ""Không phải Competitor Comparison: ngữ cảnh khác 65""]",confidence>= 0.60 nếu khớp >=1 trigger và không khớp counter,"Khi gặp Competitor Comparison: xác nhận cảm xúc, hỏi 1 câu mở, đưa proof phù hợp.","[""automotive"", ""plumbing""]"
INT-000066,Busy #66,busy_0066,Khách đang bận,"[""đang bận"", ""gọi lại"", ""biến thể ngữ cảnh 20""]","[""Muốn demo ngay"", ""Không phải Busy: ngữ cảnh khác 66""]",confidence>= 0.61 nếu khớp >=1 trigger và không khớp counter,"Khi gặp Busy: xác nhận cảm xúc, hỏi 1 câu mở, đưa proof phù hợp.","[""cosmetics"", ""medical_devices""]"
INT-000067,Interested #67,interested_0067,Khách quan tâm,"[""hay"", ""cho xem"", ""biến thể ngữ cảnh 21""]","[""Từ chối cứng"", ""Không phải Interested: ngữ cảnh khác 67""]",confidence>= 0.62 nếu khớp >=1 trigger và không khớp counter,"Khi gặp Interested: xác nhận cảm xúc, hỏi 1 câu mở, đưa proof phù hợp.","[""home_appliances"", ""spa""]"
INT-000068,Ready To Buy #68,ready_to_buy_0068,Sẵn sàng mua,"[""chốt"", ""thanh toán"", ""biến thể ngữ cảnh 22""]","[""Chỉ hỏi cho vui"", ""Không phải Ready To Buy: ngữ cảnh khác 68""]",confidence>= 0.63 nếu khớp >=1 trigger và không khớp counter,"Khi gặp Ready To Buy: xác nhận cảm xúc, hỏi 1 câu mở, đưa proof phù hợp.","[""food"", ""education""]"
INT-000069,Fake Agreement #69,fake_agreement_0069,Đồng ý giả để kết thúc,"[""để xem đã"", ""ok nhưng"", ""biến thể ngữ cảnh 0""]","[""Yêu cầu hợp đồng ngay"", ""Không phải Fake Agreement: ngữ cảnh khác 69""]",confidence>= 0.64 nếu khớp >=1 trigger và không khớp counter,"Khi gặp Fake Agreement: xác nhận cảm xúc, hỏi 1 câu mở, đưa proof phù hợp.","[""electronics"", ""home_appliances""]"
INT-000070,Soft Rejection #70,soft_rejection_0070,Từ chối mềm,"[""chưa cần"", ""để sau"", ""biến thể ngữ cảnh 1""]","[""Hỏi lịch lắp đặt"", ""Không phải Soft Rejection: ngữ cảnh khác 70""]",confidence>= 0.65 nếu khớp >=1 trigger và không khớp counter,"Khi gặp Soft Rejection: xác nhận cảm xúc, hỏi 1 câu mở, đưa proof phù hợp.","[""furniture"", ""furniture""]"
INT-000071,Price Concern #71,price_concern_0071,Khách lo về giá hoặc ngân sách,"[""đắt"", ""mắc"", ""giảm giá"", ""biến thể ngữ cảnh 2""]","[""Chỉ hỏi cấu phần gói, không nhắc giá"", ""Không phải Price Concern: ngữ cảnh khác 71""]",confidence>= 0.66 nếu khớp >=1 trigger và không khớp counter,"Khi gặp Price Concern: xác nhận cảm xúc, hỏi 1 câu mở, đưa proof phù hợp.","[""logistics"", ""finance""]"
INT-000072,Need More Time #72,need_more_time_0072,Khách muốn trì hoãn quyết định,"[""để hôm khác"", ""cuối tháng"", ""biến thể ngữ cảnh 3""]","[""Đồng ý chốt ngay"", ""Không phải Need More Time: ngữ cảnh khác 72""]",confidence>= 0.67 nếu khớp >=1 trigger và không khớp counter,"Khi gặp Need More Time: xác nhận cảm xúc, hỏi 1 câu mở, đưa proof phù hợp.","[""travel"", ""repair""]"
INT-000073,Trust Issue #73,trust_issue_0073,Khách nghi ngờ uy tín,"[""lừa"", ""công ty ở đâu"", ""biến thể ngữ cảnh 4""]","[""Hỏi lịch giao hàng"", ""Không phải Trust Issue: ngữ cảnh khác 73""]",confidence>= 0.68 nếu khớp >=1 trigger và không khớp counter,"Khi gặp Trust Issue: xác nhận cảm xúc, hỏi 1 câu mở, đưa proof phù hợp.","[""finance"", ""b2b_services""]"
INT-000074,Decision Maker Missing #74,decision_maker_missing_0074,Thiếu người quyết định,"[""hỏi vợ"", ""hỏi sếp"", ""biến thể ngữ cảnh 5""]","[""Tự chốt một mình"", ""Không phải Decision Maker Missing: ngữ cảnh khác 74""]",confidence>= 0.69 nếu khớp >=1 trigger và không khớp counter,"Khi gặp Decision Maker Missing: xác nhận cảm xúc, hỏi 1 câu mở, đưa proof phù hợp.","[""fitness"", ""dental""]"
INT-000075,Competitor Comparison #75,competitor_comparison_0075,So sánh đối thủ,"[""bên kia"", ""rẻ hơn"", ""biến thể ngữ cảnh 6""]","[""Chỉ hỏi bảo hành"", ""Không phải Competitor Comparison: ngữ cảnh khác 75""]",confidence>= 0.70 nếu khớp >=1 trigger và không khớp counter,"Khi gặp Competitor Comparison: xác nhận cảm xúc, hỏi 1 câu mở, đưa proof phù hợp.","[""plumbing"", ""automotive""]"
INT-000076,Busy #76,busy_0076,Khách đang bận,"[""đang bận"", ""gọi lại"", ""biến thể ngữ cảnh 7""]","[""Muốn demo ngay"", ""Không phải Busy: ngữ cảnh khác 76""]",confidence>= 0.71 nếu khớp >=1 trigger và không khớp counter,"Khi gặp Busy: xác nhận cảm xúc, hỏi 1 câu mở, đưa proof phù hợp.","[""repair"", ""food""]"
INT-000077,Interested #77,interested_0077,Khách quan tâm,"[""hay"", ""cho xem"", ""biến thể ngữ cảnh 8""]","[""Từ chối cứng"", ""Không phải Interested: ngữ cảnh khác 77""]",confidence>= 0.72 nếu khớp >=1 trigger và không khớp counter,"Khi gặp Interested: xác nhận cảm xúc, hỏi 1 câu mở, đưa proof phù hợp.","[""camera"", ""logistics""]"
INT-000078,Ready To Buy #78,ready_to_buy_0078,Sẵn sàng mua,"[""chốt"", ""thanh toán"", ""biến thể ngữ cảnh 9""]","[""Chỉ hỏi cho vui"", ""Không phải Ready To Buy: ngữ cảnh khác 78""]",confidence>= 0.73 nếu khớp >=1 trigger và không khớp counter,"Khi gặp Ready To Buy: xác nhận cảm xúc, hỏi 1 câu mở, đưa proof phù hợp.","[""medical_devices"", ""fitness""]"
INT-000079,Fake Agreement #79,fake_agreement_0079,Đồng ý giả để kết thúc,"[""để xem đã"", ""ok nhưng"", ""biến thể ngữ cảnh 10""]","[""Yêu cầu hợp đồng ngay"", ""Không phải Fake Agreement: ngữ cảnh khác 79""]",confidence>= 0.74 nếu khớp >=1 trigger và không khớp counter,"Khi gặp Fake Agreement: xác nhận cảm xúc, hỏi 1 câu mở, đưa proof phù hợp.","[""b2b_services"", ""camera""]"
INT-000080,Soft Rejection #80,soft_rejection_0080,Từ chối mềm,"[""chưa cần"", ""để sau"", ""biến thể ngữ cảnh 11""]","[""Hỏi lịch lắp đặt"", ""Không phải Soft Rejection: ngữ cảnh khác 80""]",confidence>= 0.75 nếu khớp >=1 trigger và không khớp counter,"Khi gặp Soft Rejection: xác nhận cảm xúc, hỏi 1 câu mở, đưa proof phù hợp.","[""real_estate"", ""real_estate""]"
INT-000081,Price Concern #81,price_concern_0081,Khách lo về giá hoặc ngân sách,"[""đắt"", ""mắc"", ""giảm giá"", ""biến thể ngữ cảnh 12""]","[""Chỉ hỏi cấu phần gói, không nhắc giá"", ""Không phải Price Concern: ngữ cảnh khác 81""]",confidence>= 0.76 nếu khớp >=1 trigger và không khớp counter,"Khi gặp Price Concern: xác nhận cảm xúc, hỏi 1 câu mở, đưa proof phù hợp.","[""spa"", ""insurance""]"
INT-000082,Need More Time #82,need_more_time_0082,Khách muốn trì hoãn quyết định,"[""để hôm khác"", ""cuối tháng"", ""biến thể ngữ cảnh 13""]","[""Đồng ý chốt ngay"", ""Không phải Need More Time: ngữ cảnh khác 82""]",confidence>= 0.77 nếu khớp >=1 trigger và không khớp counter,"Khi gặp Need More Time: xác nhận cảm xúc, hỏi 1 câu mở, đưa proof phù hợp.","[""dental"", ""cosmetics""]"
INT-000083,Trust Issue #83,trust_issue_0083,Khách nghi ngờ uy tín,"[""lừa"", ""công ty ở đâu"", ""biến thể ngữ cảnh 14""]","[""Hỏi lịch giao hàng"", ""Không phải Trust Issue: ngữ cảnh khác 83""]",confidence>= 0.78 nếu khớp >=1 trigger và không khớp counter,"Khi gặp Trust Issue: xác nhận cảm xúc, hỏi 1 câu mở, đưa proof phù hợp.","[""insurance"", ""electronics""]"
INT-000084,Decision Maker Missing #84,decision_maker_missing_0084,Thiếu người quyết định,"[""hỏi vợ"", ""hỏi sếp"", ""biến thể ngữ cảnh 15""]","[""Tự chốt một mình"", ""Không phải Decision Maker Missing: ngữ cảnh khác 84""]",confidence>= 0.79 nếu khớp >=1 trigger và không khớp counter,"Khi gặp Decision Maker Missing: xác nhận cảm xúc, hỏi 1 câu mở, đưa proof phù hợp.","[""education"", ""travel""]"
INT-000085,Competitor Comparison #85,competitor_comparison_0085,So sánh đối thủ,"[""bên kia"", ""rẻ hơn"", ""biến thể ngữ cảnh 16""]","[""Chỉ hỏi bảo hành"", ""Không phải Competitor Comparison: ngữ cảnh khác 85""]",confidence>= 0.80 nếu khớp >=1 trigger và không khớp counter,"Khi gặp Competitor Comparison: xác nhận cảm xúc, hỏi 1 câu mở, đưa proof phù hợp.","[""automotive"", ""plumbing""]"
INT-000086,Busy #86,busy_0086,Khách đang bận,"[""đang bận"", ""gọi lại"", ""biến thể ngữ cảnh 17""]","[""Muốn demo ngay"", ""Không phải Busy: ngữ cảnh khác 86""]",confidence>= 0.81 nếu khớp >=1 trigger và không khớp counter,"Khi gặp Busy: xác nhận cảm xúc, hỏi 1 câu mở, đưa proof phù hợp.","[""cosmetics"", ""medical_devices""]"
INT-000087,Interested #87,interested_0087,Khách quan tâm,"[""hay"", ""cho xem"", ""biến thể ngữ cảnh 18""]","[""Từ chối cứng"", ""Không phải Interested: ngữ cảnh khác 87""]",confidence>= 0.82 nếu khớp >=1 trigger và không khớp counter,"Khi gặp Interested: xác nhận cảm xúc, hỏi 1 câu mở, đưa proof phù hợp.","[""home_appliances"", ""spa""]"
INT-000088,Ready To Buy #88,ready_to_buy_0088,Sẵn sàng mua,"[""chốt"", ""thanh toán"", ""biến thể ngữ cảnh 19""]","[""Chỉ hỏi cho vui"", ""Không phải Ready To Buy: ngữ cảnh khác 88""]",confidence>= 0.83 nếu khớp >=1 trigger và không khớp counter,"Khi gặp Ready To Buy: xác nhận cảm xúc, hỏi 1 câu mở, đưa proof phù hợp.","[""food"", ""education""]"
INT-000089,Fake Agreement #89,fake_agreement_0089,Đồng ý giả để kết thúc,"[""để xem đã"", ""ok nhưng"", ""biến thể ngữ cảnh 20""]","[""Yêu cầu hợp đồng ngay"", ""Không phải Fake Agreement: ngữ cảnh khác 89""]",confidence>= 0.84 nếu khớp >=1 trigger và không khớp counter,"Khi gặp Fake Agreement: xác nhận cảm xúc, hỏi 1 câu mở, đưa proof phù hợp.","[""electronics"", ""home_appliances""]"
INT-000090,Soft Rejection #90,soft_rejection_0090,Từ chối mềm,"[""chưa cần"", ""để sau"", ""biến thể ngữ cảnh 21""]","[""Hỏi lịch lắp đặt"", ""Không phải Soft Rejection: ngữ cảnh khác 90""]",confidence>= 0.55 nếu khớp >=1 trigger và không khớp counter,"Khi gặp Soft Rejection: xác nhận cảm xúc, hỏi 1 câu mở, đưa proof phù hợp.","[""furniture"", ""furniture""]"
INT-000091,Price Concern #91,price_concern_0091,Khách lo về giá hoặc ngân sách,"[""đắt"", ""mắc"", ""giảm giá"", ""biến thể ngữ cảnh 22""]","[""Chỉ hỏi cấu phần gói, không nhắc giá"", ""Không phải Price Concern: ngữ cảnh khác 91""]",confidence>= 0.56 nếu khớp >=1 trigger và không khớp counter,"Khi gặp Price Concern: xác nhận cảm xúc, hỏi 1 câu mở, đưa proof phù hợp.","[""logistics"", ""finance""]"
INT-000092,Need More Time #92,need_more_time_0092,Khách muốn trì hoãn quyết định,"[""để hôm khác"", ""cuối tháng"", ""biến thể ngữ cảnh 0""]","[""Đồng ý chốt ngay"", ""Không phải Need More Time: ngữ cảnh khác 92""]",confidence>= 0.57 nếu khớp >=1 trigger và không khớp counter,"Khi gặp Need More Time: xác nhận cảm xúc, hỏi 1 câu mở, đưa proof phù hợp.","[""travel"", ""repair""]"
INT-000093,Trust Issue #93,trust_issue_0093,Khách nghi ngờ uy tín,"[""lừa"", ""công ty ở đâu"", ""biến thể ngữ cảnh 1""]","[""Hỏi lịch giao hàng"", ""Không phải Trust Issue: ngữ cảnh khác 93""]",confidence>= 0.58 nếu khớp >=1 trigger và không khớp counter,"Khi gặp Trust Issue: xác nhận cảm xúc, hỏi 1 câu mở, đưa proof phù hợp.","[""finance"", ""b2b_services""]"
INT-000094,Decision Maker Missing #94,decision_maker_missing_0094,Thiếu người quyết định,"[""hỏi vợ"", ""hỏi sếp"", ""biến thể ngữ cảnh 2""]","[""Tự chốt một mình"", ""Không phải Decision Maker Missing: ngữ cảnh khác 94""]",confidence>= 0.59 nếu khớp >=1 trigger và không khớp counter,"Khi gặp Decision Maker Missing: xác nhận cảm xúc, hỏi 1 câu mở, đưa proof phù hợp.","[""fitness"", ""dental""]"
INT-000095,Competitor Comparison #95,competitor_comparison_0095,So sánh đối thủ,"[""bên kia"", ""rẻ hơn"", ""biến thể ngữ cảnh 3""]","[""Chỉ hỏi bảo hành"", ""Không phải Competitor Comparison: ngữ cảnh khác 95""]",confidence>= 0.60 nếu khớp >=1 trigger và không khớp counter,"Khi gặp Competitor Comparison: xác nhận cảm xúc, hỏi 1 câu mở, đưa proof phù hợp.","[""plumbing"", ""automotive""]"
INT-000096,Busy #96,busy_0096,Khách đang bận,"[""đang bận"", ""gọi lại"", ""biến thể ngữ cảnh 4""]","[""Muốn demo ngay"", ""Không phải Busy: ngữ cảnh khác 96""]",confidence>= 0.61 nếu khớp >=1 trigger và không khớp counter,"Khi gặp Busy: xác nhận cảm xúc, hỏi 1 câu mở, đưa proof phù hợp.","[""repair"", ""food""]"
INT-000097,Interested #97,interested_0097,Khách quan tâm,"[""hay"", ""cho xem"", ""biến thể ngữ cảnh 5""]","[""Từ chối cứng"", ""Không phải Interested: ngữ cảnh khác 97""]",confidence>= 0.62 nếu khớp >=1 trigger và không khớp counter,"Khi gặp Interested: xác nhận cảm xúc, hỏi 1 câu mở, đưa proof phù hợp.","[""camera"", ""logistics""]"
INT-000098,Ready To Buy #98,ready_to_buy_0098,Sẵn sàng mua,"[""chốt"", ""thanh toán"", ""biến thể ngữ cảnh 6""]","[""Chỉ hỏi cho vui"", ""Không phải Ready To Buy: ngữ cảnh khác 98""]",confidence>= 0.63 nếu khớp >=1 trigger và không khớp counter,"Khi gặp Ready To Buy: xác nhận cảm xúc, hỏi 1 câu mở, đưa proof phù hợp.","[""medical_devices"", ""fitness""]"
INT-000099,Fake Agreement #99,fake_agreement_0099,Đồng ý giả để kết thúc,"[""để xem đã"", ""ok nhưng"", ""biến thể ngữ cảnh 7""]","[""Yêu cầu hợp đồng ngay"", ""Không phải Fake Agreement: ngữ cảnh khác 99""]",confidence>= 0.64 nếu khớp >=1 trigger và không khớp counter,"Khi gặp Fake Agreement: xác nhận cảm xúc, hỏi 1 câu mở, đưa proof phù hợp.","[""b2b_services"", ""camera""]"
INT-000100,Soft Rejection #100,soft_rejection_0100,Từ chối mềm,"[""chưa cần"", ""để sau"", ""biến thể ngữ cảnh 8""]","[""Hỏi lịch lắp đặt"", ""Không phải Soft Rejection: ngữ cảnh khác 100""]",confidence>= 0.65 nếu khớp >=1 trigger và không khớp counter,"Khi gặp Soft Rejection: xác nhận cảm xúc, hỏi 1 câu mở, đưa proof phù hợp.","[""real_estate"", ""real_estate""]"
INT-000101,Price Concern #101,price_concern_0101,Khách lo về giá hoặc ngân sách,"[""đắt"", ""mắc"", ""giảm giá"", ""biến thể ngữ cảnh 9""]","[""Chỉ hỏi cấu phần gói, không nhắc giá"", ""Không phải Price Concern: ngữ cảnh khác 101""]",confidence>= 0.66 nếu khớp >=1 trigger và không khớp counter,"Khi gặp Price Concern: xác nhận cảm xúc, hỏi 1 câu mở, đưa proof phù hợp.","[""spa"", ""insurance""]"
INT-000102,Need More Time #102,need_more_time_0102,Khách muốn trì hoãn quyết định,"[""để hôm khác"", ""cuối tháng"", ""biến thể ngữ cảnh 10""]","[""Đồng ý chốt ngay"", ""Không phải Need More Time: ngữ cảnh khác 102""]",confidence>= 0.67 nếu khớp >=1 trigger và không khớp counter,"Khi gặp Need More Time: xác nhận cảm xúc, hỏi 1 câu mở, đưa proof phù hợp.","[""dental"", ""cosmetics""]"
INT-000103,Trust Issue #103,trust_issue_0103,Khách nghi ngờ uy tín,"[""lừa"", ""công ty ở đâu"", ""biến thể ngữ cảnh 11""]","[""Hỏi lịch giao hàng"", ""Không phải Trust Issue: ngữ cảnh khác 103""]",confidence>= 0.68 nếu khớp >=1 trigger và không khớp counter,"Khi gặp Trust Issue: xác nhận cảm xúc, hỏi 1 câu mở, đưa proof phù hợp.","[""insurance"", ""electronics""]"
INT-000104,Decision Maker Missing #104,decision_maker_missing_0104,Thiếu người quyết định,"[""hỏi vợ"", ""hỏi sếp"", ""biến thể ngữ cảnh 12""]","[""Tự chốt một mình"", ""Không phải Decision Maker Missing: ngữ cảnh khác 104""]",confidence>= 0.69 nếu khớp >=1 trigger và không khớp counter,"Khi gặp Decision Maker Missing: xác nhận cảm xúc, hỏi 1 câu mở, đưa proof phù hợp.","[""education"", ""travel""]"
INT-000105,Competitor Comparison #105,competitor_comparison_0105,So sánh đối thủ,"[""bên kia"", ""rẻ hơn"", ""biến thể ngữ cảnh 13""]","[""Chỉ hỏi bảo hành"", ""Không phải Competitor Comparison: ngữ cảnh khác 105""]",confidence>= 0.70 nếu khớp >=1 trigger và không khớp counter,"Khi gặp Competitor Comparison: xác nhận cảm xúc, hỏi 1 câu mở, đưa proof phù hợp.","[""automotive"", ""plumbing""]"
INT-000106,Busy #106,busy_0106,Khách đang bận,"[""đang bận"", ""gọi lại"", ""biến thể ngữ cảnh 14""]","[""Muốn demo ngay"", ""Không phải Busy: ngữ cảnh khác 106""]",confidence>= 0.71 nếu khớp >=1 trigger và không khớp counter,"Khi gặp Busy: xác nhận cảm xúc, hỏi 1 câu mở, đưa proof phù hợp.","[""cosmetics"", ""medical_devices""]"
INT-000107,Interested #107,interested_0107,Khách quan tâm,"[""hay"", ""cho xem"", ""biến thể ngữ cảnh 15""]","[""Từ chối cứng"", ""Không phải Interested: ngữ cảnh khác 107""]",confidence>= 0.72 nếu khớp >=1 trigger và không khớp counter,"Khi gặp Interested: xác nhận cảm xúc, hỏi 1 câu mở, đưa proof phù hợp.","[""home_appliances"", ""spa""]"
INT-000108,Ready To Buy #108,ready_to_buy_0108,Sẵn sàng mua,"[""chốt"", ""thanh toán"", ""biến thể ngữ cảnh 16""]","[""Chỉ hỏi cho vui"", ""Không phải Ready To Buy: ngữ cảnh khác 108""]",confidence>= 0.73 nếu khớp >=1 trigger và không khớp counter,"Khi gặp Ready To Buy: xác nhận cảm xúc, hỏi 1 câu mở, đưa proof phù hợp.","[""food"", ""education""]"
INT-000109,Fake Agreement #109,fake_agreement_0109,Đồng ý giả để kết thúc,"[""để xem đã"", ""ok nhưng"", ""biến thể ngữ cảnh 17""]","[""Yêu cầu hợp đồng ngay"", ""Không phải Fake Agreement: ngữ cảnh khác 109""]",confidence>= 0.74 nếu khớp >=1 trigger và không khớp counter,"Khi gặp Fake Agreement: xác nhận cảm xúc, hỏi 1 câu mở, đưa proof phù hợp.","[""electronics"", ""home_appliances""]"
INT-000110,Soft Rejection #110,soft_rejection_0110,Từ chối mềm,"[""chưa cần"", ""để sau"", ""biến thể ngữ cảnh 18""]","[""Hỏi lịch lắp đặt"", ""Không phải Soft Rejection: ngữ cảnh khác 110""]",confidence>= 0.75 nếu khớp >=1 trigger và không khớp counter,"Khi gặp Soft Rejection: xác nhận cảm xúc, hỏi 1 câu mở, đưa proof phù hợp.","[""furniture"", ""furniture""]"
INT-000111,Price Concern #111,price_concern_0111,Khách lo về giá hoặc ngân sách,"[""đắt"", ""mắc"", ""giảm giá"", ""biến thể ngữ cảnh 19""]","[""Chỉ hỏi cấu phần gói, không nhắc giá"", ""Không phải Price Concern: ngữ cảnh khác 111""]",confidence>= 0.76 nếu khớp >=1 trigger và không khớp counter,"Khi gặp Price Concern: xác nhận cảm xúc, hỏi 1 câu mở, đưa proof phù hợp.","[""logistics"", ""finance""]"
INT-000112,Need More Time #112,need_more_time_0112,Khách muốn trì hoãn quyết định,"[""để hôm khác"", ""cuối tháng"", ""biến thể ngữ cảnh 20""]","[""Đồng ý chốt ngay"", ""Không phải Need More Time: ngữ cảnh khác 112""]",confidence>= 0.77 nếu khớp >=1 trigger và không khớp counter,"Khi gặp Need More Time: xác nhận cảm xúc, hỏi 1 câu mở, đưa proof phù hợp.","[""travel"", ""repair""]"
INT-000113,Trust Issue #113,trust_issue_0113,Khách nghi ngờ uy tín,"[""lừa"", ""công ty ở đâu"", ""biến thể ngữ cảnh 21""]","[""Hỏi lịch giao hàng"", ""Không phải Trust Issue: ngữ cảnh khác 113""]",confidence>= 0.78 nếu khớp >=1 trigger và không khớp counter,"Khi gặp Trust Issue: xác nhận cảm xúc, hỏi 1 câu mở, đưa proof phù hợp.","[""finance"", ""b2b_services""]"
INT-000114,Decision Maker Missing #114,decision_maker_missing_0114,Thiếu người quyết định,"[""hỏi vợ"", ""hỏi sếp"", ""biến thể ngữ cảnh 22""]","[""Tự chốt một mình"", ""Không phải Decision Maker Missing: ngữ cảnh khác 114""]",confidence>= 0.79 nếu khớp >=1 trigger và không khớp counter,"Khi gặp Decision Maker Missing: xác nhận cảm xúc, hỏi 1 câu mở, đưa proof phù hợp.","[""fitness"", ""dental""]"
INT-000115,Competitor Comparison #115,competitor_comparison_0115,So sánh đối thủ,"[""bên kia"", ""rẻ hơn"", ""biến thể ngữ cảnh 0""]","[""Chỉ hỏi bảo hành"", ""Không phải Competitor Comparison: ngữ cảnh khác 115""]",confidence>= 0.80 nếu khớp >=1 trigger và không khớp counter,"Khi gặp Competitor Comparison: xác nhận cảm xúc, hỏi 1 câu mở, đưa proof phù hợp.","[""plumbing"", ""automotive""]"
INT-000116,Busy #116,busy_0116,Khách đang bận,"[""đang bận"", ""gọi lại"", ""biến thể ngữ cảnh 1""]","[""Muốn demo ngay"", ""Không phải Busy: ngữ cảnh khác 116""]",confidence>= 0.81 nếu khớp >=1 trigger và không khớp counter,"Khi gặp Busy: xác nhận cảm xúc, hỏi 1 câu mở, đưa proof phù hợp.","[""repair"", ""food""]"
INT-000117,Interested #117,interested_0117,Khách quan tâm,"[""hay"", ""cho xem"", ""biến thể ngữ cảnh 2""]","[""Từ chối cứng"", ""Không phải Interested: ngữ cảnh khác 117""]",confidence>= 0.82 nếu khớp >=1 trigger và không khớp counter,"Khi gặp Interested: xác nhận cảm xúc, hỏi 1 câu mở, đưa proof phù hợp.","[""camera"", ""logistics""]"
INT-000118,Ready To Buy #118,ready_to_buy_0118,Sẵn sàng mua,"[""chốt"", ""thanh toán"", ""biến thể ngữ cảnh 3""]","[""Chỉ hỏi cho vui"", ""Không phải Ready To Buy: ngữ cảnh khác 118""]",confidence>= 0.83 nếu khớp >=1 trigger và không khớp counter,"Khi gặp Ready To Buy: xác nhận cảm xúc, hỏi 1 câu mở, đưa proof phù hợp.","[""medical_devices"", ""fitness""]"
INT-000119,Fake Agreement #119,fake_agreement_0119,Đồng ý giả để kết thúc,"[""để xem đã"", ""ok nhưng"", ""biến thể ngữ cảnh 4""]","[""Yêu cầu hợp đồng ngay"", ""Không phải Fake Agreement: ngữ cảnh khác 119""]",confidence>= 0.84 nếu khớp >=1 trigger và không khớp counter,"Khi gặp Fake Agreement: xác nhận cảm xúc, hỏi 1 câu mở, đưa proof phù hợp.","[""b2b_services"", ""camera""]"
INT-000120,Soft Rejection #120,soft_rejection_0120,Từ chối mềm,"[""chưa cần"", ""để sau"", ""biến thể ngữ cảnh 5""]","[""Hỏi lịch lắp đặt"", ""Không phải Soft Rejection: ngữ cảnh khác 120""]",confidence>= 0.55 nếu khớp >=1 trigger và không khớp counter,"Khi gặp Soft Rejection: xác nhận cảm xúc, hỏi 1 câu mở, đưa proof phù hợp.","[""real_estate"", ""real_estate""]"
INT-000121,Price Concern #121,price_concern_0121,Khách lo về giá hoặc ngân sách,"[""đắt"", ""mắc"", ""giảm giá"", ""biến thể ngữ cảnh 6""]","[""Chỉ hỏi cấu phần gói, không nhắc giá"", ""Không phải Price Concern: ngữ cảnh khác 121""]",confidence>= 0.56 nếu khớp >=1 trigger và không khớp counter,"Khi gặp Price Concern: xác nhận cảm xúc, hỏi 1 câu mở, đưa proof phù hợp.","[""spa"", ""insurance""]"
INT-000122,Need More Time #122,need_more_time_0122,Khách muốn trì hoãn quyết định,"[""để hôm khác"", ""cuối tháng"", ""biến thể ngữ cảnh 7""]","[""Đồng ý chốt ngay"", ""Không phải Need More Time: ngữ cảnh khác 122""]",confidence>= 0.57 nếu khớp >=1 trigger và không khớp counter,"Khi gặp Need More Time: xác nhận cảm xúc, hỏi 1 câu mở, đưa proof phù hợp.","[""dental"", ""cosmetics""]"
INT-000123,Trust Issue #123,trust_issue_0123,Khách nghi ngờ uy tín,"[""lừa"", ""công ty ở đâu"", ""biến thể ngữ cảnh 8""]","[""Hỏi lịch giao hàng"", ""Không phải Trust Issue: ngữ cảnh khác 123""]",confidence>= 0.58 nếu khớp >=1 trigger và không khớp counter,"Khi gặp Trust Issue: xác nhận cảm xúc, hỏi 1 câu mở, đưa proof phù hợp.","[""insurance"", ""electronics""]"
INT-000124,Decision Maker Missing #124,decision_maker_missing_0124,Thiếu người quyết định,"[""hỏi vợ"", ""hỏi sếp"", ""biến thể ngữ cảnh 9""]","[""Tự chốt một mình"", ""Không phải Decision Maker Missing: ngữ cảnh khác 124""]",confidence>= 0.59 nếu khớp >=1 trigger và không khớp counter,"Khi gặp Decision Maker Missing: xác nhận cảm xúc, hỏi 1 câu mở, đưa proof phù hợp.","[""education"", ""travel""]"
INT-000125,Competitor Comparison #125,competitor_comparison_0125,So sánh đối thủ,"[""bên kia"", ""rẻ hơn"", ""biến thể ngữ cảnh 10""]","[""Chỉ hỏi bảo hành"", ""Không phải Competitor Comparison: ngữ cảnh khác 125""]",confidence>= 0.60 nếu khớp >=1 trigger và không khớp counter,"Khi gặp Competitor Comparison: xác nhận cảm xúc, hỏi 1 câu mở, đưa proof phù hợp.","[""automotive"", ""plumbing""]"
INT-000126,Busy #126,busy_0126,Khách đang bận,"[""đang bận"", ""gọi lại"", ""biến thể ngữ cảnh 11""]","[""Muốn demo ngay"", ""Không phải Busy: ngữ cảnh khác 126""]",confidence>= 0.61 nếu khớp >=1 trigger và không khớp counter,"Khi gặp Busy: xác nhận cảm xúc, hỏi 1 câu mở, đưa proof phù hợp.","[""cosmetics"", ""medical_devices""]"
INT-000127,Interested #127,interested_0127,Khách quan tâm,"[""hay"", ""cho xem"", ""biến thể ngữ cảnh 12""]","[""Từ chối cứng"", ""Không phải Interested: ngữ cảnh khác 127""]",confidence>= 0.62 nếu khớp >=1 trigger và không khớp counter,"Khi gặp Interested: xác nhận cảm xúc, hỏi 1 câu mở, đưa proof phù hợp.","[""home_appliances"", ""spa""]"
INT-000128,Ready To Buy #128,ready_to_buy_0128,Sẵn sàng mua,"[""chốt"", ""thanh toán"", ""biến thể ngữ cảnh 13""]","[""Chỉ hỏi cho vui"", ""Không phải Ready To Buy: ngữ cảnh khác 128""]",confidence>= 0.63 nếu khớp >=1 trigger và không khớp counter,"Khi gặp Ready To Buy: xác nhận cảm xúc, hỏi 1 câu mở, đưa proof phù hợp.","[""food"", ""education""]"
INT-000129,Fake Agreement #129,fake_agreement_0129,Đồng ý giả để kết thúc,"[""để xem đã"", ""ok nhưng"", ""biến thể ngữ cảnh 14""]","[""Yêu cầu hợp đồng ngay"", ""Không phải Fake Agreement: ngữ cảnh khác 129""]",confidence>= 0.64 nếu khớp >=1 trigger và không khớp counter,"Khi gặp Fake Agreement: xác nhận cảm xúc, hỏi 1 câu mở, đưa proof phù hợp.","[""electronics"", ""home_appliances""]"
INT-000130,Soft Rejection #130,soft_rejection_0130,Từ chối mềm,"[""chưa cần"", ""để sau"", ""biến thể ngữ cảnh 15""]","[""Hỏi lịch lắp đặt"", ""Không phải Soft Rejection: ngữ cảnh khác 130""]",confidence>= 0.65 nếu khớp >=1 trigger và không khớp counter,"Khi gặp Soft Rejection: xác nhận cảm xúc, hỏi 1 câu mở, đưa proof phù hợp.","[""furniture"", ""furniture""]"
INT-000131,Price Concern #131,price_concern_0131,Khách lo về giá hoặc ngân sách,"[""đắt"", ""mắc"", ""giảm giá"", ""biến thể ngữ cảnh 16""]","[""Chỉ hỏi cấu phần gói, không nhắc giá"", ""Không phải Price Concern: ngữ cảnh khác 131""]",confidence>= 0.66 nếu khớp >=1 trigger và không khớp counter,"Khi gặp Price Concern: xác nhận cảm xúc, hỏi 1 câu mở, đưa proof phù hợp.","[""logistics"", ""finance""]"
INT-000132,Need More Time #132,need_more_time_0132,Khách muốn trì hoãn quyết định,"[""để hôm khác"", ""cuối tháng"", ""biến thể ngữ cảnh 17""]","[""Đồng ý chốt ngay"", ""Không phải Need More Time: ngữ cảnh khác 132""]",confidence>= 0.67 nếu khớp >=1 trigger và không khớp counter,"Khi gặp Need More Time: xác nhận cảm xúc, hỏi 1 câu mở, đưa proof phù hợp.","[""travel"", ""repair""]"
INT-000133,Trust Issue #133,trust_issue_0133,Khách nghi ngờ uy tín,"[""lừa"", ""công ty ở đâu"", ""biến thể ngữ cảnh 18""]","[""Hỏi lịch giao hàng"", ""Không phải Trust Issue: ngữ cảnh khác 133""]",confidence>= 0.68 nếu khớp >=1 trigger và không khớp counter,"Khi gặp Trust Issue: xác nhận cảm xúc, hỏi 1 câu mở, đưa proof phù hợp.","[""finance"", ""b2b_services""]"
INT-000134,Decision Maker Missing #134,decision_maker_missing_0134,Thiếu người quyết định,"[""hỏi vợ"", ""hỏi sếp"", ""biến thể ngữ cảnh 19""]","[""Tự chốt một mình"", ""Không phải Decision Maker Missing: ngữ cảnh khác 134""]",confidence>= 0.69 nếu khớp >=1 trigger và không khớp counter,"Khi gặp Decision Maker Missing: xác nhận cảm xúc, hỏi 1 câu mở, đưa proof phù hợp.","[""fitness"", ""dental""]"
INT-000135,Competitor Comparison #135,competitor_comparison_0135,So sánh đối thủ,"[""bên kia"", ""rẻ hơn"", ""biến thể ngữ cảnh 20""]","[""Chỉ hỏi bảo hành"", ""Không phải Competitor Comparison: ngữ cảnh khác 135""]",confidence>= 0.70 nếu khớp >=1 trigger và không khớp counter,"Khi gặp Competitor Comparison: xác nhận cảm xúc, hỏi 1 câu mở, đưa proof phù hợp.","[""plumbing"", ""automotive""]"
INT-000136,Busy #136,busy_0136,Khách đang bận,"[""đang bận"", ""gọi lại"", ""biến thể ngữ cảnh 21""]","[""Muốn demo ngay"", ""Không phải Busy: ngữ cảnh khác 136""]",confidence>= 0.71 nếu khớp >=1 trigger và không khớp counter,"Khi gặp Busy: xác nhận cảm xúc, hỏi 1 câu mở, đưa proof phù hợp.","[""repair"", ""food""]"
INT-000137,Interested #137,interested_0137,Khách quan tâm,"[""hay"", ""cho xem"", ""biến thể ngữ cảnh 22""]","[""Từ chối cứng"", ""Không phải Interested: ngữ cảnh khác 137""]",confidence>= 0.72 nếu khớp >=1 trigger và không khớp counter,"Khi gặp Interested: xác nhận cảm xúc, hỏi 1 câu mở, đưa proof phù hợp.","[""camera"", ""logistics""]"
INT-000138,Ready To Buy #138,ready_to_buy_0138,Sẵn sàng mua,"[""chốt"", ""thanh toán"", ""biến thể ngữ cảnh 0""]","[""Chỉ hỏi cho vui"", ""Không phải Ready To Buy: ngữ cảnh khác 138""]",confidence>= 0.73 nếu khớp >=1 trigger và không khớp counter,"Khi gặp Ready To Buy: xác nhận cảm xúc, hỏi 1 câu mở, đưa proof phù hợp.","[""medical_devices"", ""fitness""]"
INT-000139,Fake Agreement #139,fake_agreement_0139,Đồng ý giả để kết thúc,"[""để xem đã"", ""ok nhưng"", ""biến thể ngữ cảnh 1""]","[""Yêu cầu hợp đồng ngay"", ""Không phải Fake Agreement: ngữ cảnh khác 139""]",confidence>= 0.74 nếu khớp >=1 trigger và không khớp counter,"Khi gặp Fake Agreement: xác nhận cảm xúc, hỏi 1 câu mở, đưa proof phù hợp.","[""b2b_services"", ""camera""]"
INT-000140,Soft Rejection #140,soft_rejection_0140,Từ chối mềm,"[""chưa cần"", ""để sau"", ""biến thể ngữ cảnh 2""]","[""Hỏi lịch lắp đặt"", ""Không phải Soft Rejection: ngữ cảnh khác 140""]",confidence>= 0.75 nếu khớp >=1 trigger và không khớp counter,"Khi gặp Soft Rejection: xác nhận cảm xúc, hỏi 1 câu mở, đưa proof phù hợp.","[""real_estate"", ""real_estate""]"
INT-000141,Price Concern #141,price_concern_0141,Khách lo về giá hoặc ngân sách,"[""đắt"", ""mắc"", ""giảm giá"", ""biến thể ngữ cảnh 3""]","[""Chỉ hỏi cấu phần gói, không nhắc giá"", ""Không phải Price Concern: ngữ cảnh khác 141""]",confidence>= 0.76 nếu khớp >=1 trigger và không khớp counter,"Khi gặp Price Concern: xác nhận cảm xúc, hỏi 1 câu mở, đưa proof phù hợp.","[""spa"", ""insurance""]"
INT-000142,Need More Time #142,need_more_time_0142,Khách muốn trì hoãn quyết định,"[""để hôm khác"", ""cuối tháng"", ""biến thể ngữ cảnh 4""]","[""Đồng ý chốt ngay"", ""Không phải Need More Time: ngữ cảnh khác 142""]",confidence>= 0.77 nếu khớp >=1 trigger và không khớp counter,"Khi gặp Need More Time: xác nhận cảm xúc, hỏi 1 câu mở, đưa proof phù hợp.","[""dental"", ""cosmetics""]"
INT-000143,Trust Issue #143,trust_issue_0143,Khách nghi ngờ uy tín,"[""lừa"", ""công ty ở đâu"", ""biến thể ngữ cảnh 5""]","[""Hỏi lịch giao hàng"", ""Không phải Trust Issue: ngữ cảnh khác 143""]",confidence>= 0.78 nếu khớp >=1 trigger và không khớp counter,"Khi gặp Trust Issue: xác nhận cảm xúc, hỏi 1 câu mở, đưa proof phù hợp.","[""insurance"", ""electronics""]"
INT-000144,Decision Maker Missing #144,decision_maker_missing_0144,Thiếu người quyết định,"[""hỏi vợ"", ""hỏi sếp"", ""biến thể ngữ cảnh 6""]","[""Tự chốt một mình"", ""Không phải Decision Maker Missing: ngữ cảnh khác 144""]",confidence>= 0.79 nếu khớp >=1 trigger và không khớp counter,"Khi gặp Decision Maker Missing: xác nhận cảm xúc, hỏi 1 câu mở, đưa proof phù hợp.","[""education"", ""travel""]"
INT-000145,Competitor Comparison #145,competitor_comparison_0145,So sánh đối thủ,"[""bên kia"", ""rẻ hơn"", ""biến thể ngữ cảnh 7""]","[""Chỉ hỏi bảo hành"", ""Không phải Competitor Comparison: ngữ cảnh khác 145""]",confidence>= 0.80 nếu khớp >=1 trigger và không khớp counter,"Khi gặp Competitor Comparison: xác nhận cảm xúc, hỏi 1 câu mở, đưa proof phù hợp.","[""automotive"", ""plumbing""]"
INT-000146,Busy #146,busy_0146,Khách đang bận,"[""đang bận"", ""gọi lại"", ""biến thể ngữ cảnh 8""]","[""Muốn demo ngay"", ""Không phải Busy: ngữ cảnh khác 146""]",confidence>= 0.81 nếu khớp >=1 trigger và không khớp counter,"Khi gặp Busy: xác nhận cảm xúc, hỏi 1 câu mở, đưa proof phù hợp.","[""cosmetics"", ""medical_devices""]"
INT-000147,Interested #147,interested_0147,Khách quan tâm,"[""hay"", ""cho xem"", ""biến thể ngữ cảnh 9""]","[""Từ chối cứng"", ""Không phải Interested: ngữ cảnh khác 147""]",confidence>= 0.82 nếu khớp >=1 trigger và không khớp counter,"Khi gặp Interested: xác nhận cảm xúc, hỏi 1 câu mở, đưa proof phù hợp.","[""home_appliances"", ""spa""]"
INT-000148,Ready To Buy #148,ready_to_buy_0148,Sẵn sàng mua,"[""chốt"", ""thanh toán"", ""biến thể ngữ cảnh 10""]","[""Chỉ hỏi cho vui"", ""Không phải Ready To Buy: ngữ cảnh khác 148""]",confidence>= 0.83 nếu khớp >=1 trigger và không khớp counter,"Khi gặp Ready To Buy: xác nhận cảm xúc, hỏi 1 câu mở, đưa proof phù hợp.","[""food"", ""education""]"
INT-000149,Fake Agreement #149,fake_agreement_0149,Đồng ý giả để kết thúc,"[""để xem đã"", ""ok nhưng"", ""biến thể ngữ cảnh 11""]","[""Yêu cầu hợp đồng ngay"", ""Không phải Fake Agreement: ngữ cảnh khác 149""]",confidence>= 0.84 nếu khớp >=1 trigger và không khớp counter,"Khi gặp Fake Agreement: xác nhận cảm xúc, hỏi 1 câu mở, đưa proof phù hợp.","[""electronics"", ""home_appliances""]"
INT-000150,Soft Rejection #150,soft_rejection_0150,Từ chối mềm,"[""chưa cần"", ""để sau"", ""biến thể ngữ cảnh 12""]","[""Hỏi lịch lắp đặt"", ""Không phải Soft Rejection: ngữ cảnh khác 150""]",confidence>= 0.55 nếu khớp >=1 trigger và không khớp counter,"Khi gặp Soft Rejection: xác nhận cảm xúc, hỏi 1 câu mở, đưa proof phù hợp.","[""furniture"", ""furniture""]"
INT-000151,Price Concern #151,price_concern_0151,Khách lo về giá hoặc ngân sách,"[""đắt"", ""mắc"", ""giảm giá"", ""biến thể ngữ cảnh 13""]","[""Chỉ hỏi cấu phần gói, không nhắc giá"", ""Không phải Price Concern: ngữ cảnh khác 151""]",confidence>= 0.56 nếu khớp >=1 trigger và không khớp counter,"Khi gặp Price Concern: xác nhận cảm xúc, hỏi 1 câu mở, đưa proof phù hợp.","[""logistics"", ""finance""]"
INT-000152,Need More Time #152,need_more_time_0152,Khách muốn trì hoãn quyết định,"[""để hôm khác"", ""cuối tháng"", ""biến thể ngữ cảnh 14""]","[""Đồng ý chốt ngay"", ""Không phải Need More Time: ngữ cảnh khác 152""]",confidence>= 0.57 nếu khớp >=1 trigger và không khớp counter,"Khi gặp Need More Time: xác nhận cảm xúc, hỏi 1 câu mở, đưa proof phù hợp.","[""travel"", ""repair""]"
INT-000153,Trust Issue #153,trust_issue_0153,Khách nghi ngờ uy tín,"[""lừa"", ""công ty ở đâu"", ""biến thể ngữ cảnh 15""]","[""Hỏi lịch giao hàng"", ""Không phải Trust Issue: ngữ cảnh khác 153""]",confidence>= 0.58 nếu khớp >=1 trigger và không khớp counter,"Khi gặp Trust Issue: xác nhận cảm xúc, hỏi 1 câu mở, đưa proof phù hợp.","[""finance"", ""b2b_services""]"
INT-000154,Decision Maker Missing #154,decision_maker_missing_0154,Thiếu người quyết định,"[""hỏi vợ"", ""hỏi sếp"", ""biến thể ngữ cảnh 16""]","[""Tự chốt một mình"", ""Không phải Decision Maker Missing: ngữ cảnh khác 154""]",confidence>= 0.59 nếu khớp >=1 trigger và không khớp counter,"Khi gặp Decision Maker Missing: xác nhận cảm xúc, hỏi 1 câu mở, đưa proof phù hợp.","[""fitness"", ""dental""]"
INT-000155,Competitor Comparison #155,competitor_comparison_0155,So sánh đối thủ,"[""bên kia"", ""rẻ hơn"", ""biến thể ngữ cảnh 17""]","[""Chỉ hỏi bảo hành"", ""Không phải Competitor Comparison: ngữ cảnh khác 155""]",confidence>= 0.60 nếu khớp >=1 trigger và không khớp counter,"Khi gặp Competitor Comparison: xác nhận cảm xúc, hỏi 1 câu mở, đưa proof phù hợp.","[""plumbing"", ""automotive""]"
INT-000156,Busy #156,busy_0156,Khách đang bận,"[""đang bận"", ""gọi lại"", ""biến thể ngữ cảnh 18""]","[""Muốn demo ngay"", ""Không phải Busy: ngữ cảnh khác 156""]",confidence>= 0.61 nếu khớp >=1 trigger và không khớp counter,"Khi gặp Busy: xác nhận cảm xúc, hỏi 1 câu mở, đưa proof phù hợp.","[""repair"", ""food""]"
INT-000157,Interested #157,interested_0157,Khách quan tâm,"[""hay"", ""cho xem"", ""biến thể ngữ cảnh 19""]","[""Từ chối cứng"", ""Không phải Interested: ngữ cảnh khác 157""]",confidence>= 0.62 nếu khớp >=1 trigger và không khớp counter,"Khi gặp Interested: xác nhận cảm xúc, hỏi 1 câu mở, đưa proof phù hợp.","[""camera"", ""logistics""]"
INT-000158,Ready To Buy #158,ready_to_buy_0158,Sẵn sàng mua,"[""chốt"", ""thanh toán"", ""biến thể ngữ cảnh 20""]","[""Chỉ hỏi cho vui"", ""Không phải Ready To Buy: ngữ cảnh khác 158""]",confidence>= 0.63 nếu khớp >=1 trigger và không khớp counter,"Khi gặp Ready To Buy: xác nhận cảm xúc, hỏi 1 câu mở, đưa proof phù hợp.","[""medical_devices"", ""fitness""]"
INT-000159,Fake Agreement #159,fake_agreement_0159,Đồng ý giả để kết thúc,"[""để xem đã"", ""ok nhưng"", ""biến thể ngữ cảnh 21""]","[""Yêu cầu hợp đồng ngay"", ""Không phải Fake Agreement: ngữ cảnh khác 159""]",confidence>= 0.64 nếu khớp >=1 trigger và không khớp counter,"Khi gặp Fake Agreement: xác nhận cảm xúc, hỏi 1 câu mở, đưa proof phù hợp.","[""b2b_services"", ""camera""]"
INT-000160,Soft Rejection #160,soft_rejection_0160,Từ chối mềm,"[""chưa cần"", ""để sau"", ""biến thể ngữ cảnh 22""]","[""Hỏi lịch lắp đặt"", ""Không phải Soft Rejection: ngữ cảnh khác 160""]",confidence>= 0.65 nếu khớp >=1 trigger và không khớp counter,"Khi gặp Soft Rejection: xác nhận cảm xúc, hỏi 1 câu mở, đưa proof phù hợp.","[""real_estate"", ""real_estate""]"
INT-000161,Price Concern #161,price_concern_0161,Khách lo về giá hoặc ngân sách,"[""đắt"", ""mắc"", ""giảm giá"", ""biến thể ngữ cảnh 0""]","[""Chỉ hỏi cấu phần gói, không nhắc giá"", ""Không phải Price Concern: ngữ cảnh khác 161""]",confidence>= 0.66 nếu khớp >=1 trigger và không khớp counter,"Khi gặp Price Concern: xác nhận cảm xúc, hỏi 1 câu mở, đưa proof phù hợp.","[""spa"", ""insurance""]"
INT-000162,Need More Time #162,need_more_time_0162,Khách muốn trì hoãn quyết định,"[""để hôm khác"", ""cuối tháng"", ""biến thể ngữ cảnh 1""]","[""Đồng ý chốt ngay"", ""Không phải Need More Time: ngữ cảnh khác 162""]",confidence>= 0.67 nếu khớp >=1 trigger và không khớp counter,"Khi gặp Need More Time: xác nhận cảm xúc, hỏi 1 câu mở, đưa proof phù hợp.","[""dental"", ""cosmetics""]"
INT-000163,Trust Issue #163,trust_issue_0163,Khách nghi ngờ uy tín,"[""lừa"", ""công ty ở đâu"", ""biến thể ngữ cảnh 2""]","[""Hỏi lịch giao hàng"", ""Không phải Trust Issue: ngữ cảnh khác 163""]",confidence>= 0.68 nếu khớp >=1 trigger và không khớp counter,"Khi gặp Trust Issue: xác nhận cảm xúc, hỏi 1 câu mở, đưa proof phù hợp.","[""insurance"", ""electronics""]"
INT-000164,Decision Maker Missing #164,decision_maker_missing_0164,Thiếu người quyết định,"[""hỏi vợ"", ""hỏi sếp"", ""biến thể ngữ cảnh 3""]","[""Tự chốt một mình"", ""Không phải Decision Maker Missing: ngữ cảnh khác 164""]",confidence>= 0.69 nếu khớp >=1 trigger và không khớp counter,"Khi gặp Decision Maker Missing: xác nhận cảm xúc, hỏi 1 câu mở, đưa proof phù hợp.","[""education"", ""travel""]"
INT-000165,Competitor Comparison #165,competitor_comparison_0165,So sánh đối thủ,"[""bên kia"", ""rẻ hơn"", ""biến thể ngữ cảnh 4""]","[""Chỉ hỏi bảo hành"", ""Không phải Competitor Comparison: ngữ cảnh khác 165""]",confidence>= 0.70 nếu khớp >=1 trigger và không khớp counter,"Khi gặp Competitor Comparison: xác nhận cảm xúc, hỏi 1 câu mở, đưa proof phù hợp.","[""automotive"", ""plumbing""]"
INT-000166,Busy #166,busy_0166,Khách đang bận,"[""đang bận"", ""gọi lại"", ""biến thể ngữ cảnh 5""]","[""Muốn demo ngay"", ""Không phải Busy: ngữ cảnh khác 166""]",confidence>= 0.71 nếu khớp >=1 trigger và không khớp counter,"Khi gặp Busy: xác nhận cảm xúc, hỏi 1 câu mở, đưa proof phù hợp.","[""cosmetics"", ""medical_devices""]"
INT-000167,Interested #167,interested_0167,Khách quan tâm,"[""hay"", ""cho xem"", ""biến thể ngữ cảnh 6""]","[""Từ chối cứng"", ""Không phải Interested: ngữ cảnh khác 167""]",confidence>= 0.72 nếu khớp >=1 trigger và không khớp counter,"Khi gặp Interested: xác nhận cảm xúc, hỏi 1 câu mở, đưa proof phù hợp.","[""home_appliances"", ""spa""]"
INT-000168,Ready To Buy #168,ready_to_buy_0168,Sẵn sàng mua,"[""chốt"", ""thanh toán"", ""biến thể ngữ cảnh 7""]","[""Chỉ hỏi cho vui"", ""Không phải Ready To Buy: ngữ cảnh khác 168""]",confidence>= 0.73 nếu khớp >=1 trigger và không khớp counter,"Khi gặp Ready To Buy: xác nhận cảm xúc, hỏi 1 câu mở, đưa proof phù hợp.","[""food"", ""education""]"
INT-000169,Fake Agreement #169,fake_agreement_0169,Đồng ý giả để kết thúc,"[""để xem đã"", ""ok nhưng"", ""biến thể ngữ cảnh 8""]","[""Yêu cầu hợp đồng ngay"", ""Không phải Fake Agreement: ngữ cảnh khác 169""]",confidence>= 0.74 nếu khớp >=1 trigger và không khớp counter,"Khi gặp Fake Agreement: xác nhận cảm xúc, hỏi 1 câu mở, đưa proof phù hợp.","[""electronics"", ""home_appliances""]"
INT-000170,Soft Rejection #170,soft_rejection_0170,Từ chối mềm,"[""chưa cần"", ""để sau"", ""biến thể ngữ cảnh 9""]","[""Hỏi lịch lắp đặt"", ""Không phải Soft Rejection: ngữ cảnh khác 170""]",confidence>= 0.75 nếu khớp >=1 trigger và không khớp counter,"Khi gặp Soft Rejection: xác nhận cảm xúc, hỏi 1 câu mở, đưa proof phù hợp.","[""furniture"", ""furniture""]"
INT-000171,Price Concern #171,price_concern_0171,Khách lo về giá hoặc ngân sách,"[""đắt"", ""mắc"", ""giảm giá"", ""biến thể ngữ cảnh 10""]","[""Chỉ hỏi cấu phần gói, không nhắc giá"", ""Không phải Price Concern: ngữ cảnh khác 171""]",confidence>= 0.76 nếu khớp >=1 trigger và không khớp counter,"Khi gặp Price Concern: xác nhận cảm xúc, hỏi 1 câu mở, đưa proof phù hợp.","[""logistics"", ""finance""]"
INT-000172,Need More Time #172,need_more_time_0172,Khách muốn trì hoãn quyết định,"[""để hôm khác"", ""cuối tháng"", ""biến thể ngữ cảnh 11""]","[""Đồng ý chốt ngay"", ""Không phải Need More Time: ngữ cảnh khác 172""]",confidence>= 0.77 nếu khớp >=1 trigger và không khớp counter,"Khi gặp Need More Time: xác nhận cảm xúc, hỏi 1 câu mở, đưa proof phù hợp.","[""travel"", ""repair""]"
INT-000173,Trust Issue #173,trust_issue_0173,Khách nghi ngờ uy tín,"[""lừa"", ""công ty ở đâu"", ""biến thể ngữ cảnh 12""]","[""Hỏi lịch giao hàng"", ""Không phải Trust Issue: ngữ cảnh khác 173""]",confidence>= 0.78 nếu khớp >=1 trigger và không khớp counter,"Khi gặp Trust Issue: xác nhận cảm xúc, hỏi 1 câu mở, đưa proof phù hợp.","[""finance"", ""b2b_services""]"
INT-000174,Decision Maker Missing #174,decision_maker_missing_0174,Thiếu người quyết định,"[""hỏi vợ"", ""hỏi sếp"", ""biến thể ngữ cảnh 13""]","[""Tự chốt một mình"", ""Không phải Decision Maker Missing: ngữ cảnh khác 174""]",confidence>= 0.79 nếu khớp >=1 trigger và không khớp counter,"Khi gặp Decision Maker Missing: xác nhận cảm xúc, hỏi 1 câu mở, đưa proof phù hợp.","[""fitness"", ""dental""]"
INT-000175,Competitor Comparison #175,competitor_comparison_0175,So sánh đối thủ,"[""bên kia"", ""rẻ hơn"", ""biến thể ngữ cảnh 14""]","[""Chỉ hỏi bảo hành"", ""Không phải Competitor Comparison: ngữ cảnh khác 175""]",confidence>= 0.80 nếu khớp >=1 trigger và không khớp counter,"Khi gặp Competitor Comparison: xác nhận cảm xúc, hỏi 1 câu mở, đưa proof phù hợp.","[""plumbing"", ""automotive""]"
INT-000176,Busy #176,busy_0176,Khách đang bận,"[""đang bận"", ""gọi lại"", ""biến thể ngữ cảnh 15""]","[""Muốn demo ngay"", ""Không phải Busy: ngữ cảnh khác 176""]",confidence>= 0.81 nếu khớp >=1 trigger và không khớp counter,"Khi gặp Busy: xác nhận cảm xúc, hỏi 1 câu mở, đưa proof phù hợp.","[""repair"", ""food""]"
INT-000177,Interested #177,interested_0177,Khách quan tâm,"[""hay"", ""cho xem"", ""biến thể ngữ cảnh 16""]","[""Từ chối cứng"", ""Không phải Interested: ngữ cảnh khác 177""]",confidence>= 0.82 nếu khớp >=1 trigger và không khớp counter,"Khi gặp Interested: xác nhận cảm xúc, hỏi 1 câu mở, đưa proof phù hợp.","[""camera"", ""logistics""]"
INT-000178,Ready To Buy #178,ready_to_buy_0178,Sẵn sàng mua,"[""chốt"", ""thanh toán"", ""biến thể ngữ cảnh 17""]","[""Chỉ hỏi cho vui"", ""Không phải Ready To Buy: ngữ cảnh khác 178""]",confidence>= 0.83 nếu khớp >=1 trigger và không khớp counter,"Khi gặp Ready To Buy: xác nhận cảm xúc, hỏi 1 câu mở, đưa proof phù hợp.","[""medical_devices"", ""fitness""]"
INT-000179,Fake Agreement #179,fake_agreement_0179,Đồng ý giả để kết thúc,"[""để xem đã"", ""ok nhưng"", ""biến thể ngữ cảnh 18""]","[""Yêu cầu hợp đồng ngay"", ""Không phải Fake Agreement: ngữ cảnh khác 179""]",confidence>= 0.84 nếu khớp >=1 trigger và không khớp counter,"Khi gặp Fake Agreement: xác nhận cảm xúc, hỏi 1 câu mở, đưa proof phù hợp.","[""b2b_services"", ""camera""]"
INT-000180,Soft Rejection #180,soft_rejection_0180,Từ chối mềm,"[""chưa cần"", ""để sau"", ""biến thể ngữ cảnh 19""]","[""Hỏi lịch lắp đặt"", ""Không phải Soft Rejection: ngữ cảnh khác 180""]",confidence>= 0.55 nếu khớp >=1 trigger và không khớp counter,"Khi gặp Soft Rejection: xác nhận cảm xúc, hỏi 1 câu mở, đưa proof phù hợp.","[""real_estate"", ""real_estate""]"
INT-000181,Price Concern #181,price_concern_0181,Khách lo về giá hoặc ngân sách,"[""đắt"", ""mắc"", ""giảm giá"", ""biến thể ngữ cảnh 20""]","[""Chỉ hỏi cấu phần gói, không nhắc giá"", ""Không phải Price Concern: ngữ cảnh khác 181""]",confidence>= 0.56 nếu khớp >=1 trigger và không khớp counter,"Khi gặp Price Concern: xác nhận cảm xúc, hỏi 1 câu mở, đưa proof phù hợp.","[""spa"", ""insurance""]"
INT-000182,Need More Time #182,need_more_time_0182,Khách muốn trì hoãn quyết định,"[""để hôm khác"", ""cuối tháng"", ""biến thể ngữ cảnh 21""]","[""Đồng ý chốt ngay"", ""Không phải Need More Time: ngữ cảnh khác 182""]",confidence>= 0.57 nếu khớp >=1 trigger và không khớp counter,"Khi gặp Need More Time: xác nhận cảm xúc, hỏi 1 câu mở, đưa proof phù hợp.","[""dental"", ""cosmetics""]"
INT-000183,Trust Issue #183,trust_issue_0183,Khách nghi ngờ uy tín,"[""lừa"", ""công ty ở đâu"", ""biến thể ngữ cảnh 22""]","[""Hỏi lịch giao hàng"", ""Không phải Trust Issue: ngữ cảnh khác 183""]",confidence>= 0.58 nếu khớp >=1 trigger và không khớp counter,"Khi gặp Trust Issue: xác nhận cảm xúc, hỏi 1 câu mở, đưa proof phù hợp.","[""insurance"", ""electronics""]"
INT-000184,Decision Maker Missing #184,decision_maker_missing_0184,Thiếu người quyết định,"[""hỏi vợ"", ""hỏi sếp"", ""biến thể ngữ cảnh 0""]","[""Tự chốt một mình"", ""Không phải Decision Maker Missing: ngữ cảnh khác 184""]",confidence>= 0.59 nếu khớp >=1 trigger và không khớp counter,"Khi gặp Decision Maker Missing: xác nhận cảm xúc, hỏi 1 câu mở, đưa proof phù hợp.","[""education"", ""travel""]"
INT-000185,Competitor Comparison #185,competitor_comparison_0185,So sánh đối thủ,"[""bên kia"", ""rẻ hơn"", ""biến thể ngữ cảnh 1""]","[""Chỉ hỏi bảo hành"", ""Không phải Competitor Comparison: ngữ cảnh khác 185""]",confidence>= 0.60 nếu khớp >=1 trigger và không khớp counter,"Khi gặp Competitor Comparison: xác nhận cảm xúc, hỏi 1 câu mở, đưa proof phù hợp.","[""automotive"", ""plumbing""]"
INT-000186,Busy #186,busy_0186,Khách đang bận,"[""đang bận"", ""gọi lại"", ""biến thể ngữ cảnh 2""]","[""Muốn demo ngay"", ""Không phải Busy: ngữ cảnh khác 186""]",confidence>= 0.61 nếu khớp >=1 trigger và không khớp counter,"Khi gặp Busy: xác nhận cảm xúc, hỏi 1 câu mở, đưa proof phù hợp.","[""cosmetics"", ""medical_devices""]"
INT-000187,Interested #187,interested_0187,Khách quan tâm,"[""hay"", ""cho xem"", ""biến thể ngữ cảnh 3""]","[""Từ chối cứng"", ""Không phải Interested: ngữ cảnh khác 187""]",confidence>= 0.62 nếu khớp >=1 trigger và không khớp counter,"Khi gặp Interested: xác nhận cảm xúc, hỏi 1 câu mở, đưa proof phù hợp.","[""home_appliances"", ""spa""]"
INT-000188,Ready To Buy #188,ready_to_buy_0188,Sẵn sàng mua,"[""chốt"", ""thanh toán"", ""biến thể ngữ cảnh 4""]","[""Chỉ hỏi cho vui"", ""Không phải Ready To Buy: ngữ cảnh khác 188""]",confidence>= 0.63 nếu khớp >=1 trigger và không khớp counter,"Khi gặp Ready To Buy: xác nhận cảm xúc, hỏi 1 câu mở, đưa proof phù hợp.","[""food"", ""education""]"
INT-000189,Fake Agreement #189,fake_agreement_0189,Đồng ý giả để kết thúc,"[""để xem đã"", ""ok nhưng"", ""biến thể ngữ cảnh 5""]","[""Yêu cầu hợp đồng ngay"", ""Không phải Fake Agreement: ngữ cảnh khác 189""]",confidence>= 0.64 nếu khớp >=1 trigger và không khớp counter,"Khi gặp Fake Agreement: xác nhận cảm xúc, hỏi 1 câu mở, đưa proof phù hợp.","[""electronics"", ""home_appliances""]"
INT-000190,Soft Rejection #190,soft_rejection_0190,Từ chối mềm,"[""chưa cần"", ""để sau"", ""biến thể ngữ cảnh 6""]","[""Hỏi lịch lắp đặt"", ""Không phải Soft Rejection: ngữ cảnh khác 190""]",confidence>= 0.65 nếu khớp >=1 trigger và không khớp counter,"Khi gặp Soft Rejection: xác nhận cảm xúc, hỏi 1 câu mở, đưa proof phù hợp.","[""furniture"", ""furniture""]"
INT-000191,Price Concern #191,price_concern_0191,Khách lo về giá hoặc ngân sách,"[""đắt"", ""mắc"", ""giảm giá"", ""biến thể ngữ cảnh 7""]","[""Chỉ hỏi cấu phần gói, không nhắc giá"", ""Không phải Price Concern: ngữ cảnh khác 191""]",confidence>= 0.66 nếu khớp >=1 trigger và không khớp counter,"Khi gặp Price Concern: xác nhận cảm xúc, hỏi 1 câu mở, đưa proof phù hợp.","[""logistics"", ""finance""]"
INT-000192,Need More Time #192,need_more_time_0192,Khách muốn trì hoãn quyết định,"[""để hôm khác"", ""cuối tháng"", ""biến thể ngữ cảnh 8""]","[""Đồng ý chốt ngay"", ""Không phải Need More Time: ngữ cảnh khác 192""]",confidence>= 0.67 nếu khớp >=1 trigger và không khớp counter,"Khi gặp Need More Time: xác nhận cảm xúc, hỏi 1 câu mở, đưa proof phù hợp.","[""travel"", ""repair""]"
INT-000193,Trust Issue #193,trust_issue_0193,Khách nghi ngờ uy tín,"[""lừa"", ""công ty ở đâu"", ""biến thể ngữ cảnh 9""]","[""Hỏi lịch giao hàng"", ""Không phải Trust Issue: ngữ cảnh khác 193""]",confidence>= 0.68 nếu khớp >=1 trigger và không khớp counter,"Khi gặp Trust Issue: xác nhận cảm xúc, hỏi 1 câu mở, đưa proof phù hợp.","[""finance"", ""b2b_services""]"
INT-000194,Decision Maker Missing #194,decision_maker_missing_0194,Thiếu người quyết định,"[""hỏi vợ"", ""hỏi sếp"", ""biến thể ngữ cảnh 10""]","[""Tự chốt một mình"", ""Không phải Decision Maker Missing: ngữ cảnh khác 194""]",confidence>= 0.69 nếu khớp >=1 trigger và không khớp counter,"Khi gặp Decision Maker Missing: xác nhận cảm xúc, hỏi 1 câu mở, đưa proof phù hợp.","[""fitness"", ""dental""]"
INT-000195,Competitor Comparison #195,competitor_comparison_0195,So sánh đối thủ,"[""bên kia"", ""rẻ hơn"", ""biến thể ngữ cảnh 11""]","[""Chỉ hỏi bảo hành"", ""Không phải Competitor Comparison: ngữ cảnh khác 195""]",confidence>= 0.70 nếu khớp >=1 trigger và không khớp counter,"Khi gặp Competitor Comparison: xác nhận cảm xúc, hỏi 1 câu mở, đưa proof phù hợp.","[""plumbing"", ""automotive""]"
INT-000196,Busy #196,busy_0196,Khách đang bận,"[""đang bận"", ""gọi lại"", ""biến thể ngữ cảnh 12""]","[""Muốn demo ngay"", ""Không phải Busy: ngữ cảnh khác 196""]",confidence>= 0.71 nếu khớp >=1 trigger và không khớp counter,"Khi gặp Busy: xác nhận cảm xúc, hỏi 1 câu mở, đưa proof phù hợp.","[""repair"", ""food""]"
INT-000197,Interested #197,interested_0197,Khách quan tâm,"[""hay"", ""cho xem"", ""biến thể ngữ cảnh 13""]","[""Từ chối cứng"", ""Không phải Interested: ngữ cảnh khác 197""]",confidence>= 0.72 nếu khớp >=1 trigger và không khớp counter,"Khi gặp Interested: xác nhận cảm xúc, hỏi 1 câu mở, đưa proof phù hợp.","[""camera"", ""logistics""]"
INT-000198,Ready To Buy #198,ready_to_buy_0198,Sẵn sàng mua,"[""chốt"", ""thanh toán"", ""biến thể ngữ cảnh 14""]","[""Chỉ hỏi cho vui"", ""Không phải Ready To Buy: ngữ cảnh khác 198""]",confidence>= 0.73 nếu khớp >=1 trigger và không khớp counter,"Khi gặp Ready To Buy: xác nhận cảm xúc, hỏi 1 câu mở, đưa proof phù hợp.","[""medical_devices"", ""fitness""]"
INT-000199,Fake Agreement #199,fake_agreement_0199,Đồng ý giả để kết thúc,"[""để xem đã"", ""ok nhưng"", ""biến thể ngữ cảnh 15""]","[""Yêu cầu hợp đồng ngay"", ""Không phải Fake Agreement: ngữ cảnh khác 199""]",confidence>= 0.74 nếu khớp >=1 trigger và không khớp counter,"Khi gặp Fake Agreement: xác nhận cảm xúc, hỏi 1 câu mở, đưa proof phù hợp.","[""b2b_services"", ""camera""]"
INT-000200,Soft Rejection #200,soft_rejection_0200,Từ chối mềm,"[""chưa cần"", ""để sau"", ""biến thể ngữ cảnh 16""]","[""Hỏi lịch lắp đặt"", ""Không phải Soft Rejection: ngữ cảnh khác 200""]",confidence>= 0.75 nếu khớp >=1 trigger và không khớp counter,"Khi gặp Soft Rejection: xác nhận cảm xúc, hỏi 1 câu mở, đưa proof phù hợp.","[""real_estate"", ""real_estate""]"
INT-000201,Price Concern #201,price_concern_0201,Khách lo về giá hoặc ngân sách,"[""đắt"", ""mắc"", ""giảm giá"", ""biến thể ngữ cảnh 17""]","[""Chỉ hỏi cấu phần gói, không nhắc giá"", ""Không phải Price Concern: ngữ cảnh khác 201""]",confidence>= 0.76 nếu khớp >=1 trigger và không khớp counter,"Khi gặp Price Concern: xác nhận cảm xúc, hỏi 1 câu mở, đưa proof phù hợp.","[""spa"", ""insurance""]"
INT-000202,Need More Time #202,need_more_time_0202,Khách muốn trì hoãn quyết định,"[""để hôm khác"", ""cuối tháng"", ""biến thể ngữ cảnh 18""]","[""Đồng ý chốt ngay"", ""Không phải Need More Time: ngữ cảnh khác 202""]",confidence>= 0.77 nếu khớp >=1 trigger và không khớp counter,"Khi gặp Need More Time: xác nhận cảm xúc, hỏi 1 câu mở, đưa proof phù hợp.","[""dental"", ""cosmetics""]"
INT-000203,Trust Issue #203,trust_issue_0203,Khách nghi ngờ uy tín,"[""lừa"", ""công ty ở đâu"", ""biến thể ngữ cảnh 19""]","[""Hỏi lịch giao hàng"", ""Không phải Trust Issue: ngữ cảnh khác 203""]",confidence>= 0.78 nếu khớp >=1 trigger và không khớp counter,"Khi gặp Trust Issue: xác nhận cảm xúc, hỏi 1 câu mở, đưa proof phù hợp.","[""insurance"", ""electronics""]"
INT-000204,Decision Maker Missing #204,decision_maker_missing_0204,Thiếu người quyết định,"[""hỏi vợ"", ""hỏi sếp"", ""biến thể ngữ cảnh 20""]","[""Tự chốt một mình"", ""Không phải Decision Maker Missing: ngữ cảnh khác 204""]",confidence>= 0.79 nếu khớp >=1 trigger và không khớp counter,"Khi gặp Decision Maker Missing: xác nhận cảm xúc, hỏi 1 câu mở, đưa proof phù hợp.","[""education"", ""travel""]"
INT-000205,Competitor Comparison #205,competitor_comparison_0205,So sánh đối thủ,"[""bên kia"", ""rẻ hơn"", ""biến thể ngữ cảnh 21""]","[""Chỉ hỏi bảo hành"", ""Không phải Competitor Comparison: ngữ cảnh khác 205""]",confidence>= 0.80 nếu khớp >=1 trigger và không khớp counter,"Khi gặp Competitor Comparison: xác nhận cảm xúc, hỏi 1 câu mở, đưa proof phù hợp.","[""automotive"", ""plumbing""]"
INT-000206,Busy #206,busy_0206,Khách đang bận,"[""đang bận"", ""gọi lại"", ""biến thể ngữ cảnh 22""]","[""Muốn demo ngay"", ""Không phải Busy: ngữ cảnh khác 206""]",confidence>= 0.81 nếu khớp >=1 trigger và không khớp counter,"Khi gặp Busy: xác nhận cảm xúc, hỏi 1 câu mở, đưa proof phù hợp.","[""cosmetics"", ""medical_devices""]"
INT-000207,Interested #207,interested_0207,Khách quan tâm,"[""hay"", ""cho xem"", ""biến thể ngữ cảnh 0""]","[""Từ chối cứng"", ""Không phải Interested: ngữ cảnh khác 207""]",confidence>= 0.82 nếu khớp >=1 trigger và không khớp counter,"Khi gặp Interested: xác nhận cảm xúc, hỏi 1 câu mở, đưa proof phù hợp.","[""home_appliances"", ""spa""]"
INT-000208,Ready To Buy #208,ready_to_buy_0208,Sẵn sàng mua,"[""chốt"", ""thanh toán"", ""biến thể ngữ cảnh 1""]","[""Chỉ hỏi cho vui"", ""Không phải Ready To Buy: ngữ cảnh khác 208""]",confidence>= 0.83 nếu khớp >=1 trigger và không khớp counter,"Khi gặp Ready To Buy: xác nhận cảm xúc, hỏi 1 câu mở, đưa proof phù hợp.","[""food"", ""education""]"
INT-000209,Fake Agreement #209,fake_agreement_0209,Đồng ý giả để kết thúc,"[""để xem đã"", ""ok nhưng"", ""biến thể ngữ cảnh 2""]","[""Yêu cầu hợp đồng ngay"", ""Không phải Fake Agreement: ngữ cảnh khác 209""]",confidence>= 0.84 nếu khớp >=1 trigger và không khớp counter,"Khi gặp Fake Agreement: xác nhận cảm xúc, hỏi 1 câu mở, đưa proof phù hợp.","[""electronics"", ""home_appliances""]"
INT-000210,Soft Rejection #210,soft_rejection_0210,Từ chối mềm,"[""chưa cần"", ""để sau"", ""biến thể ngữ cảnh 3""]","[""Hỏi lịch lắp đặt"", ""Không phải Soft Rejection: ngữ cảnh khác 210""]",confidence>= 0.55 nếu khớp >=1 trigger và không khớp counter,"Khi gặp Soft Rejection: xác nhận cảm xúc, hỏi 1 câu mở, đưa proof phù hợp.","[""furniture"", ""furniture""]"
INT-000211,Price Concern #211,price_concern_0211,Khách lo về giá hoặc ngân sách,"[""đắt"", ""mắc"", ""giảm giá"", ""biến thể ngữ cảnh 4""]","[""Chỉ hỏi cấu phần gói, không nhắc giá"", ""Không phải Price Concern: ngữ cảnh khác 211""]",confidence>= 0.56 nếu khớp >=1 trigger và không khớp counter,"Khi gặp Price Concern: xác nhận cảm xúc, hỏi 1 câu mở, đưa proof phù hợp.","[""logistics"", ""finance""]"
INT-000212,Need More Time #212,need_more_time_0212,Khách muốn trì hoãn quyết định,"[""để hôm khác"", ""cuối tháng"", ""biến thể ngữ cảnh 5""]","[""Đồng ý chốt ngay"", ""Không phải Need More Time: ngữ cảnh khác 212""]",confidence>= 0.57 nếu khớp >=1 trigger và không khớp counter,"Khi gặp Need More Time: xác nhận cảm xúc, hỏi 1 câu mở, đưa proof phù hợp.","[""travel"", ""repair""]"
INT-000213,Trust Issue #213,trust_issue_0213,Khách nghi ngờ uy tín,"[""lừa"", ""công ty ở đâu"", ""biến thể ngữ cảnh 6""]","[""Hỏi lịch giao hàng"", ""Không phải Trust Issue: ngữ cảnh khác 213""]",confidence>= 0.58 nếu khớp >=1 trigger và không khớp counter,"Khi gặp Trust Issue: xác nhận cảm xúc, hỏi 1 câu mở, đưa proof phù hợp.","[""finance"", ""b2b_services""]"
INT-000214,Decision Maker Missing #214,decision_maker_missing_0214,Thiếu người quyết định,"[""hỏi vợ"", ""hỏi sếp"", ""biến thể ngữ cảnh 7""]","[""Tự chốt một mình"", ""Không phải Decision Maker Missing: ngữ cảnh khác 214""]",confidence>= 0.59 nếu khớp >=1 trigger và không khớp counter,"Khi gặp Decision Maker Missing: xác nhận cảm xúc, hỏi 1 câu mở, đưa proof phù hợp.","[""fitness"", ""dental""]"
INT-000215,Competitor Comparison #215,competitor_comparison_0215,So sánh đối thủ,"[""bên kia"", ""rẻ hơn"", ""biến thể ngữ cảnh 8""]","[""Chỉ hỏi bảo hành"", ""Không phải Competitor Comparison: ngữ cảnh khác 215""]",confidence>= 0.60 nếu khớp >=1 trigger và không khớp counter,"Khi gặp Competitor Comparison: xác nhận cảm xúc, hỏi 1 câu mở, đưa proof phù hợp.","[""plumbing"", ""automotive""]"
INT-000216,Busy #216,busy_0216,Khách đang bận,"[""đang bận"", ""gọi lại"", ""biến thể ngữ cảnh 9""]","[""Muốn demo ngay"", ""Không phải Busy: ngữ cảnh khác 216""]",confidence>= 0.61 nếu khớp >=1 trigger và không khớp counter,"Khi gặp Busy: xác nhận cảm xúc, hỏi 1 câu mở, đưa proof phù hợp.","[""repair"", ""food""]"
INT-000217,Interested #217,interested_0217,Khách quan tâm,"[""hay"", ""cho xem"", ""biến thể ngữ cảnh 10""]","[""Từ chối cứng"", ""Không phải Interested: ngữ cảnh khác 217""]",confidence>= 0.62 nếu khớp >=1 trigger và không khớp counter,"Khi gặp Interested: xác nhận cảm xúc, hỏi 1 câu mở, đưa proof phù hợp.","[""camera"", ""logistics""]"
INT-000218,Ready To Buy #218,ready_to_buy_0218,Sẵn sàng mua,"[""chốt"", ""thanh toán"", ""biến thể ngữ cảnh 11""]","[""Chỉ hỏi cho vui"", ""Không phải Ready To Buy: ngữ cảnh khác 218""]",confidence>= 0.63 nếu khớp >=1 trigger và không khớp counter,"Khi gặp Ready To Buy: xác nhận cảm xúc, hỏi 1 câu mở, đưa proof phù hợp.","[""medical_devices"", ""fitness""]"
INT-000219,Fake Agreement #219,fake_agreement_0219,Đồng ý giả để kết thúc,"[""để xem đã"", ""ok nhưng"", ""biến thể ngữ cảnh 12""]","[""Yêu cầu hợp đồng ngay"", ""Không phải Fake Agreement: ngữ cảnh khác 219""]",confidence>= 0.64 nếu khớp >=1 trigger và không khớp counter,"Khi gặp Fake Agreement: xác nhận cảm xúc, hỏi 1 câu mở, đưa proof phù hợp.","[""b2b_services"", ""camera""]"
INT-000220,Soft Rejection #220,soft_rejection_0220,Từ chối mềm,"[""chưa cần"", ""để sau"", ""biến thể ngữ cảnh 13""]","[""Hỏi lịch lắp đặt"", ""Không phải Soft Rejection: ngữ cảnh khác 220""]",confidence>= 0.65 nếu khớp >=1 trigger và không khớp counter,"Khi gặp Soft Rejection: xác nhận cảm xúc, hỏi 1 câu mở, đưa proof phù hợp.","[""real_estate"", ""real_estate""]"
INT-000221,Price Concern #221,price_concern_0221,Khách lo về giá hoặc ngân sách,"[""đắt"", ""mắc"", ""giảm giá"", ""biến thể ngữ cảnh 14""]","[""Chỉ hỏi cấu phần gói, không nhắc giá"", ""Không phải Price Concern: ngữ cảnh khác 221""]",confidence>= 0.66 nếu khớp >=1 trigger và không khớp counter,"Khi gặp Price Concern: xác nhận cảm xúc, hỏi 1 câu mở, đưa proof phù hợp.","[""spa"", ""insurance""]"
INT-000222,Need More Time #222,need_more_time_0222,Khách muốn trì hoãn quyết định,"[""để hôm khác"", ""cuối tháng"", ""biến thể ngữ cảnh 15""]","[""Đồng ý chốt ngay"", ""Không phải Need More Time: ngữ cảnh khác 222""]",confidence>= 0.67 nếu khớp >=1 trigger và không khớp counter,"Khi gặp Need More Time: xác nhận cảm xúc, hỏi 1 câu mở, đưa proof phù hợp.","[""dental"", ""cosmetics""]"
INT-000223,Trust Issue #223,trust_issue_0223,Khách nghi ngờ uy tín,"[""lừa"", ""công ty ở đâu"", ""biến thể ngữ cảnh 16""]","[""Hỏi lịch giao hàng"", ""Không phải Trust Issue: ngữ cảnh khác 223""]",confidence>= 0.68 nếu khớp >=1 trigger và không khớp counter,"Khi gặp Trust Issue: xác nhận cảm xúc, hỏi 1 câu mở, đưa proof phù hợp.","[""insurance"", ""electronics""]"
INT-000224,Decision Maker Missing #224,decision_maker_missing_0224,Thiếu người quyết định,"[""hỏi vợ"", ""hỏi sếp"", ""biến thể ngữ cảnh 17""]","[""Tự chốt một mình"", ""Không phải Decision Maker Missing: ngữ cảnh khác 224""]",confidence>= 0.69 nếu khớp >=1 trigger và không khớp counter,"Khi gặp Decision Maker Missing: xác nhận cảm xúc, hỏi 1 câu mở, đưa proof phù hợp.","[""education"", ""travel""]"
INT-000225,Competitor Comparison #225,competitor_comparison_0225,So sánh đối thủ,"[""bên kia"", ""rẻ hơn"", ""biến thể ngữ cảnh 18""]","[""Chỉ hỏi bảo hành"", ""Không phải Competitor Comparison: ngữ cảnh khác 225""]",confidence>= 0.70 nếu khớp >=1 trigger và không khớp counter,"Khi gặp Competitor Comparison: xác nhận cảm xúc, hỏi 1 câu mở, đưa proof phù hợp.","[""automotive"", ""plumbing""]"
INT-000226,Busy #226,busy_0226,Khách đang bận,"[""đang bận"", ""gọi lại"", ""biến thể ngữ cảnh 19""]","[""Muốn demo ngay"", ""Không phải Busy: ngữ cảnh khác 226""]",confidence>= 0.71 nếu khớp >=1 trigger và không khớp counter,"Khi gặp Busy: xác nhận cảm xúc, hỏi 1 câu mở, đưa proof phù hợp.","[""cosmetics"", ""medical_devices""]"
INT-000227,Interested #227,interested_0227,Khách quan tâm,"[""hay"", ""cho xem"", ""biến thể ngữ cảnh 20""]","[""Từ chối cứng"", ""Không phải Interested: ngữ cảnh khác 227""]",confidence>= 0.72 nếu khớp >=1 trigger và không khớp counter,"Khi gặp Interested: xác nhận cảm xúc, hỏi 1 câu mở, đưa proof phù hợp.","[""home_appliances"", ""spa""]"
INT-000228,Ready To Buy #228,ready_to_buy_0228,Sẵn sàng mua,"[""chốt"", ""thanh toán"", ""biến thể ngữ cảnh 21""]","[""Chỉ hỏi cho vui"", ""Không phải Ready To Buy: ngữ cảnh khác 228""]",confidence>= 0.73 nếu khớp >=1 trigger và không khớp counter,"Khi gặp Ready To Buy: xác nhận cảm xúc, hỏi 1 câu mở, đưa proof phù hợp.","[""food"", ""education""]"
INT-000229,Fake Agreement #229,fake_agreement_0229,Đồng ý giả để kết thúc,"[""để xem đã"", ""ok nhưng"", ""biến thể ngữ cảnh 22""]","[""Yêu cầu hợp đồng ngay"", ""Không phải Fake Agreement: ngữ cảnh khác 229""]",confidence>= 0.74 nếu khớp >=1 trigger và không khớp counter,"Khi gặp Fake Agreement: xác nhận cảm xúc, hỏi 1 câu mở, đưa proof phù hợp.","[""electronics"", ""home_appliances""]"
INT-000230,Soft Rejection #230,soft_rejection_0230,Từ chối mềm,"[""chưa cần"", ""để sau"", ""biến thể ngữ cảnh 0""]","[""Hỏi lịch lắp đặt"", ""Không phải Soft Rejection: ngữ cảnh khác 230""]",confidence>= 0.75 nếu khớp >=1 trigger và không khớp counter,"Khi gặp Soft Rejection: xác nhận cảm xúc, hỏi 1 câu mở, đưa proof phù hợp.","[""furniture"", ""furniture""]"
INT-000231,Price Concern #231,price_concern_0231,Khách lo về giá hoặc ngân sách,"[""đắt"", ""mắc"", ""giảm giá"", ""biến thể ngữ cảnh 1""]","[""Chỉ hỏi cấu phần gói, không nhắc giá"", ""Không phải Price Concern: ngữ cảnh khác 231""]",confidence>= 0.76 nếu khớp >=1 trigger và không khớp counter,"Khi gặp Price Concern: xác nhận cảm xúc, hỏi 1 câu mở, đưa proof phù hợp.","[""logistics"", ""finance""]"
INT-000232,Need More Time #232,need_more_time_0232,Khách muốn trì hoãn quyết định,"[""để hôm khác"", ""cuối tháng"", ""biến thể ngữ cảnh 2""]","[""Đồng ý chốt ngay"", ""Không phải Need More Time: ngữ cảnh khác 232""]",confidence>= 0.77 nếu khớp >=1 trigger và không khớp counter,"Khi gặp Need More Time: xác nhận cảm xúc, hỏi 1 câu mở, đưa proof phù hợp.","[""travel"", ""repair""]"
INT-000233,Trust Issue #233,trust_issue_0233,Khách nghi ngờ uy tín,"[""lừa"", ""công ty ở đâu"", ""biến thể ngữ cảnh 3""]","[""Hỏi lịch giao hàng"", ""Không phải Trust Issue: ngữ cảnh khác 233""]",confidence>= 0.78 nếu khớp >=1 trigger và không khớp counter,"Khi gặp Trust Issue: xác nhận cảm xúc, hỏi 1 câu mở, đưa proof phù hợp.","[""finance"", ""b2b_services""]"
INT-000234,Decision Maker Missing #234,decision_maker_missing_0234,Thiếu người quyết định,"[""hỏi vợ"", ""hỏi sếp"", ""biến thể ngữ cảnh 4""]","[""Tự chốt một mình"", ""Không phải Decision Maker Missing: ngữ cảnh khác 234""]",confidence>= 0.79 nếu khớp >=1 trigger và không khớp counter,"Khi gặp Decision Maker Missing: xác nhận cảm xúc, hỏi 1 câu mở, đưa proof phù hợp.","[""fitness"", ""dental""]"
INT-000235,Competitor Comparison #235,competitor_comparison_0235,So sánh đối thủ,"[""bên kia"", ""rẻ hơn"", ""biến thể ngữ cảnh 5""]","[""Chỉ hỏi bảo hành"", ""Không phải Competitor Comparison: ngữ cảnh khác 235""]",confidence>= 0.80 nếu khớp >=1 trigger và không khớp counter,"Khi gặp Competitor Comparison: xác nhận cảm xúc, hỏi 1 câu mở, đưa proof phù hợp.","[""plumbing"", ""automotive""]"
INT-000236,Busy #236,busy_0236,Khách đang bận,"[""đang bận"", ""gọi lại"", ""biến thể ngữ cảnh 6""]","[""Muốn demo ngay"", ""Không phải Busy: ngữ cảnh khác 236""]",confidence>= 0.81 nếu khớp >=1 trigger và không khớp counter,"Khi gặp Busy: xác nhận cảm xúc, hỏi 1 câu mở, đưa proof phù hợp.","[""repair"", ""food""]"
INT-000237,Interested #237,interested_0237,Khách quan tâm,"[""hay"", ""cho xem"", ""biến thể ngữ cảnh 7""]","[""Từ chối cứng"", ""Không phải Interested: ngữ cảnh khác 237""]",confidence>= 0.82 nếu khớp >=1 trigger và không khớp counter,"Khi gặp Interested: xác nhận cảm xúc, hỏi 1 câu mở, đưa proof phù hợp.","[""camera"", ""logistics""]"
INT-000238,Ready To Buy #238,ready_to_buy_0238,Sẵn sàng mua,"[""chốt"", ""thanh toán"", ""biến thể ngữ cảnh 8""]","[""Chỉ hỏi cho vui"", ""Không phải Ready To Buy: ngữ cảnh khác 238""]",confidence>= 0.83 nếu khớp >=1 trigger và không khớp counter,"Khi gặp Ready To Buy: xác nhận cảm xúc, hỏi 1 câu mở, đưa proof phù hợp.","[""medical_devices"", ""fitness""]"
INT-000239,Fake Agreement #239,fake_agreement_0239,Đồng ý giả để kết thúc,"[""để xem đã"", ""ok nhưng"", ""biến thể ngữ cảnh 9""]","[""Yêu cầu hợp đồng ngay"", ""Không phải Fake Agreement: ngữ cảnh khác 239""]",confidence>= 0.84 nếu khớp >=1 trigger và không khớp counter,"Khi gặp Fake Agreement: xác nhận cảm xúc, hỏi 1 câu mở, đưa proof phù hợp.","[""b2b_services"", ""camera""]"
INT-000240,Soft Rejection #240,soft_rejection_0240,Từ chối mềm,"[""chưa cần"", ""để sau"", ""biến thể ngữ cảnh 10""]","[""Hỏi lịch lắp đặt"", ""Không phải Soft Rejection: ngữ cảnh khác 240""]",confidence>= 0.55 nếu khớp >=1 trigger và không khớp counter,"Khi gặp Soft Rejection: xác nhận cảm xúc, hỏi 1 câu mở, đưa proof phù hợp.","[""real_estate"", ""real_estate""]"
INT-000241,Price Concern #241,price_concern_0241,Khách lo về giá hoặc ngân sách,"[""đắt"", ""mắc"", ""giảm giá"", ""biến thể ngữ cảnh 11""]","[""Chỉ hỏi cấu phần gói, không nhắc giá"", ""Không phải Price Concern: ngữ cảnh khác 241""]",confidence>= 0.56 nếu khớp >=1 trigger và không khớp counter,"Khi gặp Price Concern: xác nhận cảm xúc, hỏi 1 câu mở, đưa proof phù hợp.","[""spa"", ""insurance""]"
INT-000242,Need More Time #242,need_more_time_0242,Khách muốn trì hoãn quyết định,"[""để hôm khác"", ""cuối tháng"", ""biến thể ngữ cảnh 12""]","[""Đồng ý chốt ngay"", ""Không phải Need More Time: ngữ cảnh khác 242""]",confidence>= 0.57 nếu khớp >=1 trigger và không khớp counter,"Khi gặp Need More Time: xác nhận cảm xúc, hỏi 1 câu mở, đưa proof phù hợp.","[""dental"", ""cosmetics""]"
INT-000243,Trust Issue #243,trust_issue_0243,Khách nghi ngờ uy tín,"[""lừa"", ""công ty ở đâu"", ""biến thể ngữ cảnh 13""]","[""Hỏi lịch giao hàng"", ""Không phải Trust Issue: ngữ cảnh khác 243""]",confidence>= 0.58 nếu khớp >=1 trigger và không khớp counter,"Khi gặp Trust Issue: xác nhận cảm xúc, hỏi 1 câu mở, đưa proof phù hợp.","[""insurance"", ""electronics""]"
INT-000244,Decision Maker Missing #244,decision_maker_missing_0244,Thiếu người quyết định,"[""hỏi vợ"", ""hỏi sếp"", ""biến thể ngữ cảnh 14""]","[""Tự chốt một mình"", ""Không phải Decision Maker Missing: ngữ cảnh khác 244""]",confidence>= 0.59 nếu khớp >=1 trigger và không khớp counter,"Khi gặp Decision Maker Missing: xác nhận cảm xúc, hỏi 1 câu mở, đưa proof phù hợp.","[""education"", ""travel""]"
INT-000245,Competitor Comparison #245,competitor_comparison_0245,So sánh đối thủ,"[""bên kia"", ""rẻ hơn"", ""biến thể ngữ cảnh 15""]","[""Chỉ hỏi bảo hành"", ""Không phải Competitor Comparison: ngữ cảnh khác 245""]",confidence>= 0.60 nếu khớp >=1 trigger và không khớp counter,"Khi gặp Competitor Comparison: xác nhận cảm xúc, hỏi 1 câu mở, đưa proof phù hợp.","[""automotive"", ""plumbing""]"
INT-000246,Busy #246,busy_0246,Khách đang bận,"[""đang bận"", ""gọi lại"", ""biến thể ngữ cảnh 16""]","[""Muốn demo ngay"", ""Không phải Busy: ngữ cảnh khác 246""]",confidence>= 0.61 nếu khớp >=1 trigger và không khớp counter,"Khi gặp Busy: xác nhận cảm xúc, hỏi 1 câu mở, đưa proof phù hợp.","[""cosmetics"", ""medical_devices""]"
INT-000247,Interested #247,interested_0247,Khách quan tâm,"[""hay"", ""cho xem"", ""biến thể ngữ cảnh 17""]","[""Từ chối cứng"", ""Không phải Interested: ngữ cảnh khác 247""]",confidence>= 0.62 nếu khớp >=1 trigger và không khớp counter,"Khi gặp Interested: xác nhận cảm xúc, hỏi 1 câu mở, đưa proof phù hợp.","[""home_appliances"", ""spa""]"
INT-000248,Ready To Buy #248,ready_to_buy_0248,Sẵn sàng mua,"[""chốt"", ""thanh toán"", ""biến thể ngữ cảnh 18""]","[""Chỉ hỏi cho vui"", ""Không phải Ready To Buy: ngữ cảnh khác 248""]",confidence>= 0.63 nếu khớp >=1 trigger và không khớp counter,"Khi gặp Ready To Buy: xác nhận cảm xúc, hỏi 1 câu mở, đưa proof phù hợp.","[""food"", ""education""]"
INT-000249,Fake Agreement #249,fake_agreement_0249,Đồng ý giả để kết thúc,"[""để xem đã"", ""ok nhưng"", ""biến thể ngữ cảnh 19""]","[""Yêu cầu hợp đồng ngay"", ""Không phải Fake Agreement: ngữ cảnh khác 249""]",confidence>= 0.64 nếu khớp >=1 trigger và không khớp counter,"Khi gặp Fake Agreement: xác nhận cảm xúc, hỏi 1 câu mở, đưa proof phù hợp.","[""electronics"", ""home_appliances""]"
INT-000250,Soft Rejection #250,soft_rejection_0250,Từ chối mềm,"[""chưa cần"", ""để sau"", ""biến thể ngữ cảnh 20""]","[""Hỏi lịch lắp đặt"", ""Không phải Soft Rejection: ngữ cảnh khác 250""]",confidence>= 0.65 nếu khớp >=1 trigger và không khớp counter,"Khi gặp Soft Rejection: xác nhận cảm xúc, hỏi 1 câu mở, đưa proof phù hợp.","[""furniture"", ""furniture""]"
INT-000251,Price Concern #251,price_concern_0251,Khách lo về giá hoặc ngân sách,"[""đắt"", ""mắc"", ""giảm giá"", ""biến thể ngữ cảnh 21""]","[""Chỉ hỏi cấu phần gói, không nhắc giá"", ""Không phải Price Concern: ngữ cảnh khác 251""]",confidence>= 0.66 nếu khớp >=1 trigger và không khớp counter,"Khi gặp Price Concern: xác nhận cảm xúc, hỏi 1 câu mở, đưa proof phù hợp.","[""logistics"", ""finance""]"
INT-000252,Need More Time #252,need_more_time_0252,Khách muốn trì hoãn quyết định,"[""để hôm khác"", ""cuối tháng"", ""biến thể ngữ cảnh 22""]","[""Đồng ý chốt ngay"", ""Không phải Need More Time: ngữ cảnh khác 252""]",confidence>= 0.67 nếu khớp >=1 trigger và không khớp counter,"Khi gặp Need More Time: xác nhận cảm xúc, hỏi 1 câu mở, đưa proof phù hợp.","[""travel"", ""repair""]"
INT-000253,Trust Issue #253,trust_issue_0253,Khách nghi ngờ uy tín,"[""lừa"", ""công ty ở đâu"", ""biến thể ngữ cảnh 0""]","[""Hỏi lịch giao hàng"", ""Không phải Trust Issue: ngữ cảnh khác 253""]",confidence>= 0.68 nếu khớp >=1 trigger và không khớp counter,"Khi gặp Trust Issue: xác nhận cảm xúc, hỏi 1 câu mở, đưa proof phù hợp.","[""finance"", ""b2b_services""]"
INT-000254,Decision Maker Missing #254,decision_maker_missing_0254,Thiếu người quyết định,"[""hỏi vợ"", ""hỏi sếp"", ""biến thể ngữ cảnh 1""]","[""Tự chốt một mình"", ""Không phải Decision Maker Missing: ngữ cảnh khác 254""]",confidence>= 0.69 nếu khớp >=1 trigger và không khớp counter,"Khi gặp Decision Maker Missing: xác nhận cảm xúc, hỏi 1 câu mở, đưa proof phù hợp.","[""fitness"", ""dental""]"
INT-000255,Competitor Comparison #255,competitor_comparison_0255,So sánh đối thủ,"[""bên kia"", ""rẻ hơn"", ""biến thể ngữ cảnh 2""]","[""Chỉ hỏi bảo hành"", ""Không phải Competitor Comparison: ngữ cảnh khác 255""]",confidence>= 0.70 nếu khớp >=1 trigger và không khớp counter,"Khi gặp Competitor Comparison: xác nhận cảm xúc, hỏi 1 câu mở, đưa proof phù hợp.","[""plumbing"", ""automotive""]"
INT-000256,Busy #256,busy_0256,Khách đang bận,"[""đang bận"", ""gọi lại"", ""biến thể ngữ cảnh 3""]","[""Muốn demo ngay"", ""Không phải Busy: ngữ cảnh khác 256""]",confidence>= 0.71 nếu khớp >=1 trigger và không khớp counter,"Khi gặp Busy: xác nhận cảm xúc, hỏi 1 câu mở, đưa proof phù hợp.","[""repair"", ""food""]"
INT-000257,Interested #257,interested_0257,Khách quan tâm,"[""hay"", ""cho xem"", ""biến thể ngữ cảnh 4""]","[""Từ chối cứng"", ""Không phải Interested: ngữ cảnh khác 257""]",confidence>= 0.72 nếu khớp >=1 trigger và không khớp counter,"Khi gặp Interested: xác nhận cảm xúc, hỏi 1 câu mở, đưa proof phù hợp.","[""camera"", ""logistics""]"
INT-000258,Ready To Buy #258,ready_to_buy_0258,Sẵn sàng mua,"[""chốt"", ""thanh toán"", ""biến thể ngữ cảnh 5""]","[""Chỉ hỏi cho vui"", ""Không phải Ready To Buy: ngữ cảnh khác 258""]",confidence>= 0.73 nếu khớp >=1 trigger và không khớp counter,"Khi gặp Ready To Buy: xác nhận cảm xúc, hỏi 1 câu mở, đưa proof phù hợp.","[""medical_devices"", ""fitness""]"
INT-000259,Fake Agreement #259,fake_agreement_0259,Đồng ý giả để kết thúc,"[""để xem đã"", ""ok nhưng"", ""biến thể ngữ cảnh 6""]","[""Yêu cầu hợp đồng ngay"", ""Không phải Fake Agreement: ngữ cảnh khác 259""]",confidence>= 0.74 nếu khớp >=1 trigger và không khớp counter,"Khi gặp Fake Agreement: xác nhận cảm xúc, hỏi 1 câu mở, đưa proof phù hợp.","[""b2b_services"", ""camera""]"
INT-000260,Soft Rejection #260,soft_rejection_0260,Từ chối mềm,"[""chưa cần"", ""để sau"", ""biến thể ngữ cảnh 7""]","[""Hỏi lịch lắp đặt"", ""Không phải Soft Rejection: ngữ cảnh khác 260""]",confidence>= 0.75 nếu khớp >=1 trigger và không khớp counter,"Khi gặp Soft Rejection: xác nhận cảm xúc, hỏi 1 câu mở, đưa proof phù hợp.","[""real_estate"", ""real_estate""]"
INT-000261,Price Concern #261,price_concern_0261,Khách lo về giá hoặc ngân sách,"[""đắt"", ""mắc"", ""giảm giá"", ""biến thể ngữ cảnh 8""]","[""Chỉ hỏi cấu phần gói, không nhắc giá"", ""Không phải Price Concern: ngữ cảnh khác 261""]",confidence>= 0.76 nếu khớp >=1 trigger và không khớp counter,"Khi gặp Price Concern: xác nhận cảm xúc, hỏi 1 câu mở, đưa proof phù hợp.","[""spa"", ""insurance""]"
INT-000262,Need More Time #262,need_more_time_0262,Khách muốn trì hoãn quyết định,"[""để hôm khác"", ""cuối tháng"", ""biến thể ngữ cảnh 9""]","[""Đồng ý chốt ngay"", ""Không phải Need More Time: ngữ cảnh khác 262""]",confidence>= 0.77 nếu khớp >=1 trigger và không khớp counter,"Khi gặp Need More Time: xác nhận cảm xúc, hỏi 1 câu mở, đưa proof phù hợp.","[""dental"", ""cosmetics""]"
INT-000263,Trust Issue #263,trust_issue_0263,Khách nghi ngờ uy tín,"[""lừa"", ""công ty ở đâu"", ""biến thể ngữ cảnh 10""]","[""Hỏi lịch giao hàng"", ""Không phải Trust Issue: ngữ cảnh khác 263""]",confidence>= 0.78 nếu khớp >=1 trigger và không khớp counter,"Khi gặp Trust Issue: xác nhận cảm xúc, hỏi 1 câu mở, đưa proof phù hợp.","[""insurance"", ""electronics""]"
INT-000264,Decision Maker Missing #264,decision_maker_missing_0264,Thiếu người quyết định,"[""hỏi vợ"", ""hỏi sếp"", ""biến thể ngữ cảnh 11""]","[""Tự chốt một mình"", ""Không phải Decision Maker Missing: ngữ cảnh khác 264""]",confidence>= 0.79 nếu khớp >=1 trigger và không khớp counter,"Khi gặp Decision Maker Missing: xác nhận cảm xúc, hỏi 1 câu mở, đưa proof phù hợp.","[""education"", ""travel""]"
INT-000265,Competitor Comparison #265,competitor_comparison_0265,So sánh đối thủ,"[""bên kia"", ""rẻ hơn"", ""biến thể ngữ cảnh 12""]","[""Chỉ hỏi bảo hành"", ""Không phải Competitor Comparison: ngữ cảnh khác 265""]",confidence>= 0.80 nếu khớp >=1 trigger và không khớp counter,"Khi gặp Competitor Comparison: xác nhận cảm xúc, hỏi 1 câu mở, đưa proof phù hợp.","[""automotive"", ""plumbing""]"
INT-000266,Busy #266,busy_0266,Khách đang bận,"[""đang bận"", ""gọi lại"", ""biến thể ngữ cảnh 13""]","[""Muốn demo ngay"", ""Không phải Busy: ngữ cảnh khác 266""]",confidence>= 0.81 nếu khớp >=1 trigger và không khớp counter,"Khi gặp Busy: xác nhận cảm xúc, hỏi 1 câu mở, đưa proof phù hợp.","[""cosmetics"", ""medical_devices""]"
INT-000267,Interested #267,interested_0267,Khách quan tâm,"[""hay"", ""cho xem"", ""biến thể ngữ cảnh 14""]","[""Từ chối cứng"", ""Không phải Interested: ngữ cảnh khác 267""]",confidence>= 0.82 nếu khớp >=1 trigger và không khớp counter,"Khi gặp Interested: xác nhận cảm xúc, hỏi 1 câu mở, đưa proof phù hợp.","[""home_appliances"", ""spa""]"
INT-000268,Ready To Buy #268,ready_to_buy_0268,Sẵn sàng mua,"[""chốt"", ""thanh toán"", ""biến thể ngữ cảnh 15""]","[""Chỉ hỏi cho vui"", ""Không phải Ready To Buy: ngữ cảnh khác 268""]",confidence>= 0.83 nếu khớp >=1 trigger và không khớp counter,"Khi gặp Ready To Buy: xác nhận cảm xúc, hỏi 1 câu mở, đưa proof phù hợp.","[""food"", ""education""]"
INT-000269,Fake Agreement #269,fake_agreement_0269,Đồng ý giả để kết thúc,"[""để xem đã"", ""ok nhưng"", ""biến thể ngữ cảnh 16""]","[""Yêu cầu hợp đồng ngay"", ""Không phải Fake Agreement: ngữ cảnh khác 269""]",confidence>= 0.84 nếu khớp >=1 trigger và không khớp counter,"Khi gặp Fake Agreement: xác nhận cảm xúc, hỏi 1 câu mở, đưa proof phù hợp.","[""electronics"", ""home_appliances""]"
INT-000270,Soft Rejection #270,soft_rejection_0270,Từ chối mềm,"[""chưa cần"", ""để sau"", ""biến thể ngữ cảnh 17""]","[""Hỏi lịch lắp đặt"", ""Không phải Soft Rejection: ngữ cảnh khác 270""]",confidence>= 0.55 nếu khớp >=1 trigger và không khớp counter,"Khi gặp Soft Rejection: xác nhận cảm xúc, hỏi 1 câu mở, đưa proof phù hợp.","[""furniture"", ""furniture""]"
INT-000271,Price Concern #271,price_concern_0271,Khách lo về giá hoặc ngân sách,"[""đắt"", ""mắc"", ""giảm giá"", ""biến thể ngữ cảnh 18""]","[""Chỉ hỏi cấu phần gói, không nhắc giá"", ""Không phải Price Concern: ngữ cảnh khác 271""]",confidence>= 0.56 nếu khớp >=1 trigger và không khớp counter,"Khi gặp Price Concern: xác nhận cảm xúc, hỏi 1 câu mở, đưa proof phù hợp.","[""logistics"", ""finance""]"
INT-000272,Need More Time #272,need_more_time_0272,Khách muốn trì hoãn quyết định,"[""để hôm khác"", ""cuối tháng"", ""biến thể ngữ cảnh 19""]","[""Đồng ý chốt ngay"", ""Không phải Need More Time: ngữ cảnh khác 272""]",confidence>= 0.57 nếu khớp >=1 trigger và không khớp counter,"Khi gặp Need More Time: xác nhận cảm xúc, hỏi 1 câu mở, đưa proof phù hợp.","[""travel"", ""repair""]"
INT-000273,Trust Issue #273,trust_issue_0273,Khách nghi ngờ uy tín,"[""lừa"", ""công ty ở đâu"", ""biến thể ngữ cảnh 20""]","[""Hỏi lịch giao hàng"", ""Không phải Trust Issue: ngữ cảnh khác 273""]",confidence>= 0.58 nếu khớp >=1 trigger và không khớp counter,"Khi gặp Trust Issue: xác nhận cảm xúc, hỏi 1 câu mở, đưa proof phù hợp.","[""finance"", ""b2b_services""]"
INT-000274,Decision Maker Missing #274,decision_maker_missing_0274,Thiếu người quyết định,"[""hỏi vợ"", ""hỏi sếp"", ""biến thể ngữ cảnh 21""]","[""Tự chốt một mình"", ""Không phải Decision Maker Missing: ngữ cảnh khác 274""]",confidence>= 0.59 nếu khớp >=1 trigger và không khớp counter,"Khi gặp Decision Maker Missing: xác nhận cảm xúc, hỏi 1 câu mở, đưa proof phù hợp.","[""fitness"", ""dental""]"
INT-000275,Competitor Comparison #275,competitor_comparison_0275,So sánh đối thủ,"[""bên kia"", ""rẻ hơn"", ""biến thể ngữ cảnh 22""]","[""Chỉ hỏi bảo hành"", ""Không phải Competitor Comparison: ngữ cảnh khác 275""]",confidence>= 0.60 nếu khớp >=1 trigger và không khớp counter,"Khi gặp Competitor Comparison: xác nhận cảm xúc, hỏi 1 câu mở, đưa proof phù hợp.","[""plumbing"", ""automotive""]"
INT-000276,Busy #276,busy_0276,Khách đang bận,"[""đang bận"", ""gọi lại"", ""biến thể ngữ cảnh 0""]","[""Muốn demo ngay"", ""Không phải Busy: ngữ cảnh khác 276""]",confidence>= 0.61 nếu khớp >=1 trigger và không khớp counter,"Khi gặp Busy: xác nhận cảm xúc, hỏi 1 câu mở, đưa proof phù hợp.","[""repair"", ""food""]"
INT-000277,Interested #277,interested_0277,Khách quan tâm,"[""hay"", ""cho xem"", ""biến thể ngữ cảnh 1""]","[""Từ chối cứng"", ""Không phải Interested: ngữ cảnh khác 277""]",confidence>= 0.62 nếu khớp >=1 trigger và không khớp counter,"Khi gặp Interested: xác nhận cảm xúc, hỏi 1 câu mở, đưa proof phù hợp.","[""camera"", ""logistics""]"
INT-000278,Ready To Buy #278,ready_to_buy_0278,Sẵn sàng mua,"[""chốt"", ""thanh toán"", ""biến thể ngữ cảnh 2""]","[""Chỉ hỏi cho vui"", ""Không phải Ready To Buy: ngữ cảnh khác 278""]",confidence>= 0.63 nếu khớp >=1 trigger và không khớp counter,"Khi gặp Ready To Buy: xác nhận cảm xúc, hỏi 1 câu mở, đưa proof phù hợp.","[""medical_devices"", ""fitness""]"
INT-000279,Fake Agreement #279,fake_agreement_0279,Đồng ý giả để kết thúc,"[""để xem đã"", ""ok nhưng"", ""biến thể ngữ cảnh 3""]","[""Yêu cầu hợp đồng ngay"", ""Không phải Fake Agreement: ngữ cảnh khác 279""]",confidence>= 0.64 nếu khớp >=1 trigger và không khớp counter,"Khi gặp Fake Agreement: xác nhận cảm xúc, hỏi 1 câu mở, đưa proof phù hợp.","[""b2b_services"", ""camera""]"
INT-000280,Soft Rejection #280,soft_rejection_0280,Từ chối mềm,"[""chưa cần"", ""để sau"", ""biến thể ngữ cảnh 4""]","[""Hỏi lịch lắp đặt"", ""Không phải Soft Rejection: ngữ cảnh khác 280""]",confidence>= 0.65 nếu khớp >=1 trigger và không khớp counter,"Khi gặp Soft Rejection: xác nhận cảm xúc, hỏi 1 câu mở, đưa proof phù hợp.","[""real_estate"", ""real_estate""]"
INT-000281,Price Concern #281,price_concern_0281,Khách lo về giá hoặc ngân sách,"[""đắt"", ""mắc"", ""giảm giá"", ""biến thể ngữ cảnh 5""]","[""Chỉ hỏi cấu phần gói, không nhắc giá"", ""Không phải Price Concern: ngữ cảnh khác 281""]",confidence>= 0.66 nếu khớp >=1 trigger và không khớp counter,"Khi gặp Price Concern: xác nhận cảm xúc, hỏi 1 câu mở, đưa proof phù hợp.","[""spa"", ""insurance""]"
INT-000282,Need More Time #282,need_more_time_0282,Khách muốn trì hoãn quyết định,"[""để hôm khác"", ""cuối tháng"", ""biến thể ngữ cảnh 6""]","[""Đồng ý chốt ngay"", ""Không phải Need More Time: ngữ cảnh khác 282""]",confidence>= 0.67 nếu khớp >=1 trigger và không khớp counter,"Khi gặp Need More Time: xác nhận cảm xúc, hỏi 1 câu mở, đưa proof phù hợp.","[""dental"", ""cosmetics""]"
INT-000283,Trust Issue #283,trust_issue_0283,Khách nghi ngờ uy tín,"[""lừa"", ""công ty ở đâu"", ""biến thể ngữ cảnh 7""]","[""Hỏi lịch giao hàng"", ""Không phải Trust Issue: ngữ cảnh khác 283""]",confidence>= 0.68 nếu khớp >=1 trigger và không khớp counter,"Khi gặp Trust Issue: xác nhận cảm xúc, hỏi 1 câu mở, đưa proof phù hợp.","[""insurance"", ""electronics""]"
INT-000284,Decision Maker Missing #284,decision_maker_missing_0284,Thiếu người quyết định,"[""hỏi vợ"", ""hỏi sếp"", ""biến thể ngữ cảnh 8""]","[""Tự chốt một mình"", ""Không phải Decision Maker Missing: ngữ cảnh khác 284""]",confidence>= 0.69 nếu khớp >=1 trigger và không khớp counter,"Khi gặp Decision Maker Missing: xác nhận cảm xúc, hỏi 1 câu mở, đưa proof phù hợp.","[""education"", ""travel""]"
INT-000285,Competitor Comparison #285,competitor_comparison_0285,So sánh đối thủ,"[""bên kia"", ""rẻ hơn"", ""biến thể ngữ cảnh 9""]","[""Chỉ hỏi bảo hành"", ""Không phải Competitor Comparison: ngữ cảnh khác 285""]",confidence>= 0.70 nếu khớp >=1 trigger và không khớp counter,"Khi gặp Competitor Comparison: xác nhận cảm xúc, hỏi 1 câu mở, đưa proof phù hợp.","[""automotive"", ""plumbing""]"
INT-000286,Busy #286,busy_0286,Khách đang bận,"[""đang bận"", ""gọi lại"", ""biến thể ngữ cảnh 10""]","[""Muốn demo ngay"", ""Không phải Busy: ngữ cảnh khác 286""]",confidence>= 0.71 nếu khớp >=1 trigger và không khớp counter,"Khi gặp Busy: xác nhận cảm xúc, hỏi 1 câu mở, đưa proof phù hợp.","[""cosmetics"", ""medical_devices""]"
INT-000287,Interested #287,interested_0287,Khách quan tâm,"[""hay"", ""cho xem"", ""biến thể ngữ cảnh 11""]","[""Từ chối cứng"", ""Không phải Interested: ngữ cảnh khác 287""]",confidence>= 0.72 nếu khớp >=1 trigger và không khớp counter,"Khi gặp Interested: xác nhận cảm xúc, hỏi 1 câu mở, đưa proof phù hợp.","[""home_appliances"", ""spa""]"
INT-000288,Ready To Buy #288,ready_to_buy_0288,Sẵn sàng mua,"[""chốt"", ""thanh toán"", ""biến thể ngữ cảnh 12""]","[""Chỉ hỏi cho vui"", ""Không phải Ready To Buy: ngữ cảnh khác 288""]",confidence>= 0.73 nếu khớp >=1 trigger và không khớp counter,"Khi gặp Ready To Buy: xác nhận cảm xúc, hỏi 1 câu mở, đưa proof phù hợp.","[""food"", ""education""]"
INT-000289,Fake Agreement #289,fake_agreement_0289,Đồng ý giả để kết thúc,"[""để xem đã"", ""ok nhưng"", ""biến thể ngữ cảnh 13""]","[""Yêu cầu hợp đồng ngay"", ""Không phải Fake Agreement: ngữ cảnh khác 289""]",confidence>= 0.74 nếu khớp >=1 trigger và không khớp counter,"Khi gặp Fake Agreement: xác nhận cảm xúc, hỏi 1 câu mở, đưa proof phù hợp.","[""electronics"", ""home_appliances""]"
INT-000290,Soft Rejection #290,soft_rejection_0290,Từ chối mềm,"[""chưa cần"", ""để sau"", ""biến thể ngữ cảnh 14""]","[""Hỏi lịch lắp đặt"", ""Không phải Soft Rejection: ngữ cảnh khác 290""]",confidence>= 0.75 nếu khớp >=1 trigger và không khớp counter,"Khi gặp Soft Rejection: xác nhận cảm xúc, hỏi 1 câu mở, đưa proof phù hợp.","[""furniture"", ""furniture""]"
INT-000291,Price Concern #291,price_concern_0291,Khách lo về giá hoặc ngân sách,"[""đắt"", ""mắc"", ""giảm giá"", ""biến thể ngữ cảnh 15""]","[""Chỉ hỏi cấu phần gói, không nhắc giá"", ""Không phải Price Concern: ngữ cảnh khác 291""]",confidence>= 0.76 nếu khớp >=1 trigger và không khớp counter,"Khi gặp Price Concern: xác nhận cảm xúc, hỏi 1 câu mở, đưa proof phù hợp.","[""logistics"", ""finance""]"
INT-000292,Need More Time #292,need_more_time_0292,Khách muốn trì hoãn quyết định,"[""để hôm khác"", ""cuối tháng"", ""biến thể ngữ cảnh 16""]","[""Đồng ý chốt ngay"", ""Không phải Need More Time: ngữ cảnh khác 292""]",confidence>= 0.77 nếu khớp >=1 trigger và không khớp counter,"Khi gặp Need More Time: xác nhận cảm xúc, hỏi 1 câu mở, đưa proof phù hợp.","[""travel"", ""repair""]"
INT-000293,Trust Issue #293,trust_issue_0293,Khách nghi ngờ uy tín,"[""lừa"", ""công ty ở đâu"", ""biến thể ngữ cảnh 17""]","[""Hỏi lịch giao hàng"", ""Không phải Trust Issue: ngữ cảnh khác 293""]",confidence>= 0.78 nếu khớp >=1 trigger và không khớp counter,"Khi gặp Trust Issue: xác nhận cảm xúc, hỏi 1 câu mở, đưa proof phù hợp.","[""finance"", ""b2b_services""]"
INT-000294,Decision Maker Missing #294,decision_maker_missing_0294,Thiếu người quyết định,"[""hỏi vợ"", ""hỏi sếp"", ""biến thể ngữ cảnh 18""]","[""Tự chốt một mình"", ""Không phải Decision Maker Missing: ngữ cảnh khác 294""]",confidence>= 0.79 nếu khớp >=1 trigger và không khớp counter,"Khi gặp Decision Maker Missing: xác nhận cảm xúc, hỏi 1 câu mở, đưa proof phù hợp.","[""fitness"", ""dental""]"
INT-000295,Competitor Comparison #295,competitor_comparison_0295,So sánh đối thủ,"[""bên kia"", ""rẻ hơn"", ""biến thể ngữ cảnh 19""]","[""Chỉ hỏi bảo hành"", ""Không phải Competitor Comparison: ngữ cảnh khác 295""]",confidence>= 0.80 nếu khớp >=1 trigger và không khớp counter,"Khi gặp Competitor Comparison: xác nhận cảm xúc, hỏi 1 câu mở, đưa proof phù hợp.","[""plumbing"", ""automotive""]"
INT-000296,Busy #296,busy_0296,Khách đang bận,"[""đang bận"", ""gọi lại"", ""biến thể ngữ cảnh 20""]","[""Muốn demo ngay"", ""Không phải Busy: ngữ cảnh khác 296""]",confidence>= 0.81 nếu khớp >=1 trigger và không khớp counter,"Khi gặp Busy: xác nhận cảm xúc, hỏi 1 câu mở, đưa proof phù hợp.","[""repair"", ""food""]"
INT-000297,Interested #297,interested_0297,Khách quan tâm,"[""hay"", ""cho xem"", ""biến thể ngữ cảnh 21""]","[""Từ chối cứng"", ""Không phải Interested: ngữ cảnh khác 297""]",confidence>= 0.82 nếu khớp >=1 trigger và không khớp counter,"Khi gặp Interested: xác nhận cảm xúc, hỏi 1 câu mở, đưa proof phù hợp.","[""camera"", ""logistics""]"
INT-000298,Ready To Buy #298,ready_to_buy_0298,Sẵn sàng mua,"[""chốt"", ""thanh toán"", ""biến thể ngữ cảnh 22""]","[""Chỉ hỏi cho vui"", ""Không phải Ready To Buy: ngữ cảnh khác 298""]",confidence>= 0.83 nếu khớp >=1 trigger và không khớp counter,"Khi gặp Ready To Buy: xác nhận cảm xúc, hỏi 1 câu mở, đưa proof phù hợp.","[""medical_devices"", ""fitness""]"
INT-000299,Fake Agreement #299,fake_agreement_0299,Đồng ý giả để kết thúc,"[""để xem đã"", ""ok nhưng"", ""biến thể ngữ cảnh 0""]","[""Yêu cầu hợp đồng ngay"", ""Không phải Fake Agreement: ngữ cảnh khác 299""]",confidence>= 0.84 nếu khớp >=1 trigger và không khớp counter,"Khi gặp Fake Agreement: xác nhận cảm xúc, hỏi 1 câu mở, đưa proof phù hợp.","[""b2b_services"", ""camera""]"
INT-000300,Soft Rejection #300,soft_rejection_0300,Từ chối mềm,"[""chưa cần"", ""để sau"", ""biến thể ngữ cảnh 1""]","[""Hỏi lịch lắp đặt"", ""Không phải Soft Rejection: ngữ cảnh khác 300""]",confidence>= 0.55 nếu khớp >=1 trigger và không khớp counter,"Khi gặp Soft Rejection: xác nhận cảm xúc, hỏi 1 câu mở, đưa proof phù hợp.","[""real_estate"", ""real_estate""]"
INT-000301,Price Concern #301,price_concern_0301,Khách lo về giá hoặc ngân sách,"[""đắt"", ""mắc"", ""giảm giá"", ""biến thể ngữ cảnh 2""]","[""Chỉ hỏi cấu phần gói, không nhắc giá"", ""Không phải Price Concern: ngữ cảnh khác 301""]",confidence>= 0.56 nếu khớp >=1 trigger và không khớp counter,"Khi gặp Price Concern: xác nhận cảm xúc, hỏi 1 câu mở, đưa proof phù hợp.","[""spa"", ""insurance""]"
INT-000302,Need More Time #302,need_more_time_0302,Khách muốn trì hoãn quyết định,"[""để hôm khác"", ""cuối tháng"", ""biến thể ngữ cảnh 3""]","[""Đồng ý chốt ngay"", ""Không phải Need More Time: ngữ cảnh khác 302""]",confidence>= 0.57 nếu khớp >=1 trigger và không khớp counter,"Khi gặp Need More Time: xác nhận cảm xúc, hỏi 1 câu mở, đưa proof phù hợp.","[""dental"", ""cosmetics""]"
INT-000303,Trust Issue #303,trust_issue_0303,Khách nghi ngờ uy tín,"[""lừa"", ""công ty ở đâu"", ""biến thể ngữ cảnh 4""]","[""Hỏi lịch giao hàng"", ""Không phải Trust Issue: ngữ cảnh khác 303""]",confidence>= 0.58 nếu khớp >=1 trigger và không khớp counter,"Khi gặp Trust Issue: xác nhận cảm xúc, hỏi 1 câu mở, đưa proof phù hợp.","[""insurance"", ""electronics""]"
INT-000304,Decision Maker Missing #304,decision_maker_missing_0304,Thiếu người quyết định,"[""hỏi vợ"", ""hỏi sếp"", ""biến thể ngữ cảnh 5""]","[""Tự chốt một mình"", ""Không phải Decision Maker Missing: ngữ cảnh khác 304""]",confidence>= 0.59 nếu khớp >=1 trigger và không khớp counter,"Khi gặp Decision Maker Missing: xác nhận cảm xúc, hỏi 1 câu mở, đưa proof phù hợp.","[""education"", ""travel""]"
INT-000305,Competitor Comparison #305,competitor_comparison_0305,So sánh đối thủ,"[""bên kia"", ""rẻ hơn"", ""biến thể ngữ cảnh 6""]","[""Chỉ hỏi bảo hành"", ""Không phải Competitor Comparison: ngữ cảnh khác 305""]",confidence>= 0.60 nếu khớp >=1 trigger và không khớp counter,"Khi gặp Competitor Comparison: xác nhận cảm xúc, hỏi 1 câu mở, đưa proof phù hợp.","[""automotive"", ""plumbing""]"
INT-000306,Busy #306,busy_0306,Khách đang bận,"[""đang bận"", ""gọi lại"", ""biến thể ngữ cảnh 7""]","[""Muốn demo ngay"", ""Không phải Busy: ngữ cảnh khác 306""]",confidence>= 0.61 nếu khớp >=1 trigger và không khớp counter,"Khi gặp Busy: xác nhận cảm xúc, hỏi 1 câu mở, đưa proof phù hợp.","[""cosmetics"", ""medical_devices""]"
INT-000307,Interested #307,interested_0307,Khách quan tâm,"[""hay"", ""cho xem"", ""biến thể ngữ cảnh 8""]","[""Từ chối cứng"", ""Không phải Interested: ngữ cảnh khác 307""]",confidence>= 0.62 nếu khớp >=1 trigger và không khớp counter,"Khi gặp Interested: xác nhận cảm xúc, hỏi 1 câu mở, đưa proof phù hợp.","[""home_appliances"", ""spa""]"
INT-000308,Ready To Buy #308,ready_to_buy_0308,Sẵn sàng mua,"[""chốt"", ""thanh toán"", ""biến thể ngữ cảnh 9""]","[""Chỉ hỏi cho vui"", ""Không phải Ready To Buy: ngữ cảnh khác 308""]",confidence>= 0.63 nếu khớp >=1 trigger và không khớp counter,"Khi gặp Ready To Buy: xác nhận cảm xúc, hỏi 1 câu mở, đưa proof phù hợp.","[""food"", ""education""]"
INT-000309,Fake Agreement #309,fake_agreement_0309,Đồng ý giả để kết thúc,"[""để xem đã"", ""ok nhưng"", ""biến thể ngữ cảnh 10""]","[""Yêu cầu hợp đồng ngay"", ""Không phải Fake Agreement: ngữ cảnh khác 309""]",confidence>= 0.64 nếu khớp >=1 trigger và không khớp counter,"Khi gặp Fake Agreement: xác nhận cảm xúc, hỏi 1 câu mở, đưa proof phù hợp.","[""electronics"", ""home_appliances""]"
INT-000310,Soft Rejection #310,soft_rejection_0310,Từ chối mềm,"[""chưa cần"", ""để sau"", ""biến thể ngữ cảnh 11""]","[""Hỏi lịch lắp đặt"", ""Không phải Soft Rejection: ngữ cảnh khác 310""]",confidence>= 0.65 nếu khớp >=1 trigger và không khớp counter,"Khi gặp Soft Rejection: xác nhận cảm xúc, hỏi 1 câu mở, đưa proof phù hợp.","[""furniture"", ""furniture""]"
INT-000311,Price Concern #311,price_concern_0311,Khách lo về giá hoặc ngân sách,"[""đắt"", ""mắc"", ""giảm giá"", ""biến thể ngữ cảnh 12""]","[""Chỉ hỏi cấu phần gói, không nhắc giá"", ""Không phải Price Concern: ngữ cảnh khác 311""]",confidence>= 0.66 nếu khớp >=1 trigger và không khớp counter,"Khi gặp Price Concern: xác nhận cảm xúc, hỏi 1 câu mở, đưa proof phù hợp.","[""logistics"", ""finance""]"
INT-000312,Need More Time #312,need_more_time_0312,Khách muốn trì hoãn quyết định,"[""để hôm khác"", ""cuối tháng"", ""biến thể ngữ cảnh 13""]","[""Đồng ý chốt ngay"", ""Không phải Need More Time: ngữ cảnh khác 312""]",confidence>= 0.67 nếu khớp >=1 trigger và không khớp counter,"Khi gặp Need More Time: xác nhận cảm xúc, hỏi 1 câu mở, đưa proof phù hợp.","[""travel"", ""repair""]"
INT-000313,Trust Issue #313,trust_issue_0313,Khách nghi ngờ uy tín,"[""lừa"", ""công ty ở đâu"", ""biến thể ngữ cảnh 14""]","[""Hỏi lịch giao hàng"", ""Không phải Trust Issue: ngữ cảnh khác 313""]",confidence>= 0.68 nếu khớp >=1 trigger và không khớp counter,"Khi gặp Trust Issue: xác nhận cảm xúc, hỏi 1 câu mở, đưa proof phù hợp.","[""finance"", ""b2b_services""]"
INT-000314,Decision Maker Missing #314,decision_maker_missing_0314,Thiếu người quyết định,"[""hỏi vợ"", ""hỏi sếp"", ""biến thể ngữ cảnh 15""]","[""Tự chốt một mình"", ""Không phải Decision Maker Missing: ngữ cảnh khác 314""]",confidence>= 0.69 nếu khớp >=1 trigger và không khớp counter,"Khi gặp Decision Maker Missing: xác nhận cảm xúc, hỏi 1 câu mở, đưa proof phù hợp.","[""fitness"", ""dental""]"
INT-000315,Competitor Comparison #315,competitor_comparison_0315,So sánh đối thủ,"[""bên kia"", ""rẻ hơn"", ""biến thể ngữ cảnh 16""]","[""Chỉ hỏi bảo hành"", ""Không phải Competitor Comparison: ngữ cảnh khác 315""]",confidence>= 0.70 nếu khớp >=1 trigger và không khớp counter,"Khi gặp Competitor Comparison: xác nhận cảm xúc, hỏi 1 câu mở, đưa proof phù hợp.","[""plumbing"", ""automotive""]"
INT-000316,Busy #316,busy_0316,Khách đang bận,"[""đang bận"", ""gọi lại"", ""biến thể ngữ cảnh 17""]","[""Muốn demo ngay"", ""Không phải Busy: ngữ cảnh khác 316""]",confidence>= 0.71 nếu khớp >=1 trigger và không khớp counter,"Khi gặp Busy: xác nhận cảm xúc, hỏi 1 câu mở, đưa proof phù hợp.","[""repair"", ""food""]"
INT-000317,Interested #317,interested_0317,Khách quan tâm,"[""hay"", ""cho xem"", ""biến thể ngữ cảnh 18""]","[""Từ chối cứng"", ""Không phải Interested: ngữ cảnh khác 317""]",confidence>= 0.72 nếu khớp >=1 trigger và không khớp counter,"Khi gặp Interested: xác nhận cảm xúc, hỏi 1 câu mở, đưa proof phù hợp.","[""camera"", ""logistics""]"
INT-000318,Ready To Buy #318,ready_to_buy_0318,Sẵn sàng mua,"[""chốt"", ""thanh toán"", ""biến thể ngữ cảnh 19""]","[""Chỉ hỏi cho vui"", ""Không phải Ready To Buy: ngữ cảnh khác 318""]",confidence>= 0.73 nếu khớp >=1 trigger và không khớp counter,"Khi gặp Ready To Buy: xác nhận cảm xúc, hỏi 1 câu mở, đưa proof phù hợp.","[""medical_devices"", ""fitness""]"
INT-000319,Fake Agreement #319,fake_agreement_0319,Đồng ý giả để kết thúc,"[""để xem đã"", ""ok nhưng"", ""biến thể ngữ cảnh 20""]","[""Yêu cầu hợp đồng ngay"", ""Không phải Fake Agreement: ngữ cảnh khác 319""]",confidence>= 0.74 nếu khớp >=1 trigger và không khớp counter,"Khi gặp Fake Agreement: xác nhận cảm xúc, hỏi 1 câu mở, đưa proof phù hợp.","[""b2b_services"", ""camera""]"
INT-000320,Soft Rejection #320,soft_rejection_0320,Từ chối mềm,"[""chưa cần"", ""để sau"", ""biến thể ngữ cảnh 21""]","[""Hỏi lịch lắp đặt"", ""Không phải Soft Rejection: ngữ cảnh khác 320""]",confidence>= 0.75 nếu khớp >=1 trigger và không khớp counter,"Khi gặp Soft Rejection: xác nhận cảm xúc, hỏi 1 câu mở, đưa proof phù hợp.","[""real_estate"", ""real_estate""]"
INT-000321,Price Concern #321,price_concern_0321,Khách lo về giá hoặc ngân sách,"[""đắt"", ""mắc"", ""giảm giá"", ""biến thể ngữ cảnh 22""]","[""Chỉ hỏi cấu phần gói, không nhắc giá"", ""Không phải Price Concern: ngữ cảnh khác 321""]",confidence>= 0.76 nếu khớp >=1 trigger và không khớp counter,"Khi gặp Price Concern: xác nhận cảm xúc, hỏi 1 câu mở, đưa proof phù hợp.","[""spa"", ""insurance""]"
INT-000322,Need More Time #322,need_more_time_0322,Khách muốn trì hoãn quyết định,"[""để hôm khác"", ""cuối tháng"", ""biến thể ngữ cảnh 0""]","[""Đồng ý chốt ngay"", ""Không phải Need More Time: ngữ cảnh khác 322""]",confidence>= 0.77 nếu khớp >=1 trigger và không khớp counter,"Khi gặp Need More Time: xác nhận cảm xúc, hỏi 1 câu mở, đưa proof phù hợp.","[""dental"", ""cosmetics""]"
INT-000323,Trust Issue #323,trust_issue_0323,Khách nghi ngờ uy tín,"[""lừa"", ""công ty ở đâu"", ""biến thể ngữ cảnh 1""]","[""Hỏi lịch giao hàng"", ""Không phải Trust Issue: ngữ cảnh khác 323""]",confidence>= 0.78 nếu khớp >=1 trigger và không khớp counter,"Khi gặp Trust Issue: xác nhận cảm xúc, hỏi 1 câu mở, đưa proof phù hợp.","[""insurance"", ""electronics""]"
INT-000324,Decision Maker Missing #324,decision_maker_missing_0324,Thiếu người quyết định,"[""hỏi vợ"", ""hỏi sếp"", ""biến thể ngữ cảnh 2""]","[""Tự chốt một mình"", ""Không phải Decision Maker Missing: ngữ cảnh khác 324""]",confidence>= 0.79 nếu khớp >=1 trigger và không khớp counter,"Khi gặp Decision Maker Missing: xác nhận cảm xúc, hỏi 1 câu mở, đưa proof phù hợp.","[""education"", ""travel""]"
INT-000325,Competitor Comparison #325,competitor_comparison_0325,So sánh đối thủ,"[""bên kia"", ""rẻ hơn"", ""biến thể ngữ cảnh 3""]","[""Chỉ hỏi bảo hành"", ""Không phải Competitor Comparison: ngữ cảnh khác 325""]",confidence>= 0.80 nếu khớp >=1 trigger và không khớp counter,"Khi gặp Competitor Comparison: xác nhận cảm xúc, hỏi 1 câu mở, đưa proof phù hợp.","[""automotive"", ""plumbing""]"
INT-000326,Busy #326,busy_0326,Khách đang bận,"[""đang bận"", ""gọi lại"", ""biến thể ngữ cảnh 4""]","[""Muốn demo ngay"", ""Không phải Busy: ngữ cảnh khác 326""]",confidence>= 0.81 nếu khớp >=1 trigger và không khớp counter,"Khi gặp Busy: xác nhận cảm xúc, hỏi 1 câu mở, đưa proof phù hợp.","[""cosmetics"", ""medical_devices""]"
INT-000327,Interested #327,interested_0327,Khách quan tâm,"[""hay"", ""cho xem"", ""biến thể ngữ cảnh 5""]","[""Từ chối cứng"", ""Không phải Interested: ngữ cảnh khác 327""]",confidence>= 0.82 nếu khớp >=1 trigger và không khớp counter,"Khi gặp Interested: xác nhận cảm xúc, hỏi 1 câu mở, đưa proof phù hợp.","[""home_appliances"", ""spa""]"
INT-000328,Ready To Buy #328,ready_to_buy_0328,Sẵn sàng mua,"[""chốt"", ""thanh toán"", ""biến thể ngữ cảnh 6""]","[""Chỉ hỏi cho vui"", ""Không phải Ready To Buy: ngữ cảnh khác 328""]",confidence>= 0.83 nếu khớp >=1 trigger và không khớp counter,"Khi gặp Ready To Buy: xác nhận cảm xúc, hỏi 1 câu mở, đưa proof phù hợp.","[""food"", ""education""]"
INT-000329,Fake Agreement #329,fake_agreement_0329,Đồng ý giả để kết thúc,"[""để xem đã"", ""ok nhưng"", ""biến thể ngữ cảnh 7""]","[""Yêu cầu hợp đồng ngay"", ""Không phải Fake Agreement: ngữ cảnh khác 329""]",confidence>= 0.84 nếu khớp >=1 trigger và không khớp counter,"Khi gặp Fake Agreement: xác nhận cảm xúc, hỏi 1 câu mở, đưa proof phù hợp.","[""electronics"", ""home_appliances""]"
INT-000330,Soft Rejection #330,soft_rejection_0330,Từ chối mềm,"[""chưa cần"", ""để sau"", ""biến thể ngữ cảnh 8""]","[""Hỏi lịch lắp đặt"", ""Không phải Soft Rejection: ngữ cảnh khác 330""]",confidence>= 0.55 nếu khớp >=1 trigger và không khớp counter,"Khi gặp Soft Rejection: xác nhận cảm xúc, hỏi 1 câu mở, đưa proof phù hợp.","[""furniture"", ""furniture""]"
INT-000331,Price Concern #331,price_concern_0331,Khách lo về giá hoặc ngân sách,"[""đắt"", ""mắc"", ""giảm giá"", ""biến thể ngữ cảnh 9""]","[""Chỉ hỏi cấu phần gói, không nhắc giá"", ""Không phải Price Concern: ngữ cảnh khác 331""]",confidence>= 0.56 nếu khớp >=1 trigger và không khớp counter,"Khi gặp Price Concern: xác nhận cảm xúc, hỏi 1 câu mở, đưa proof phù hợp.","[""logistics"", ""finance""]"
INT-000332,Need More Time #332,need_more_time_0332,Khách muốn trì hoãn quyết định,"[""để hôm khác"", ""cuối tháng"", ""biến thể ngữ cảnh 10""]","[""Đồng ý chốt ngay"", ""Không phải Need More Time: ngữ cảnh khác 332""]",confidence>= 0.57 nếu khớp >=1 trigger và không khớp counter,"Khi gặp Need More Time: xác nhận cảm xúc, hỏi 1 câu mở, đưa proof phù hợp.","[""travel"", ""repair""]"
INT-000333,Trust Issue #333,trust_issue_0333,Khách nghi ngờ uy tín,"[""lừa"", ""công ty ở đâu"", ""biến thể ngữ cảnh 11""]","[""Hỏi lịch giao hàng"", ""Không phải Trust Issue: ngữ cảnh khác 333""]",confidence>= 0.58 nếu khớp >=1 trigger và không khớp counter,"Khi gặp Trust Issue: xác nhận cảm xúc, hỏi 1 câu mở, đưa proof phù hợp.","[""finance"", ""b2b_services""]"
INT-000334,Decision Maker Missing #334,decision_maker_missing_0334,Thiếu người quyết định,"[""hỏi vợ"", ""hỏi sếp"", ""biến thể ngữ cảnh 12""]","[""Tự chốt một mình"", ""Không phải Decision Maker Missing: ngữ cảnh khác 334""]",confidence>= 0.59 nếu khớp >=1 trigger và không khớp counter,"Khi gặp Decision Maker Missing: xác nhận cảm xúc, hỏi 1 câu mở, đưa proof phù hợp.","[""fitness"", ""dental""]"
INT-000335,Competitor Comparison #335,competitor_comparison_0335,So sánh đối thủ,"[""bên kia"", ""rẻ hơn"", ""biến thể ngữ cảnh 13""]","[""Chỉ hỏi bảo hành"", ""Không phải Competitor Comparison: ngữ cảnh khác 335""]",confidence>= 0.60 nếu khớp >=1 trigger và không khớp counter,"Khi gặp Competitor Comparison: xác nhận cảm xúc, hỏi 1 câu mở, đưa proof phù hợp.","[""plumbing"", ""automotive""]"
INT-000336,Busy #336,busy_0336,Khách đang bận,"[""đang bận"", ""gọi lại"", ""biến thể ngữ cảnh 14""]","[""Muốn demo ngay"", ""Không phải Busy: ngữ cảnh khác 336""]",confidence>= 0.61 nếu khớp >=1 trigger và không khớp counter,"Khi gặp Busy: xác nhận cảm xúc, hỏi 1 câu mở, đưa proof phù hợp.","[""repair"", ""food""]"
INT-000337,Interested #337,interested_0337,Khách quan tâm,"[""hay"", ""cho xem"", ""biến thể ngữ cảnh 15""]","[""Từ chối cứng"", ""Không phải Interested: ngữ cảnh khác 337""]",confidence>= 0.62 nếu khớp >=1 trigger và không khớp counter,"Khi gặp Interested: xác nhận cảm xúc, hỏi 1 câu mở, đưa proof phù hợp.","[""camera"", ""logistics""]"
INT-000338,Ready To Buy #338,ready_to_buy_0338,Sẵn sàng mua,"[""chốt"", ""thanh toán"", ""biến thể ngữ cảnh 16""]","[""Chỉ hỏi cho vui"", ""Không phải Ready To Buy: ngữ cảnh khác 338""]",confidence>= 0.63 nếu khớp >=1 trigger và không khớp counter,"Khi gặp Ready To Buy: xác nhận cảm xúc, hỏi 1 câu mở, đưa proof phù hợp.","[""medical_devices"", ""fitness""]"
INT-000339,Fake Agreement #339,fake_agreement_0339,Đồng ý giả để kết thúc,"[""để xem đã"", ""ok nhưng"", ""biến thể ngữ cảnh 17""]","[""Yêu cầu hợp đồng ngay"", ""Không phải Fake Agreement: ngữ cảnh khác 339""]",confidence>= 0.64 nếu khớp >=1 trigger và không khớp counter,"Khi gặp Fake Agreement: xác nhận cảm xúc, hỏi 1 câu mở, đưa proof phù hợp.","[""b2b_services"", ""camera""]"
INT-000340,Soft Rejection #340,soft_rejection_0340,Từ chối mềm,"[""chưa cần"", ""để sau"", ""biến thể ngữ cảnh 18""]","[""Hỏi lịch lắp đặt"", ""Không phải Soft Rejection: ngữ cảnh khác 340""]",confidence>= 0.65 nếu khớp >=1 trigger và không khớp counter,"Khi gặp Soft Rejection: xác nhận cảm xúc, hỏi 1 câu mở, đưa proof phù hợp.","[""real_estate"", ""real_estate""]"
INT-000341,Price Concern #341,price_concern_0341,Khách lo về giá hoặc ngân sách,"[""đắt"", ""mắc"", ""giảm giá"", ""biến thể ngữ cảnh 19""]","[""Chỉ hỏi cấu phần gói, không nhắc giá"", ""Không phải Price Concern: ngữ cảnh khác 341""]",confidence>= 0.66 nếu khớp >=1 trigger và không khớp counter,"Khi gặp Price Concern: xác nhận cảm xúc, hỏi 1 câu mở, đưa proof phù hợp.","[""spa"", ""insurance""]"
INT-000342,Need More Time #342,need_more_time_0342,Khách muốn trì hoãn quyết định,"[""để hôm khác"", ""cuối tháng"", ""biến thể ngữ cảnh 20""]","[""Đồng ý chốt ngay"", ""Không phải Need More Time: ngữ cảnh khác 342""]",confidence>= 0.67 nếu khớp >=1 trigger và không khớp counter,"Khi gặp Need More Time: xác nhận cảm xúc, hỏi 1 câu mở, đưa proof phù hợp.","[""dental"", ""cosmetics""]"
INT-000343,Trust Issue #343,trust_issue_0343,Khách nghi ngờ uy tín,"[""lừa"", ""công ty ở đâu"", ""biến thể ngữ cảnh 21""]","[""Hỏi lịch giao hàng"", ""Không phải Trust Issue: ngữ cảnh khác 343""]",confidence>= 0.68 nếu khớp >=1 trigger và không khớp counter,"Khi gặp Trust Issue: xác nhận cảm xúc, hỏi 1 câu mở, đưa proof phù hợp.","[""insurance"", ""electronics""]"
INT-000344,Decision Maker Missing #344,decision_maker_missing_0344,Thiếu người quyết định,"[""hỏi vợ"", ""hỏi sếp"", ""biến thể ngữ cảnh 22""]","[""Tự chốt một mình"", ""Không phải Decision Maker Missing: ngữ cảnh khác 344""]",confidence>= 0.69 nếu khớp >=1 trigger và không khớp counter,"Khi gặp Decision Maker Missing: xác nhận cảm xúc, hỏi 1 câu mở, đưa proof phù hợp.","[""education"", ""travel""]"
INT-000345,Competitor Comparison #345,competitor_comparison_0345,So sánh đối thủ,"[""bên kia"", ""rẻ hơn"", ""biến thể ngữ cảnh 0""]","[""Chỉ hỏi bảo hành"", ""Không phải Competitor Comparison: ngữ cảnh khác 345""]",confidence>= 0.70 nếu khớp >=1 trigger và không khớp counter,"Khi gặp Competitor Comparison: xác nhận cảm xúc, hỏi 1 câu mở, đưa proof phù hợp.","[""automotive"", ""plumbing""]"
INT-000346,Busy #346,busy_0346,Khách đang bận,"[""đang bận"", ""gọi lại"", ""biến thể ngữ cảnh 1""]","[""Muốn demo ngay"", ""Không phải Busy: ngữ cảnh khác 346""]",confidence>= 0.71 nếu khớp >=1 trigger và không khớp counter,"Khi gặp Busy: xác nhận cảm xúc, hỏi 1 câu mở, đưa proof phù hợp.","[""cosmetics"", ""medical_devices""]"
INT-000347,Interested #347,interested_0347,Khách quan tâm,"[""hay"", ""cho xem"", ""biến thể ngữ cảnh 2""]","[""Từ chối cứng"", ""Không phải Interested: ngữ cảnh khác 347""]",confidence>= 0.72 nếu khớp >=1 trigger và không khớp counter,"Khi gặp Interested: xác nhận cảm xúc, hỏi 1 câu mở, đưa proof phù hợp.","[""home_appliances"", ""spa""]"
INT-000348,Ready To Buy #348,ready_to_buy_0348,Sẵn sàng mua,"[""chốt"", ""thanh toán"", ""biến thể ngữ cảnh 3""]","[""Chỉ hỏi cho vui"", ""Không phải Ready To Buy: ngữ cảnh khác 348""]",confidence>= 0.73 nếu khớp >=1 trigger và không khớp counter,"Khi gặp Ready To Buy: xác nhận cảm xúc, hỏi 1 câu mở, đưa proof phù hợp.","[""food"", ""education""]"
INT-000349,Fake Agreement #349,fake_agreement_0349,Đồng ý giả để kết thúc,"[""để xem đã"", ""ok nhưng"", ""biến thể ngữ cảnh 4""]","[""Yêu cầu hợp đồng ngay"", ""Không phải Fake Agreement: ngữ cảnh khác 349""]",confidence>= 0.74 nếu khớp >=1 trigger và không khớp counter,"Khi gặp Fake Agreement: xác nhận cảm xúc, hỏi 1 câu mở, đưa proof phù hợp.","[""electronics"", ""home_appliances""]"
INT-000350,Soft Rejection #350,soft_rejection_0350,Từ chối mềm,"[""chưa cần"", ""để sau"", ""biến thể ngữ cảnh 5""]","[""Hỏi lịch lắp đặt"", ""Không phải Soft Rejection: ngữ cảnh khác 350""]",confidence>= 0.75 nếu khớp >=1 trigger và không khớp counter,"Khi gặp Soft Rejection: xác nhận cảm xúc, hỏi 1 câu mở, đưa proof phù hợp.","[""furniture"", ""furniture""]"
INT-000351,Price Concern #351,price_concern_0351,Khách lo về giá hoặc ngân sách,"[""đắt"", ""mắc"", ""giảm giá"", ""biến thể ngữ cảnh 6""]","[""Chỉ hỏi cấu phần gói, không nhắc giá"", ""Không phải Price Concern: ngữ cảnh khác 351""]",confidence>= 0.76 nếu khớp >=1 trigger và không khớp counter,"Khi gặp Price Concern: xác nhận cảm xúc, hỏi 1 câu mở, đưa proof phù hợp.","[""logistics"", ""finance""]"
INT-000352,Need More Time #352,need_more_time_0352,Khách muốn trì hoãn quyết định,"[""để hôm khác"", ""cuối tháng"", ""biến thể ngữ cảnh 7""]","[""Đồng ý chốt ngay"", ""Không phải Need More Time: ngữ cảnh khác 352""]",confidence>= 0.77 nếu khớp >=1 trigger và không khớp counter,"Khi gặp Need More Time: xác nhận cảm xúc, hỏi 1 câu mở, đưa proof phù hợp.","[""travel"", ""repair""]"
INT-000353,Trust Issue #353,trust_issue_0353,Khách nghi ngờ uy tín,"[""lừa"", ""công ty ở đâu"", ""biến thể ngữ cảnh 8""]","[""Hỏi lịch giao hàng"", ""Không phải Trust Issue: ngữ cảnh khác 353""]",confidence>= 0.78 nếu khớp >=1 trigger và không khớp counter,"Khi gặp Trust Issue: xác nhận cảm xúc, hỏi 1 câu mở, đưa proof phù hợp.","[""finance"", ""b2b_services""]"
INT-000354,Decision Maker Missing #354,decision_maker_missing_0354,Thiếu người quyết định,"[""hỏi vợ"", ""hỏi sếp"", ""biến thể ngữ cảnh 9""]","[""Tự chốt một mình"", ""Không phải Decision Maker Missing: ngữ cảnh khác 354""]",confidence>= 0.79 nếu khớp >=1 trigger và không khớp counter,"Khi gặp Decision Maker Missing: xác nhận cảm xúc, hỏi 1 câu mở, đưa proof phù hợp.","[""fitness"", ""dental""]"
INT-000355,Competitor Comparison #355,competitor_comparison_0355,So sánh đối thủ,"[""bên kia"", ""rẻ hơn"", ""biến thể ngữ cảnh 10""]","[""Chỉ hỏi bảo hành"", ""Không phải Competitor Comparison: ngữ cảnh khác 355""]",confidence>= 0.80 nếu khớp >=1 trigger và không khớp counter,"Khi gặp Competitor Comparison: xác nhận cảm xúc, hỏi 1 câu mở, đưa proof phù hợp.","[""plumbing"", ""automotive""]"
INT-000356,Busy #356,busy_0356,Khách đang bận,"[""đang bận"", ""gọi lại"", ""biến thể ngữ cảnh 11""]","[""Muốn demo ngay"", ""Không phải Busy: ngữ cảnh khác 356""]",confidence>= 0.81 nếu khớp >=1 trigger và không khớp counter,"Khi gặp Busy: xác nhận cảm xúc, hỏi 1 câu mở, đưa proof phù hợp.","[""repair"", ""food""]"
INT-000357,Interested #357,interested_0357,Khách quan tâm,"[""hay"", ""cho xem"", ""biến thể ngữ cảnh 12""]","[""Từ chối cứng"", ""Không phải Interested: ngữ cảnh khác 357""]",confidence>= 0.82 nếu khớp >=1 trigger và không khớp counter,"Khi gặp Interested: xác nhận cảm xúc, hỏi 1 câu mở, đưa proof phù hợp.","[""camera"", ""logistics""]"
INT-000358,Ready To Buy #358,ready_to_buy_0358,Sẵn sàng mua,"[""chốt"", ""thanh toán"", ""biến thể ngữ cảnh 13""]","[""Chỉ hỏi cho vui"", ""Không phải Ready To Buy: ngữ cảnh khác 358""]",confidence>= 0.83 nếu khớp >=1 trigger và không khớp counter,"Khi gặp Ready To Buy: xác nhận cảm xúc, hỏi 1 câu mở, đưa proof phù hợp.","[""medical_devices"", ""fitness""]"
INT-000359,Fake Agreement #359,fake_agreement_0359,Đồng ý giả để kết thúc,"[""để xem đã"", ""ok nhưng"", ""biến thể ngữ cảnh 14""]","[""Yêu cầu hợp đồng ngay"", ""Không phải Fake Agreement: ngữ cảnh khác 359""]",confidence>= 0.84 nếu khớp >=1 trigger và không khớp counter,"Khi gặp Fake Agreement: xác nhận cảm xúc, hỏi 1 câu mở, đưa proof phù hợp.","[""b2b_services"", ""camera""]"
INT-000360,Soft Rejection #360,soft_rejection_0360,Từ chối mềm,"[""chưa cần"", ""để sau"", ""biến thể ngữ cảnh 15""]","[""Hỏi lịch lắp đặt"", ""Không phải Soft Rejection: ngữ cảnh khác 360""]",confidence>= 0.55 nếu khớp >=1 trigger và không khớp counter,"Khi gặp Soft Rejection: xác nhận cảm xúc, hỏi 1 câu mở, đưa proof phù hợp.","[""real_estate"", ""real_estate""]"
INT-000361,Price Concern #361,price_concern_0361,Khách lo về giá hoặc ngân sách,"[""đắt"", ""mắc"", ""giảm giá"", ""biến thể ngữ cảnh 16""]","[""Chỉ hỏi cấu phần gói, không nhắc giá"", ""Không phải Price Concern: ngữ cảnh khác 361""]",confidence>= 0.56 nếu khớp >=1 trigger và không khớp counter,"Khi gặp Price Concern: xác nhận cảm xúc, hỏi 1 câu mở, đưa proof phù hợp.","[""spa"", ""insurance""]"
INT-000362,Need More Time #362,need_more_time_0362,Khách muốn trì hoãn quyết định,"[""để hôm khác"", ""cuối tháng"", ""biến thể ngữ cảnh 17""]","[""Đồng ý chốt ngay"", ""Không phải Need More Time: ngữ cảnh khác 362""]",confidence>= 0.57 nếu khớp >=1 trigger và không khớp counter,"Khi gặp Need More Time: xác nhận cảm xúc, hỏi 1 câu mở, đưa proof phù hợp.","[""dental"", ""cosmetics""]"
INT-000363,Trust Issue #363,trust_issue_0363,Khách nghi ngờ uy tín,"[""lừa"", ""công ty ở đâu"", ""biến thể ngữ cảnh 18""]","[""Hỏi lịch giao hàng"", ""Không phải Trust Issue: ngữ cảnh khác 363""]",confidence>= 0.58 nếu khớp >=1 trigger và không khớp counter,"Khi gặp Trust Issue: xác nhận cảm xúc, hỏi 1 câu mở, đưa proof phù hợp.","[""insurance"", ""electronics""]"
INT-000364,Decision Maker Missing #364,decision_maker_missing_0364,Thiếu người quyết định,"[""hỏi vợ"", ""hỏi sếp"", ""biến thể ngữ cảnh 19""]","[""Tự chốt một mình"", ""Không phải Decision Maker Missing: ngữ cảnh khác 364""]",confidence>= 0.59 nếu khớp >=1 trigger và không khớp counter,"Khi gặp Decision Maker Missing: xác nhận cảm xúc, hỏi 1 câu mở, đưa proof phù hợp.","[""education"", ""travel""]"
INT-000365,Competitor Comparison #365,competitor_comparison_0365,So sánh đối thủ,"[""bên kia"", ""rẻ hơn"", ""biến thể ngữ cảnh 20""]","[""Chỉ hỏi bảo hành"", ""Không phải Competitor Comparison: ngữ cảnh khác 365""]",confidence>= 0.60 nếu khớp >=1 trigger và không khớp counter,"Khi gặp Competitor Comparison: xác nhận cảm xúc, hỏi 1 câu mở, đưa proof phù hợp.","[""automotive"", ""plumbing""]"
INT-000366,Busy #366,busy_0366,Khách đang bận,"[""đang bận"", ""gọi lại"", ""biến thể ngữ cảnh 21""]","[""Muốn demo ngay"", ""Không phải Busy: ngữ cảnh khác 366""]",confidence>= 0.61 nếu khớp >=1 trigger và không khớp counter,"Khi gặp Busy: xác nhận cảm xúc, hỏi 1 câu mở, đưa proof phù hợp.","[""cosmetics"", ""medical_devices""]"
INT-000367,Interested #367,interested_0367,Khách quan tâm,"[""hay"", ""cho xem"", ""biến thể ngữ cảnh 22""]","[""Từ chối cứng"", ""Không phải Interested: ngữ cảnh khác 367""]",confidence>= 0.62 nếu khớp >=1 trigger và không khớp counter,"Khi gặp Interested: xác nhận cảm xúc, hỏi 1 câu mở, đưa proof phù hợp.","[""home_appliances"", ""spa""]"
INT-000368,Ready To Buy #368,ready_to_buy_0368,Sẵn sàng mua,"[""chốt"", ""thanh toán"", ""biến thể ngữ cảnh 0""]","[""Chỉ hỏi cho vui"", ""Không phải Ready To Buy: ngữ cảnh khác 368""]",confidence>= 0.63 nếu khớp >=1 trigger và không khớp counter,"Khi gặp Ready To Buy: xác nhận cảm xúc, hỏi 1 câu mở, đưa proof phù hợp.","[""food"", ""education""]"
INT-000369,Fake Agreement #369,fake_agreement_0369,Đồng ý giả để kết thúc,"[""để xem đã"", ""ok nhưng"", ""biến thể ngữ cảnh 1""]","[""Yêu cầu hợp đồng ngay"", ""Không phải Fake Agreement: ngữ cảnh khác 369""]",confidence>= 0.64 nếu khớp >=1 trigger và không khớp counter,"Khi gặp Fake Agreement: xác nhận cảm xúc, hỏi 1 câu mở, đưa proof phù hợp.","[""electronics"", ""home_appliances""]"
INT-000370,Soft Rejection #370,soft_rejection_0370,Từ chối mềm,"[""chưa cần"", ""để sau"", ""biến thể ngữ cảnh 2""]","[""Hỏi lịch lắp đặt"", ""Không phải Soft Rejection: ngữ cảnh khác 370""]",confidence>= 0.65 nếu khớp >=1 trigger và không khớp counter,"Khi gặp Soft Rejection: xác nhận cảm xúc, hỏi 1 câu mở, đưa proof phù hợp.","[""furniture"", ""furniture""]"
INT-000371,Price Concern #371,price_concern_0371,Khách lo về giá hoặc ngân sách,"[""đắt"", ""mắc"", ""giảm giá"", ""biến thể ngữ cảnh 3""]","[""Chỉ hỏi cấu phần gói, không nhắc giá"", ""Không phải Price Concern: ngữ cảnh khác 371""]",confidence>= 0.66 nếu khớp >=1 trigger và không khớp counter,"Khi gặp Price Concern: xác nhận cảm xúc, hỏi 1 câu mở, đưa proof phù hợp.","[""logistics"", ""finance""]"
INT-000372,Need More Time #372,need_more_time_0372,Khách muốn trì hoãn quyết định,"[""để hôm khác"", ""cuối tháng"", ""biến thể ngữ cảnh 4""]","[""Đồng ý chốt ngay"", ""Không phải Need More Time: ngữ cảnh khác 372""]",confidence>= 0.67 nếu khớp >=1 trigger và không khớp counter,"Khi gặp Need More Time: xác nhận cảm xúc, hỏi 1 câu mở, đưa proof phù hợp.","[""travel"", ""repair""]"
INT-000373,Trust Issue #373,trust_issue_0373,Khách nghi ngờ uy tín,"[""lừa"", ""công ty ở đâu"", ""biến thể ngữ cảnh 5""]","[""Hỏi lịch giao hàng"", ""Không phải Trust Issue: ngữ cảnh khác 373""]",confidence>= 0.68 nếu khớp >=1 trigger và không khớp counter,"Khi gặp Trust Issue: xác nhận cảm xúc, hỏi 1 câu mở, đưa proof phù hợp.","[""finance"", ""b2b_services""]"
INT-000374,Decision Maker Missing #374,decision_maker_missing_0374,Thiếu người quyết định,"[""hỏi vợ"", ""hỏi sếp"", ""biến thể ngữ cảnh 6""]","[""Tự chốt một mình"", ""Không phải Decision Maker Missing: ngữ cảnh khác 374""]",confidence>= 0.69 nếu khớp >=1 trigger và không khớp counter,"Khi gặp Decision Maker Missing: xác nhận cảm xúc, hỏi 1 câu mở, đưa proof phù hợp.","[""fitness"", ""dental""]"
INT-000375,Competitor Comparison #375,competitor_comparison_0375,So sánh đối thủ,"[""bên kia"", ""rẻ hơn"", ""biến thể ngữ cảnh 7""]","[""Chỉ hỏi bảo hành"", ""Không phải Competitor Comparison: ngữ cảnh khác 375""]",confidence>= 0.70 nếu khớp >=1 trigger và không khớp counter,"Khi gặp Competitor Comparison: xác nhận cảm xúc, hỏi 1 câu mở, đưa proof phù hợp.","[""plumbing"", ""automotive""]"
INT-000376,Busy #376,busy_0376,Khách đang bận,"[""đang bận"", ""gọi lại"", ""biến thể ngữ cảnh 8""]","[""Muốn demo ngay"", ""Không phải Busy: ngữ cảnh khác 376""]",confidence>= 0.71 nếu khớp >=1 trigger và không khớp counter,"Khi gặp Busy: xác nhận cảm xúc, hỏi 1 câu mở, đưa proof phù hợp.","[""repair"", ""food""]"
INT-000377,Interested #377,interested_0377,Khách quan tâm,"[""hay"", ""cho xem"", ""biến thể ngữ cảnh 9""]","[""Từ chối cứng"", ""Không phải Interested: ngữ cảnh khác 377""]",confidence>= 0.72 nếu khớp >=1 trigger và không khớp counter,"Khi gặp Interested: xác nhận cảm xúc, hỏi 1 câu mở, đưa proof phù hợp.","[""camera"", ""logistics""]"
INT-000378,Ready To Buy #378,ready_to_buy_0378,Sẵn sàng mua,"[""chốt"", ""thanh toán"", ""biến thể ngữ cảnh 10""]","[""Chỉ hỏi cho vui"", ""Không phải Ready To Buy: ngữ cảnh khác 378""]",confidence>= 0.73 nếu khớp >=1 trigger và không khớp counter,"Khi gặp Ready To Buy: xác nhận cảm xúc, hỏi 1 câu mở, đưa proof phù hợp.","[""medical_devices"", ""fitness""]"
INT-000379,Fake Agreement #379,fake_agreement_0379,Đồng ý giả để kết thúc,"[""để xem đã"", ""ok nhưng"", ""biến thể ngữ cảnh 11""]","[""Yêu cầu hợp đồng ngay"", ""Không phải Fake Agreement: ngữ cảnh khác 379""]",confidence>= 0.74 nếu khớp >=1 trigger và không khớp counter,"Khi gặp Fake Agreement: xác nhận cảm xúc, hỏi 1 câu mở, đưa proof phù hợp.","[""b2b_services"", ""camera""]"
INT-000380,Soft Rejection #380,soft_rejection_0380,Từ chối mềm,"[""chưa cần"", ""để sau"", ""biến thể ngữ cảnh 12""]","[""Hỏi lịch lắp đặt"", ""Không phải Soft Rejection: ngữ cảnh khác 380""]",confidence>= 0.75 nếu khớp >=1 trigger và không khớp counter,"Khi gặp Soft Rejection: xác nhận cảm xúc, hỏi 1 câu mở, đưa proof phù hợp.","[""real_estate"", ""real_estate""]"
INT-000381,Price Concern #381,price_concern_0381,Khách lo về giá hoặc ngân sách,"[""đắt"", ""mắc"", ""giảm giá"", ""biến thể ngữ cảnh 13""]","[""Chỉ hỏi cấu phần gói, không nhắc giá"", ""Không phải Price Concern: ngữ cảnh khác 381""]",confidence>= 0.76 nếu khớp >=1 trigger và không khớp counter,"Khi gặp Price Concern: xác nhận cảm xúc, hỏi 1 câu mở, đưa proof phù hợp.","[""spa"", ""insurance""]"
INT-000382,Need More Time #382,need_more_time_0382,Khách muốn trì hoãn quyết định,"[""để hôm khác"", ""cuối tháng"", ""biến thể ngữ cảnh 14""]","[""Đồng ý chốt ngay"", ""Không phải Need More Time: ngữ cảnh khác 382""]",confidence>= 0.77 nếu khớp >=1 trigger và không khớp counter,"Khi gặp Need More Time: xác nhận cảm xúc, hỏi 1 câu mở, đưa proof phù hợp.","[""dental"", ""cosmetics""]"
INT-000383,Trust Issue #383,trust_issue_0383,Khách nghi ngờ uy tín,"[""lừa"", ""công ty ở đâu"", ""biến thể ngữ cảnh 15""]","[""Hỏi lịch giao hàng"", ""Không phải Trust Issue: ngữ cảnh khác 383""]",confidence>= 0.78 nếu khớp >=1 trigger và không khớp counter,"Khi gặp Trust Issue: xác nhận cảm xúc, hỏi 1 câu mở, đưa proof phù hợp.","[""insurance"", ""electronics""]"
INT-000384,Decision Maker Missing #384,decision_maker_missing_0384,Thiếu người quyết định,"[""hỏi vợ"", ""hỏi sếp"", ""biến thể ngữ cảnh 16""]","[""Tự chốt một mình"", ""Không phải Decision Maker Missing: ngữ cảnh khác 384""]",confidence>= 0.79 nếu khớp >=1 trigger và không khớp counter,"Khi gặp Decision Maker Missing: xác nhận cảm xúc, hỏi 1 câu mở, đưa proof phù hợp.","[""education"", ""travel""]"
INT-000385,Competitor Comparison #385,competitor_comparison_0385,So sánh đối thủ,"[""bên kia"", ""rẻ hơn"", ""biến thể ngữ cảnh 17""]","[""Chỉ hỏi bảo hành"", ""Không phải Competitor Comparison: ngữ cảnh khác 385""]",confidence>= 0.80 nếu khớp >=1 trigger và không khớp counter,"Khi gặp Competitor Comparison: xác nhận cảm xúc, hỏi 1 câu mở, đưa proof phù hợp.","[""automotive"", ""plumbing""]"
INT-000386,Busy #386,busy_0386,Khách đang bận,"[""đang bận"", ""gọi lại"", ""biến thể ngữ cảnh 18""]","[""Muốn demo ngay"", ""Không phải Busy: ngữ cảnh khác 386""]",confidence>= 0.81 nếu khớp >=1 trigger và không khớp counter,"Khi gặp Busy: xác nhận cảm xúc, hỏi 1 câu mở, đưa proof phù hợp.","[""cosmetics"", ""medical_devices""]"
INT-000387,Interested #387,interested_0387,Khách quan tâm,"[""hay"", ""cho xem"", ""biến thể ngữ cảnh 19""]","[""Từ chối cứng"", ""Không phải Interested: ngữ cảnh khác 387""]",confidence>= 0.82 nếu khớp >=1 trigger và không khớp counter,"Khi gặp Interested: xác nhận cảm xúc, hỏi 1 câu mở, đưa proof phù hợp.","[""home_appliances"", ""spa""]"
INT-000388,Ready To Buy #388,ready_to_buy_0388,Sẵn sàng mua,"[""chốt"", ""thanh toán"", ""biến thể ngữ cảnh 20""]","[""Chỉ hỏi cho vui"", ""Không phải Ready To Buy: ngữ cảnh khác 388""]",confidence>= 0.83 nếu khớp >=1 trigger và không khớp counter,"Khi gặp Ready To Buy: xác nhận cảm xúc, hỏi 1 câu mở, đưa proof phù hợp.","[""food"", ""education""]"
INT-000389,Fake Agreement #389,fake_agreement_0389,Đồng ý giả để kết thúc,"[""để xem đã"", ""ok nhưng"", ""biến thể ngữ cảnh 21""]","[""Yêu cầu hợp đồng ngay"", ""Không phải Fake Agreement: ngữ cảnh khác 389""]",confidence>= 0.84 nếu khớp >=1 trigger và không khớp counter,"Khi gặp Fake Agreement: xác nhận cảm xúc, hỏi 1 câu mở, đưa proof phù hợp.","[""electronics"", ""home_appliances""]"
INT-000390,Soft Rejection #390,soft_rejection_0390,Từ chối mềm,"[""chưa cần"", ""để sau"", ""biến thể ngữ cảnh 22""]","[""Hỏi lịch lắp đặt"", ""Không phải Soft Rejection: ngữ cảnh khác 390""]",confidence>= 0.55 nếu khớp >=1 trigger và không khớp counter,"Khi gặp Soft Rejection: xác nhận cảm xúc, hỏi 1 câu mở, đưa proof phù hợp.","[""furniture"", ""furniture""]"
INT-000391,Price Concern #391,price_concern_0391,Khách lo về giá hoặc ngân sách,"[""đắt"", ""mắc"", ""giảm giá"", ""biến thể ngữ cảnh 0""]","[""Chỉ hỏi cấu phần gói, không nhắc giá"", ""Không phải Price Concern: ngữ cảnh khác 391""]",confidence>= 0.56 nếu khớp >=1 trigger và không khớp counter,"Khi gặp Price Concern: xác nhận cảm xúc, hỏi 1 câu mở, đưa proof phù hợp.","[""logistics"", ""finance""]"
INT-000392,Need More Time #392,need_more_time_0392,Khách muốn trì hoãn quyết định,"[""để hôm khác"", ""cuối tháng"", ""biến thể ngữ cảnh 1""]","[""Đồng ý chốt ngay"", ""Không phải Need More Time: ngữ cảnh khác 392""]",confidence>= 0.57 nếu khớp >=1 trigger và không khớp counter,"Khi gặp Need More Time: xác nhận cảm xúc, hỏi 1 câu mở, đưa proof phù hợp.","[""travel"", ""repair""]"
INT-000393,Trust Issue #393,trust_issue_0393,Khách nghi ngờ uy tín,"[""lừa"", ""công ty ở đâu"", ""biến thể ngữ cảnh 2""]","[""Hỏi lịch giao hàng"", ""Không phải Trust Issue: ngữ cảnh khác 393""]",confidence>= 0.58 nếu khớp >=1 trigger và không khớp counter,"Khi gặp Trust Issue: xác nhận cảm xúc, hỏi 1 câu mở, đưa proof phù hợp.","[""finance"", ""b2b_services""]"
INT-000394,Decision Maker Missing #394,decision_maker_missing_0394,Thiếu người quyết định,"[""hỏi vợ"", ""hỏi sếp"", ""biến thể ngữ cảnh 3""]","[""Tự chốt một mình"", ""Không phải Decision Maker Missing: ngữ cảnh khác 394""]",confidence>= 0.59 nếu khớp >=1 trigger và không khớp counter,"Khi gặp Decision Maker Missing: xác nhận cảm xúc, hỏi 1 câu mở, đưa proof phù hợp.","[""fitness"", ""dental""]"
INT-000395,Competitor Comparison #395,competitor_comparison_0395,So sánh đối thủ,"[""bên kia"", ""rẻ hơn"", ""biến thể ngữ cảnh 4""]","[""Chỉ hỏi bảo hành"", ""Không phải Competitor Comparison: ngữ cảnh khác 395""]",confidence>= 0.60 nếu khớp >=1 trigger và không khớp counter,"Khi gặp Competitor Comparison: xác nhận cảm xúc, hỏi 1 câu mở, đưa proof phù hợp.","[""plumbing"", ""automotive""]"
INT-000396,Busy #396,busy_0396,Khách đang bận,"[""đang bận"", ""gọi lại"", ""biến thể ngữ cảnh 5""]","[""Muốn demo ngay"", ""Không phải Busy: ngữ cảnh khác 396""]",confidence>= 0.61 nếu khớp >=1 trigger và không khớp counter,"Khi gặp Busy: xác nhận cảm xúc, hỏi 1 câu mở, đưa proof phù hợp.","[""repair"", ""food""]"
INT-000397,Interested #397,interested_0397,Khách quan tâm,"[""hay"", ""cho xem"", ""biến thể ngữ cảnh 6""]","[""Từ chối cứng"", ""Không phải Interested: ngữ cảnh khác 397""]",confidence>= 0.62 nếu khớp >=1 trigger và không khớp counter,"Khi gặp Interested: xác nhận cảm xúc, hỏi 1 câu mở, đưa proof phù hợp.","[""camera"", ""logistics""]"
INT-000398,Ready To Buy #398,ready_to_buy_0398,Sẵn sàng mua,"[""chốt"", ""thanh toán"", ""biến thể ngữ cảnh 7""]","[""Chỉ hỏi cho vui"", ""Không phải Ready To Buy: ngữ cảnh khác 398""]",confidence>= 0.63 nếu khớp >=1 trigger và không khớp counter,"Khi gặp Ready To Buy: xác nhận cảm xúc, hỏi 1 câu mở, đưa proof phù hợp.","[""medical_devices"", ""fitness""]"
INT-000399,Fake Agreement #399,fake_agreement_0399,Đồng ý giả để kết thúc,"[""để xem đã"", ""ok nhưng"", ""biến thể ngữ cảnh 8""]","[""Yêu cầu hợp đồng ngay"", ""Không phải Fake Agreement: ngữ cảnh khác 399""]",confidence>= 0.64 nếu khớp >=1 trigger và không khớp counter,"Khi gặp Fake Agreement: xác nhận cảm xúc, hỏi 1 câu mở, đưa proof phù hợp.","[""b2b_services"", ""camera""]"
INT-000400,Soft Rejection #400,soft_rejection_0400,Từ chối mềm,"[""chưa cần"", ""để sau"", ""biến thể ngữ cảnh 9""]","[""Hỏi lịch lắp đặt"", ""Không phải Soft Rejection: ngữ cảnh khác 400""]",confidence>= 0.65 nếu khớp >=1 trigger và không khớp counter,"Khi gặp Soft Rejection: xác nhận cảm xúc, hỏi 1 câu mở, đưa proof phù hợp.","[""real_estate"", ""real_estate""]"
INT-000401,Price Concern #401,price_concern_0401,Khách lo về giá hoặc ngân sách,"[""đắt"", ""mắc"", ""giảm giá"", ""biến thể ngữ cảnh 10""]","[""Chỉ hỏi cấu phần gói, không nhắc giá"", ""Không phải Price Concern: ngữ cảnh khác 401""]",confidence>= 0.66 nếu khớp >=1 trigger và không khớp counter,"Khi gặp Price Concern: xác nhận cảm xúc, hỏi 1 câu mở, đưa proof phù hợp.","[""spa"", ""insurance""]"
INT-000402,Need More Time #402,need_more_time_0402,Khách muốn trì hoãn quyết định,"[""để hôm khác"", ""cuối tháng"", ""biến thể ngữ cảnh 11""]","[""Đồng ý chốt ngay"", ""Không phải Need More Time: ngữ cảnh khác 402""]",confidence>= 0.67 nếu khớp >=1 trigger và không khớp counter,"Khi gặp Need More Time: xác nhận cảm xúc, hỏi 1 câu mở, đưa proof phù hợp.","[""dental"", ""cosmetics""]"
INT-000403,Trust Issue #403,trust_issue_0403,Khách nghi ngờ uy tín,"[""lừa"", ""công ty ở đâu"", ""biến thể ngữ cảnh 12""]","[""Hỏi lịch giao hàng"", ""Không phải Trust Issue: ngữ cảnh khác 403""]",confidence>= 0.68 nếu khớp >=1 trigger và không khớp counter,"Khi gặp Trust Issue: xác nhận cảm xúc, hỏi 1 câu mở, đưa proof phù hợp.","[""insurance"", ""electronics""]"
INT-000404,Decision Maker Missing #404,decision_maker_missing_0404,Thiếu người quyết định,"[""hỏi vợ"", ""hỏi sếp"", ""biến thể ngữ cảnh 13""]","[""Tự chốt một mình"", ""Không phải Decision Maker Missing: ngữ cảnh khác 404""]",confidence>= 0.69 nếu khớp >=1 trigger và không khớp counter,"Khi gặp Decision Maker Missing: xác nhận cảm xúc, hỏi 1 câu mở, đưa proof phù hợp.","[""education"", ""travel""]"
INT-000405,Competitor Comparison #405,competitor_comparison_0405,So sánh đối thủ,"[""bên kia"", ""rẻ hơn"", ""biến thể ngữ cảnh 14""]","[""Chỉ hỏi bảo hành"", ""Không phải Competitor Comparison: ngữ cảnh khác 405""]",confidence>= 0.70 nếu khớp >=1 trigger và không khớp counter,"Khi gặp Competitor Comparison: xác nhận cảm xúc, hỏi 1 câu mở, đưa proof phù hợp.","[""automotive"", ""plumbing""]"
INT-000406,Busy #406,busy_0406,Khách đang bận,"[""đang bận"", ""gọi lại"", ""biến thể ngữ cảnh 15""]","[""Muốn demo ngay"", ""Không phải Busy: ngữ cảnh khác 406""]",confidence>= 0.71 nếu khớp >=1 trigger và không khớp counter,"Khi gặp Busy: xác nhận cảm xúc, hỏi 1 câu mở, đưa proof phù hợp.","[""cosmetics"", ""medical_devices""]"
INT-000407,Interested #407,interested_0407,Khách quan tâm,"[""hay"", ""cho xem"", ""biến thể ngữ cảnh 16""]","[""Từ chối cứng"", ""Không phải Interested: ngữ cảnh khác 407""]",confidence>= 0.72 nếu khớp >=1 trigger và không khớp counter,"Khi gặp Interested: xác nhận cảm xúc, hỏi 1 câu mở, đưa proof phù hợp.","[""home_appliances"", ""spa""]"
INT-000408,Ready To Buy #408,ready_to_buy_0408,Sẵn sàng mua,"[""chốt"", ""thanh toán"", ""biến thể ngữ cảnh 17""]","[""Chỉ hỏi cho vui"", ""Không phải Ready To Buy: ngữ cảnh khác 408""]",confidence>= 0.73 nếu khớp >=1 trigger và không khớp counter,"Khi gặp Ready To Buy: xác nhận cảm xúc, hỏi 1 câu mở, đưa proof phù hợp.","[""food"", ""education""]"
INT-000409,Fake Agreement #409,fake_agreement_0409,Đồng ý giả để kết thúc,"[""để xem đã"", ""ok nhưng"", ""biến thể ngữ cảnh 18""]","[""Yêu cầu hợp đồng ngay"", ""Không phải Fake Agreement: ngữ cảnh khác 409""]",confidence>= 0.74 nếu khớp >=1 trigger và không khớp counter,"Khi gặp Fake Agreement: xác nhận cảm xúc, hỏi 1 câu mở, đưa proof phù hợp.","[""electronics"", ""home_appliances""]"
INT-000410,Soft Rejection #410,soft_rejection_0410,Từ chối mềm,"[""chưa cần"", ""để sau"", ""biến thể ngữ cảnh 19""]","[""Hỏi lịch lắp đặt"", ""Không phải Soft Rejection: ngữ cảnh khác 410""]",confidence>= 0.75 nếu khớp >=1 trigger và không khớp counter,"Khi gặp Soft Rejection: xác nhận cảm xúc, hỏi 1 câu mở, đưa proof phù hợp.","[""furniture"", ""furniture""]"
INT-000411,Price Concern #411,price_concern_0411,Khách lo về giá hoặc ngân sách,"[""đắt"", ""mắc"", ""giảm giá"", ""biến thể ngữ cảnh 20""]","[""Chỉ hỏi cấu phần gói, không nhắc giá"", ""Không phải Price Concern: ngữ cảnh khác 411""]",confidence>= 0.76 nếu khớp >=1 trigger và không khớp counter,"Khi gặp Price Concern: xác nhận cảm xúc, hỏi 1 câu mở, đưa proof phù hợp.","[""logistics"", ""finance""]"
INT-000412,Need More Time #412,need_more_time_0412,Khách muốn trì hoãn quyết định,"[""để hôm khác"", ""cuối tháng"", ""biến thể ngữ cảnh 21""]","[""Đồng ý chốt ngay"", ""Không phải Need More Time: ngữ cảnh khác 412""]",confidence>= 0.77 nếu khớp >=1 trigger và không khớp counter,"Khi gặp Need More Time: xác nhận cảm xúc, hỏi 1 câu mở, đưa proof phù hợp.","[""travel"", ""repair""]"
INT-000413,Trust Issue #413,trust_issue_0413,Khách nghi ngờ uy tín,"[""lừa"", ""công ty ở đâu"", ""biến thể ngữ cảnh 22""]","[""Hỏi lịch giao hàng"", ""Không phải Trust Issue: ngữ cảnh khác 413""]",confidence>= 0.78 nếu khớp >=1 trigger và không khớp counter,"Khi gặp Trust Issue: xác nhận cảm xúc, hỏi 1 câu mở, đưa proof phù hợp.","[""finance"", ""b2b_services""]"
INT-000414,Decision Maker Missing #414,decision_maker_missing_0414,Thiếu người quyết định,"[""hỏi vợ"", ""hỏi sếp"", ""biến thể ngữ cảnh 0""]","[""Tự chốt một mình"", ""Không phải Decision Maker Missing: ngữ cảnh khác 414""]",confidence>= 0.79 nếu khớp >=1 trigger và không khớp counter,"Khi gặp Decision Maker Missing: xác nhận cảm xúc, hỏi 1 câu mở, đưa proof phù hợp.","[""fitness"", ""dental""]"
INT-000415,Competitor Comparison #415,competitor_comparison_0415,So sánh đối thủ,"[""bên kia"", ""rẻ hơn"", ""biến thể ngữ cảnh 1""]","[""Chỉ hỏi bảo hành"", ""Không phải Competitor Comparison: ngữ cảnh khác 415""]",confidence>= 0.80 nếu khớp >=1 trigger và không khớp counter,"Khi gặp Competitor Comparison: xác nhận cảm xúc, hỏi 1 câu mở, đưa proof phù hợp.","[""plumbing"", ""automotive""]"
INT-000416,Busy #416,busy_0416,Khách đang bận,"[""đang bận"", ""gọi lại"", ""biến thể ngữ cảnh 2""]","[""Muốn demo ngay"", ""Không phải Busy: ngữ cảnh khác 416""]",confidence>= 0.81 nếu khớp >=1 trigger và không khớp counter,"Khi gặp Busy: xác nhận cảm xúc, hỏi 1 câu mở, đưa proof phù hợp.","[""repair"", ""food""]"
INT-000417,Interested #417,interested_0417,Khách quan tâm,"[""hay"", ""cho xem"", ""biến thể ngữ cảnh 3""]","[""Từ chối cứng"", ""Không phải Interested: ngữ cảnh khác 417""]",confidence>= 0.82 nếu khớp >=1 trigger và không khớp counter,"Khi gặp Interested: xác nhận cảm xúc, hỏi 1 câu mở, đưa proof phù hợp.","[""camera"", ""logistics""]"
INT-000418,Ready To Buy #418,ready_to_buy_0418,Sẵn sàng mua,"[""chốt"", ""thanh toán"", ""biến thể ngữ cảnh 4""]","[""Chỉ hỏi cho vui"", ""Không phải Ready To Buy: ngữ cảnh khác 418""]",confidence>= 0.83 nếu khớp >=1 trigger và không khớp counter,"Khi gặp Ready To Buy: xác nhận cảm xúc, hỏi 1 câu mở, đưa proof phù hợp.","[""medical_devices"", ""fitness""]"
INT-000419,Fake Agreement #419,fake_agreement_0419,Đồng ý giả để kết thúc,"[""để xem đã"", ""ok nhưng"", ""biến thể ngữ cảnh 5""]","[""Yêu cầu hợp đồng ngay"", ""Không phải Fake Agreement: ngữ cảnh khác 419""]",confidence>= 0.84 nếu khớp >=1 trigger và không khớp counter,"Khi gặp Fake Agreement: xác nhận cảm xúc, hỏi 1 câu mở, đưa proof phù hợp.","[""b2b_services"", ""camera""]"
INT-000420,Soft Rejection #420,soft_rejection_0420,Từ chối mềm,"[""chưa cần"", ""để sau"", ""biến thể ngữ cảnh 6""]","[""Hỏi lịch lắp đặt"", ""Không phải Soft Rejection: ngữ cảnh khác 420""]",confidence>= 0.55 nếu khớp >=1 trigger và không khớp counter,"Khi gặp Soft Rejection: xác nhận cảm xúc, hỏi 1 câu mở, đưa proof phù hợp.","[""real_estate"", ""real_estate""]"
INT-000421,Price Concern #421,price_concern_0421,Khách lo về giá hoặc ngân sách,"[""đắt"", ""mắc"", ""giảm giá"", ""biến thể ngữ cảnh 7""]","[""Chỉ hỏi cấu phần gói, không nhắc giá"", ""Không phải Price Concern: ngữ cảnh khác 421""]",confidence>= 0.56 nếu khớp >=1 trigger và không khớp counter,"Khi gặp Price Concern: xác nhận cảm xúc, hỏi 1 câu mở, đưa proof phù hợp.","[""spa"", ""insurance""]"
INT-000422,Need More Time #422,need_more_time_0422,Khách muốn trì hoãn quyết định,"[""để hôm khác"", ""cuối tháng"", ""biến thể ngữ cảnh 8""]","[""Đồng ý chốt ngay"", ""Không phải Need More Time: ngữ cảnh khác 422""]",confidence>= 0.57 nếu khớp >=1 trigger và không khớp counter,"Khi gặp Need More Time: xác nhận cảm xúc, hỏi 1 câu mở, đưa proof phù hợp.","[""dental"", ""cosmetics""]"
INT-000423,Trust Issue #423,trust_issue_0423,Khách nghi ngờ uy tín,"[""lừa"", ""công ty ở đâu"", ""biến thể ngữ cảnh 9""]","[""Hỏi lịch giao hàng"", ""Không phải Trust Issue: ngữ cảnh khác 423""]",confidence>= 0.58 nếu khớp >=1 trigger và không khớp counter,"Khi gặp Trust Issue: xác nhận cảm xúc, hỏi 1 câu mở, đưa proof phù hợp.","[""insurance"", ""electronics""]"
INT-000424,Decision Maker Missing #424,decision_maker_missing_0424,Thiếu người quyết định,"[""hỏi vợ"", ""hỏi sếp"", ""biến thể ngữ cảnh 10""]","[""Tự chốt một mình"", ""Không phải Decision Maker Missing: ngữ cảnh khác 424""]",confidence>= 0.59 nếu khớp >=1 trigger và không khớp counter,"Khi gặp Decision Maker Missing: xác nhận cảm xúc, hỏi 1 câu mở, đưa proof phù hợp.","[""education"", ""travel""]"
INT-000425,Competitor Comparison #425,competitor_comparison_0425,So sánh đối thủ,"[""bên kia"", ""rẻ hơn"", ""biến thể ngữ cảnh 11""]","[""Chỉ hỏi bảo hành"", ""Không phải Competitor Comparison: ngữ cảnh khác 425""]",confidence>= 0.60 nếu khớp >=1 trigger và không khớp counter,"Khi gặp Competitor Comparison: xác nhận cảm xúc, hỏi 1 câu mở, đưa proof phù hợp.","[""automotive"", ""plumbing""]"
INT-000426,Busy #426,busy_0426,Khách đang bận,"[""đang bận"", ""gọi lại"", ""biến thể ngữ cảnh 12""]","[""Muốn demo ngay"", ""Không phải Busy: ngữ cảnh khác 426""]",confidence>= 0.61 nếu khớp >=1 trigger và không khớp counter,"Khi gặp Busy: xác nhận cảm xúc, hỏi 1 câu mở, đưa proof phù hợp.","[""cosmetics"", ""medical_devices""]"
INT-000427,Interested #427,interested_0427,Khách quan tâm,"[""hay"", ""cho xem"", ""biến thể ngữ cảnh 13""]","[""Từ chối cứng"", ""Không phải Interested: ngữ cảnh khác 427""]",confidence>= 0.62 nếu khớp >=1 trigger và không khớp counter,"Khi gặp Interested: xác nhận cảm xúc, hỏi 1 câu mở, đưa proof phù hợp.","[""home_appliances"", ""spa""]"
INT-000428,Ready To Buy #428,ready_to_buy_0428,Sẵn sàng mua,"[""chốt"", ""thanh toán"", ""biến thể ngữ cảnh 14""]","[""Chỉ hỏi cho vui"", ""Không phải Ready To Buy: ngữ cảnh khác 428""]",confidence>= 0.63 nếu khớp >=1 trigger và không khớp counter,"Khi gặp Ready To Buy: xác nhận cảm xúc, hỏi 1 câu mở, đưa proof phù hợp.","[""food"", ""education""]"
INT-000429,Fake Agreement #429,fake_agreement_0429,Đồng ý giả để kết thúc,"[""để xem đã"", ""ok nhưng"", ""biến thể ngữ cảnh 15""]","[""Yêu cầu hợp đồng ngay"", ""Không phải Fake Agreement: ngữ cảnh khác 429""]",confidence>= 0.64 nếu khớp >=1 trigger và không khớp counter,"Khi gặp Fake Agreement: xác nhận cảm xúc, hỏi 1 câu mở, đưa proof phù hợp.","[""electronics"", ""home_appliances""]"
INT-000430,Soft Rejection #430,soft_rejection_0430,Từ chối mềm,"[""chưa cần"", ""để sau"", ""biến thể ngữ cảnh 16""]","[""Hỏi lịch lắp đặt"", ""Không phải Soft Rejection: ngữ cảnh khác 430""]",confidence>= 0.65 nếu khớp >=1 trigger và không khớp counter,"Khi gặp Soft Rejection: xác nhận cảm xúc, hỏi 1 câu mở, đưa proof phù hợp.","[""furniture"", ""furniture""]"
INT-000431,Price Concern #431,price_concern_0431,Khách lo về giá hoặc ngân sách,"[""đắt"", ""mắc"", ""giảm giá"", ""biến thể ngữ cảnh 17""]","[""Chỉ hỏi cấu phần gói, không nhắc giá"", ""Không phải Price Concern: ngữ cảnh khác 431""]",confidence>= 0.66 nếu khớp >=1 trigger và không khớp counter,"Khi gặp Price Concern: xác nhận cảm xúc, hỏi 1 câu mở, đưa proof phù hợp.","[""logistics"", ""finance""]"
INT-000432,Need More Time #432,need_more_time_0432,Khách muốn trì hoãn quyết định,"[""để hôm khác"", ""cuối tháng"", ""biến thể ngữ cảnh 18""]","[""Đồng ý chốt ngay"", ""Không phải Need More Time: ngữ cảnh khác 432""]",confidence>= 0.67 nếu khớp >=1 trigger và không khớp counter,"Khi gặp Need More Time: xác nhận cảm xúc, hỏi 1 câu mở, đưa proof phù hợp.","[""travel"", ""repair""]"
INT-000433,Trust Issue #433,trust_issue_0433,Khách nghi ngờ uy tín,"[""lừa"", ""công ty ở đâu"", ""biến thể ngữ cảnh 19""]","[""Hỏi lịch giao hàng"", ""Không phải Trust Issue: ngữ cảnh khác 433""]",confidence>= 0.68 nếu khớp >=1 trigger và không khớp counter,"Khi gặp Trust Issue: xác nhận cảm xúc, hỏi 1 câu mở, đưa proof phù hợp.","[""finance"", ""b2b_services""]"
INT-000434,Decision Maker Missing #434,decision_maker_missing_0434,Thiếu người quyết định,"[""hỏi vợ"", ""hỏi sếp"", ""biến thể ngữ cảnh 20""]","[""Tự chốt một mình"", ""Không phải Decision Maker Missing: ngữ cảnh khác 434""]",confidence>= 0.69 nếu khớp >=1 trigger và không khớp counter,"Khi gặp Decision Maker Missing: xác nhận cảm xúc, hỏi 1 câu mở, đưa proof phù hợp.","[""fitness"", ""dental""]"
INT-000435,Competitor Comparison #435,competitor_comparison_0435,So sánh đối thủ,"[""bên kia"", ""rẻ hơn"", ""biến thể ngữ cảnh 21""]","[""Chỉ hỏi bảo hành"", ""Không phải Competitor Comparison: ngữ cảnh khác 435""]",confidence>= 0.70 nếu khớp >=1 trigger và không khớp counter,"Khi gặp Competitor Comparison: xác nhận cảm xúc, hỏi 1 câu mở, đưa proof phù hợp.","[""plumbing"", ""automotive""]"
INT-000436,Busy #436,busy_0436,Khách đang bận,"[""đang bận"", ""gọi lại"", ""biến thể ngữ cảnh 22""]","[""Muốn demo ngay"", ""Không phải Busy: ngữ cảnh khác 436""]",confidence>= 0.71 nếu khớp >=1 trigger và không khớp counter,"Khi gặp Busy: xác nhận cảm xúc, hỏi 1 câu mở, đưa proof phù hợp.","[""repair"", ""food""]"
INT-000437,Interested #437,interested_0437,Khách quan tâm,"[""hay"", ""cho xem"", ""biến thể ngữ cảnh 0""]","[""Từ chối cứng"", ""Không phải Interested: ngữ cảnh khác 437""]",confidence>= 0.72 nếu khớp >=1 trigger và không khớp counter,"Khi gặp Interested: xác nhận cảm xúc, hỏi 1 câu mở, đưa proof phù hợp.","[""camera"", ""logistics""]"
INT-000438,Ready To Buy #438,ready_to_buy_0438,Sẵn sàng mua,"[""chốt"", ""thanh toán"", ""biến thể ngữ cảnh 1""]","[""Chỉ hỏi cho vui"", ""Không phải Ready To Buy: ngữ cảnh khác 438""]",confidence>= 0.73 nếu khớp >=1 trigger và không khớp counter,"Khi gặp Ready To Buy: xác nhận cảm xúc, hỏi 1 câu mở, đưa proof phù hợp.","[""medical_devices"", ""fitness""]"
INT-000439,Fake Agreement #439,fake_agreement_0439,Đồng ý giả để kết thúc,"[""để xem đã"", ""ok nhưng"", ""biến thể ngữ cảnh 2""]","[""Yêu cầu hợp đồng ngay"", ""Không phải Fake Agreement: ngữ cảnh khác 439""]",confidence>= 0.74 nếu khớp >=1 trigger và không khớp counter,"Khi gặp Fake Agreement: xác nhận cảm xúc, hỏi 1 câu mở, đưa proof phù hợp.","[""b2b_services"", ""camera""]"
INT-000440,Soft Rejection #440,soft_rejection_0440,Từ chối mềm,"[""chưa cần"", ""để sau"", ""biến thể ngữ cảnh 3""]","[""Hỏi lịch lắp đặt"", ""Không phải Soft Rejection: ngữ cảnh khác 440""]",confidence>= 0.75 nếu khớp >=1 trigger và không khớp counter,"Khi gặp Soft Rejection: xác nhận cảm xúc, hỏi 1 câu mở, đưa proof phù hợp.","[""real_estate"", ""real_estate""]"
INT-000441,Price Concern #441,price_concern_0441,Khách lo về giá hoặc ngân sách,"[""đắt"", ""mắc"", ""giảm giá"", ""biến thể ngữ cảnh 4""]","[""Chỉ hỏi cấu phần gói, không nhắc giá"", ""Không phải Price Concern: ngữ cảnh khác 441""]",confidence>= 0.76 nếu khớp >=1 trigger và không khớp counter,"Khi gặp Price Concern: xác nhận cảm xúc, hỏi 1 câu mở, đưa proof phù hợp.","[""spa"", ""insurance""]"
INT-000442,Need More Time #442,need_more_time_0442,Khách muốn trì hoãn quyết định,"[""để hôm khác"", ""cuối tháng"", ""biến thể ngữ cảnh 5""]","[""Đồng ý chốt ngay"", ""Không phải Need More Time: ngữ cảnh khác 442""]",confidence>= 0.77 nếu khớp >=1 trigger và không khớp counter,"Khi gặp Need More Time: xác nhận cảm xúc, hỏi 1 câu mở, đưa proof phù hợp.","[""dental"", ""cosmetics""]"
INT-000443,Trust Issue #443,trust_issue_0443,Khách nghi ngờ uy tín,"[""lừa"", ""công ty ở đâu"", ""biến thể ngữ cảnh 6""]","[""Hỏi lịch giao hàng"", ""Không phải Trust Issue: ngữ cảnh khác 443""]",confidence>= 0.78 nếu khớp >=1 trigger và không khớp counter,"Khi gặp Trust Issue: xác nhận cảm xúc, hỏi 1 câu mở, đưa proof phù hợp.","[""insurance"", ""electronics""]"
INT-000444,Decision Maker Missing #444,decision_maker_missing_0444,Thiếu người quyết định,"[""hỏi vợ"", ""hỏi sếp"", ""biến thể ngữ cảnh 7""]","[""Tự chốt một mình"", ""Không phải Decision Maker Missing: ngữ cảnh khác 444""]",confidence>= 0.79 nếu khớp >=1 trigger và không khớp counter,"Khi gặp Decision Maker Missing: xác nhận cảm xúc, hỏi 1 câu mở, đưa proof phù hợp.","[""education"", ""travel""]"
INT-000445,Competitor Comparison #445,competitor_comparison_0445,So sánh đối thủ,"[""bên kia"", ""rẻ hơn"", ""biến thể ngữ cảnh 8""]","[""Chỉ hỏi bảo hành"", ""Không phải Competitor Comparison: ngữ cảnh khác 445""]",confidence>= 0.80 nếu khớp >=1 trigger và không khớp counter,"Khi gặp Competitor Comparison: xác nhận cảm xúc, hỏi 1 câu mở, đưa proof phù hợp.","[""automotive"", ""plumbing""]"
INT-000446,Busy #446,busy_0446,Khách đang bận,"[""đang bận"", ""gọi lại"", ""biến thể ngữ cảnh 9""]","[""Muốn demo ngay"", ""Không phải Busy: ngữ cảnh khác 446""]",confidence>= 0.81 nếu khớp >=1 trigger và không khớp counter,"Khi gặp Busy: xác nhận cảm xúc, hỏi 1 câu mở, đưa proof phù hợp.","[""cosmetics"", ""medical_devices""]"
INT-000447,Interested #447,interested_0447,Khách quan tâm,"[""hay"", ""cho xem"", ""biến thể ngữ cảnh 10""]","[""Từ chối cứng"", ""Không phải Interested: ngữ cảnh khác 447""]",confidence>= 0.82 nếu khớp >=1 trigger và không khớp counter,"Khi gặp Interested: xác nhận cảm xúc, hỏi 1 câu mở, đưa proof phù hợp.","[""home_appliances"", ""spa""]"
INT-000448,Ready To Buy #448,ready_to_buy_0448,Sẵn sàng mua,"[""chốt"", ""thanh toán"", ""biến thể ngữ cảnh 11""]","[""Chỉ hỏi cho vui"", ""Không phải Ready To Buy: ngữ cảnh khác 448""]",confidence>= 0.83 nếu khớp >=1 trigger và không khớp counter,"Khi gặp Ready To Buy: xác nhận cảm xúc, hỏi 1 câu mở, đưa proof phù hợp.","[""food"", ""education""]"
INT-000449,Fake Agreement #449,fake_agreement_0449,Đồng ý giả để kết thúc,"[""để xem đã"", ""ok nhưng"", ""biến thể ngữ cảnh 12""]","[""Yêu cầu hợp đồng ngay"", ""Không phải Fake Agreement: ngữ cảnh khác 449""]",confidence>= 0.84 nếu khớp >=1 trigger và không khớp counter,"Khi gặp Fake Agreement: xác nhận cảm xúc, hỏi 1 câu mở, đưa proof phù hợp.","[""electronics"", ""home_appliances""]"
INT-000450,Soft Rejection #450,soft_rejection_0450,Từ chối mềm,"[""chưa cần"", ""để sau"", ""biến thể ngữ cảnh 13""]","[""Hỏi lịch lắp đặt"", ""Không phải Soft Rejection: ngữ cảnh khác 450""]",confidence>= 0.55 nếu khớp >=1 trigger và không khớp counter,"Khi gặp Soft Rejection: xác nhận cảm xúc, hỏi 1 câu mở, đưa proof phù hợp.","[""furniture"", ""furniture""]"
INT-000451,Price Concern #451,price_concern_0451,Khách lo về giá hoặc ngân sách,"[""đắt"", ""mắc"", ""giảm giá"", ""biến thể ngữ cảnh 14""]","[""Chỉ hỏi cấu phần gói, không nhắc giá"", ""Không phải Price Concern: ngữ cảnh khác 451""]",confidence>= 0.56 nếu khớp >=1 trigger và không khớp counter,"Khi gặp Price Concern: xác nhận cảm xúc, hỏi 1 câu mở, đưa proof phù hợp.","[""logistics"", ""finance""]"
INT-000452,Need More Time #452,need_more_time_0452,Khách muốn trì hoãn quyết định,"[""để hôm khác"", ""cuối tháng"", ""biến thể ngữ cảnh 15""]","[""Đồng ý chốt ngay"", ""Không phải Need More Time: ngữ cảnh khác 452""]",confidence>= 0.57 nếu khớp >=1 trigger và không khớp counter,"Khi gặp Need More Time: xác nhận cảm xúc, hỏi 1 câu mở, đưa proof phù hợp.","[""travel"", ""repair""]"
INT-000453,Trust Issue #453,trust_issue_0453,Khách nghi ngờ uy tín,"[""lừa"", ""công ty ở đâu"", ""biến thể ngữ cảnh 16""]","[""Hỏi lịch giao hàng"", ""Không phải Trust Issue: ngữ cảnh khác 453""]",confidence>= 0.58 nếu khớp >=1 trigger và không khớp counter,"Khi gặp Trust Issue: xác nhận cảm xúc, hỏi 1 câu mở, đưa proof phù hợp.","[""finance"", ""b2b_services""]"
INT-000454,Decision Maker Missing #454,decision_maker_missing_0454,Thiếu người quyết định,"[""hỏi vợ"", ""hỏi sếp"", ""biến thể ngữ cảnh 17""]","[""Tự chốt một mình"", ""Không phải Decision Maker Missing: ngữ cảnh khác 454""]",confidence>= 0.59 nếu khớp >=1 trigger và không khớp counter,"Khi gặp Decision Maker Missing: xác nhận cảm xúc, hỏi 1 câu mở, đưa proof phù hợp.","[""fitness"", ""dental""]"
INT-000455,Competitor Comparison #455,competitor_comparison_0455,So sánh đối thủ,"[""bên kia"", ""rẻ hơn"", ""biến thể ngữ cảnh 18""]","[""Chỉ hỏi bảo hành"", ""Không phải Competitor Comparison: ngữ cảnh khác 455""]",confidence>= 0.60 nếu khớp >=1 trigger và không khớp counter,"Khi gặp Competitor Comparison: xác nhận cảm xúc, hỏi 1 câu mở, đưa proof phù hợp.","[""plumbing"", ""automotive""]"
INT-000456,Busy #456,busy_0456,Khách đang bận,"[""đang bận"", ""gọi lại"", ""biến thể ngữ cảnh 19""]","[""Muốn demo ngay"", ""Không phải Busy: ngữ cảnh khác 456""]",confidence>= 0.61 nếu khớp >=1 trigger và không khớp counter,"Khi gặp Busy: xác nhận cảm xúc, hỏi 1 câu mở, đưa proof phù hợp.","[""repair"", ""food""]"
INT-000457,Interested #457,interested_0457,Khách quan tâm,"[""hay"", ""cho xem"", ""biến thể ngữ cảnh 20""]","[""Từ chối cứng"", ""Không phải Interested: ngữ cảnh khác 457""]",confidence>= 0.62 nếu khớp >=1 trigger và không khớp counter,"Khi gặp Interested: xác nhận cảm xúc, hỏi 1 câu mở, đưa proof phù hợp.","[""camera"", ""logistics""]"
INT-000458,Ready To Buy #458,ready_to_buy_0458,Sẵn sàng mua,"[""chốt"", ""thanh toán"", ""biến thể ngữ cảnh 21""]","[""Chỉ hỏi cho vui"", ""Không phải Ready To Buy: ngữ cảnh khác 458""]",confidence>= 0.63 nếu khớp >=1 trigger và không khớp counter,"Khi gặp Ready To Buy: xác nhận cảm xúc, hỏi 1 câu mở, đưa proof phù hợp.","[""medical_devices"", ""fitness""]"
INT-000459,Fake Agreement #459,fake_agreement_0459,Đồng ý giả để kết thúc,"[""để xem đã"", ""ok nhưng"", ""biến thể ngữ cảnh 22""]","[""Yêu cầu hợp đồng ngay"", ""Không phải Fake Agreement: ngữ cảnh khác 459""]",confidence>= 0.64 nếu khớp >=1 trigger và không khớp counter,"Khi gặp Fake Agreement: xác nhận cảm xúc, hỏi 1 câu mở, đưa proof phù hợp.","[""b2b_services"", ""camera""]"
INT-000460,Soft Rejection #460,soft_rejection_0460,Từ chối mềm,"[""chưa cần"", ""để sau"", ""biến thể ngữ cảnh 0""]","[""Hỏi lịch lắp đặt"", ""Không phải Soft Rejection: ngữ cảnh khác 460""]",confidence>= 0.65 nếu khớp >=1 trigger và không khớp counter,"Khi gặp Soft Rejection: xác nhận cảm xúc, hỏi 1 câu mở, đưa proof phù hợp.","[""real_estate"", ""real_estate""]"
INT-000461,Price Concern #461,price_concern_0461,Khách lo về giá hoặc ngân sách,"[""đắt"", ""mắc"", ""giảm giá"", ""biến thể ngữ cảnh 1""]","[""Chỉ hỏi cấu phần gói, không nhắc giá"", ""Không phải Price Concern: ngữ cảnh khác 461""]",confidence>= 0.66 nếu khớp >=1 trigger và không khớp counter,"Khi gặp Price Concern: xác nhận cảm xúc, hỏi 1 câu mở, đưa proof phù hợp.","[""spa"", ""insurance""]"
INT-000462,Need More Time #462,need_more_time_0462,Khách muốn trì hoãn quyết định,"[""để hôm khác"", ""cuối tháng"", ""biến thể ngữ cảnh 2""]","[""Đồng ý chốt ngay"", ""Không phải Need More Time: ngữ cảnh khác 462""]",confidence>= 0.67 nếu khớp >=1 trigger và không khớp counter,"Khi gặp Need More Time: xác nhận cảm xúc, hỏi 1 câu mở, đưa proof phù hợp.","[""dental"", ""cosmetics""]"
INT-000463,Trust Issue #463,trust_issue_0463,Khách nghi ngờ uy tín,"[""lừa"", ""công ty ở đâu"", ""biến thể ngữ cảnh 3""]","[""Hỏi lịch giao hàng"", ""Không phải Trust Issue: ngữ cảnh khác 463""]",confidence>= 0.68 nếu khớp >=1 trigger và không khớp counter,"Khi gặp Trust Issue: xác nhận cảm xúc, hỏi 1 câu mở, đưa proof phù hợp.","[""insurance"", ""electronics""]"
INT-000464,Decision Maker Missing #464,decision_maker_missing_0464,Thiếu người quyết định,"[""hỏi vợ"", ""hỏi sếp"", ""biến thể ngữ cảnh 4""]","[""Tự chốt một mình"", ""Không phải Decision Maker Missing: ngữ cảnh khác 464""]",confidence>= 0.69 nếu khớp >=1 trigger và không khớp counter,"Khi gặp Decision Maker Missing: xác nhận cảm xúc, hỏi 1 câu mở, đưa proof phù hợp.","[""education"", ""travel""]"
INT-000465,Competitor Comparison #465,competitor_comparison_0465,So sánh đối thủ,"[""bên kia"", ""rẻ hơn"", ""biến thể ngữ cảnh 5""]","[""Chỉ hỏi bảo hành"", ""Không phải Competitor Comparison: ngữ cảnh khác 465""]",confidence>= 0.70 nếu khớp >=1 trigger và không khớp counter,"Khi gặp Competitor Comparison: xác nhận cảm xúc, hỏi 1 câu mở, đưa proof phù hợp.","[""automotive"", ""plumbing""]"
INT-000466,Busy #466,busy_0466,Khách đang bận,"[""đang bận"", ""gọi lại"", ""biến thể ngữ cảnh 6""]","[""Muốn demo ngay"", ""Không phải Busy: ngữ cảnh khác 466""]",confidence>= 0.71 nếu khớp >=1 trigger và không khớp counter,"Khi gặp Busy: xác nhận cảm xúc, hỏi 1 câu mở, đưa proof phù hợp.","[""cosmetics"", ""medical_devices""]"
INT-000467,Interested #467,interested_0467,Khách quan tâm,"[""hay"", ""cho xem"", ""biến thể ngữ cảnh 7""]","[""Từ chối cứng"", ""Không phải Interested: ngữ cảnh khác 467""]",confidence>= 0.72 nếu khớp >=1 trigger và không khớp counter,"Khi gặp Interested: xác nhận cảm xúc, hỏi 1 câu mở, đưa proof phù hợp.","[""home_appliances"", ""spa""]"
INT-000468,Ready To Buy #468,ready_to_buy_0468,Sẵn sàng mua,"[""chốt"", ""thanh toán"", ""biến thể ngữ cảnh 8""]","[""Chỉ hỏi cho vui"", ""Không phải Ready To Buy: ngữ cảnh khác 468""]",confidence>= 0.73 nếu khớp >=1 trigger và không khớp counter,"Khi gặp Ready To Buy: xác nhận cảm xúc, hỏi 1 câu mở, đưa proof phù hợp.","[""food"", ""education""]"
INT-000469,Fake Agreement #469,fake_agreement_0469,Đồng ý giả để kết thúc,"[""để xem đã"", ""ok nhưng"", ""biến thể ngữ cảnh 9""]","[""Yêu cầu hợp đồng ngay"", ""Không phải Fake Agreement: ngữ cảnh khác 469""]",confidence>= 0.74 nếu khớp >=1 trigger và không khớp counter,"Khi gặp Fake Agreement: xác nhận cảm xúc, hỏi 1 câu mở, đưa proof phù hợp.","[""electronics"", ""home_appliances""]"
INT-000470,Soft Rejection #470,soft_rejection_0470,Từ chối mềm,"[""chưa cần"", ""để sau"", ""biến thể ngữ cảnh 10""]","[""Hỏi lịch lắp đặt"", ""Không phải Soft Rejection: ngữ cảnh khác 470""]",confidence>= 0.75 nếu khớp >=1 trigger và không khớp counter,"Khi gặp Soft Rejection: xác nhận cảm xúc, hỏi 1 câu mở, đưa proof phù hợp.","[""furniture"", ""furniture""]"
INT-000471,Price Concern #471,price_concern_0471,Khách lo về giá hoặc ngân sách,"[""đắt"", ""mắc"", ""giảm giá"", ""biến thể ngữ cảnh 11""]","[""Chỉ hỏi cấu phần gói, không nhắc giá"", ""Không phải Price Concern: ngữ cảnh khác 471""]",confidence>= 0.76 nếu khớp >=1 trigger và không khớp counter,"Khi gặp Price Concern: xác nhận cảm xúc, hỏi 1 câu mở, đưa proof phù hợp.","[""logistics"", ""finance""]"
INT-000472,Need More Time #472,need_more_time_0472,Khách muốn trì hoãn quyết định,"[""để hôm khác"", ""cuối tháng"", ""biến thể ngữ cảnh 12""]","[""Đồng ý chốt ngay"", ""Không phải Need More Time: ngữ cảnh khác 472""]",confidence>= 0.77 nếu khớp >=1 trigger và không khớp counter,"Khi gặp Need More Time: xác nhận cảm xúc, hỏi 1 câu mở, đưa proof phù hợp.","[""travel"", ""repair""]"
INT-000473,Trust Issue #473,trust_issue_0473,Khách nghi ngờ uy tín,"[""lừa"", ""công ty ở đâu"", ""biến thể ngữ cảnh 13""]","[""Hỏi lịch giao hàng"", ""Không phải Trust Issue: ngữ cảnh khác 473""]",confidence>= 0.78 nếu khớp >=1 trigger và không khớp counter,"Khi gặp Trust Issue: xác nhận cảm xúc, hỏi 1 câu mở, đưa proof phù hợp.","[""finance"", ""b2b_services""]"
INT-000474,Decision Maker Missing #474,decision_maker_missing_0474,Thiếu người quyết định,"[""hỏi vợ"", ""hỏi sếp"", ""biến thể ngữ cảnh 14""]","[""Tự chốt một mình"", ""Không phải Decision Maker Missing: ngữ cảnh khác 474""]",confidence>= 0.79 nếu khớp >=1 trigger và không khớp counter,"Khi gặp Decision Maker Missing: xác nhận cảm xúc, hỏi 1 câu mở, đưa proof phù hợp.","[""fitness"", ""dental""]"
INT-000475,Competitor Comparison #475,competitor_comparison_0475,So sánh đối thủ,"[""bên kia"", ""rẻ hơn"", ""biến thể ngữ cảnh 15""]","[""Chỉ hỏi bảo hành"", ""Không phải Competitor Comparison: ngữ cảnh khác 475""]",confidence>= 0.80 nếu khớp >=1 trigger và không khớp counter,"Khi gặp Competitor Comparison: xác nhận cảm xúc, hỏi 1 câu mở, đưa proof phù hợp.","[""plumbing"", ""automotive""]"
INT-000476,Busy #476,busy_0476,Khách đang bận,"[""đang bận"", ""gọi lại"", ""biến thể ngữ cảnh 16""]","[""Muốn demo ngay"", ""Không phải Busy: ngữ cảnh khác 476""]",confidence>= 0.81 nếu khớp >=1 trigger và không khớp counter,"Khi gặp Busy: xác nhận cảm xúc, hỏi 1 câu mở, đưa proof phù hợp.","[""repair"", ""food""]"
INT-000477,Interested #477,interested_0477,Khách quan tâm,"[""hay"", ""cho xem"", ""biến thể ngữ cảnh 17""]","[""Từ chối cứng"", ""Không phải Interested: ngữ cảnh khác 477""]",confidence>= 0.82 nếu khớp >=1 trigger và không khớp counter,"Khi gặp Interested: xác nhận cảm xúc, hỏi 1 câu mở, đưa proof phù hợp.","[""camera"", ""logistics""]"
INT-000478,Ready To Buy #478,ready_to_buy_0478,Sẵn sàng mua,"[""chốt"", ""thanh toán"", ""biến thể ngữ cảnh 18""]","[""Chỉ hỏi cho vui"", ""Không phải Ready To Buy: ngữ cảnh khác 478""]",confidence>= 0.83 nếu khớp >=1 trigger và không khớp counter,"Khi gặp Ready To Buy: xác nhận cảm xúc, hỏi 1 câu mở, đưa proof phù hợp.","[""medical_devices"", ""fitness""]"
INT-000479,Fake Agreement #479,fake_agreement_0479,Đồng ý giả để kết thúc,"[""để xem đã"", ""ok nhưng"", ""biến thể ngữ cảnh 19""]","[""Yêu cầu hợp đồng ngay"", ""Không phải Fake Agreement: ngữ cảnh khác 479""]",confidence>= 0.84 nếu khớp >=1 trigger và không khớp counter,"Khi gặp Fake Agreement: xác nhận cảm xúc, hỏi 1 câu mở, đưa proof phù hợp.","[""b2b_services"", ""camera""]"
INT-000480,Soft Rejection #480,soft_rejection_0480,Từ chối mềm,"[""chưa cần"", ""để sau"", ""biến thể ngữ cảnh 20""]","[""Hỏi lịch lắp đặt"", ""Không phải Soft Rejection: ngữ cảnh khác 480""]",confidence>= 0.55 nếu khớp >=1 trigger và không khớp counter,"Khi gặp Soft Rejection: xác nhận cảm xúc, hỏi 1 câu mở, đưa proof phù hợp.","[""real_estate"", ""real_estate""]"
INT-000481,Price Concern #481,price_concern_0481,Khách lo về giá hoặc ngân sách,"[""đắt"", ""mắc"", ""giảm giá"", ""biến thể ngữ cảnh 21""]","[""Chỉ hỏi cấu phần gói, không nhắc giá"", ""Không phải Price Concern: ngữ cảnh khác 481""]",confidence>= 0.56 nếu khớp >=1 trigger và không khớp counter,"Khi gặp Price Concern: xác nhận cảm xúc, hỏi 1 câu mở, đưa proof phù hợp.","[""spa"", ""insurance""]"
INT-000482,Need More Time #482,need_more_time_0482,Khách muốn trì hoãn quyết định,"[""để hôm khác"", ""cuối tháng"", ""biến thể ngữ cảnh 22""]","[""Đồng ý chốt ngay"", ""Không phải Need More Time: ngữ cảnh khác 482""]",confidence>= 0.57 nếu khớp >=1 trigger và không khớp counter,"Khi gặp Need More Time: xác nhận cảm xúc, hỏi 1 câu mở, đưa proof phù hợp.","[""dental"", ""cosmetics""]"
INT-000483,Trust Issue #483,trust_issue_0483,Khách nghi ngờ uy tín,"[""lừa"", ""công ty ở đâu"", ""biến thể ngữ cảnh 0""]","[""Hỏi lịch giao hàng"", ""Không phải Trust Issue: ngữ cảnh khác 483""]",confidence>= 0.58 nếu khớp >=1 trigger và không khớp counter,"Khi gặp Trust Issue: xác nhận cảm xúc, hỏi 1 câu mở, đưa proof phù hợp.","[""insurance"", ""electronics""]"
INT-000484,Decision Maker Missing #484,decision_maker_missing_0484,Thiếu người quyết định,"[""hỏi vợ"", ""hỏi sếp"", ""biến thể ngữ cảnh 1""]","[""Tự chốt một mình"", ""Không phải Decision Maker Missing: ngữ cảnh khác 484""]",confidence>= 0.59 nếu khớp >=1 trigger và không khớp counter,"Khi gặp Decision Maker Missing: xác nhận cảm xúc, hỏi 1 câu mở, đưa proof phù hợp.","[""education"", ""travel""]"
INT-000485,Competitor Comparison #485,competitor_comparison_0485,So sánh đối thủ,"[""bên kia"", ""rẻ hơn"", ""biến thể ngữ cảnh 2""]","[""Chỉ hỏi bảo hành"", ""Không phải Competitor Comparison: ngữ cảnh khác 485""]",confidence>= 0.60 nếu khớp >=1 trigger và không khớp counter,"Khi gặp Competitor Comparison: xác nhận cảm xúc, hỏi 1 câu mở, đưa proof phù hợp.","[""automotive"", ""plumbing""]"
INT-000486,Busy #486,busy_0486,Khách đang bận,"[""đang bận"", ""gọi lại"", ""biến thể ngữ cảnh 3""]","[""Muốn demo ngay"", ""Không phải Busy: ngữ cảnh khác 486""]",confidence>= 0.61 nếu khớp >=1 trigger và không khớp counter,"Khi gặp Busy: xác nhận cảm xúc, hỏi 1 câu mở, đưa proof phù hợp.","[""cosmetics"", ""medical_devices""]"
INT-000487,Interested #487,interested_0487,Khách quan tâm,"[""hay"", ""cho xem"", ""biến thể ngữ cảnh 4""]","[""Từ chối cứng"", ""Không phải Interested: ngữ cảnh khác 487""]",confidence>= 0.62 nếu khớp >=1 trigger và không khớp counter,"Khi gặp Interested: xác nhận cảm xúc, hỏi 1 câu mở, đưa proof phù hợp.","[""home_appliances"", ""spa""]"
INT-000488,Ready To Buy #488,ready_to_buy_0488,Sẵn sàng mua,"[""chốt"", ""thanh toán"", ""biến thể ngữ cảnh 5""]","[""Chỉ hỏi cho vui"", ""Không phải Ready To Buy: ngữ cảnh khác 488""]",confidence>= 0.63 nếu khớp >=1 trigger và không khớp counter,"Khi gặp Ready To Buy: xác nhận cảm xúc, hỏi 1 câu mở, đưa proof phù hợp.","[""food"", ""education""]"
INT-000489,Fake Agreement #489,fake_agreement_0489,Đồng ý giả để kết thúc,"[""để xem đã"", ""ok nhưng"", ""biến thể ngữ cảnh 6""]","[""Yêu cầu hợp đồng ngay"", ""Không phải Fake Agreement: ngữ cảnh khác 489""]",confidence>= 0.64 nếu khớp >=1 trigger và không khớp counter,"Khi gặp Fake Agreement: xác nhận cảm xúc, hỏi 1 câu mở, đưa proof phù hợp.","[""electronics"", ""home_appliances""]"
INT-000490,Soft Rejection #490,soft_rejection_0490,Từ chối mềm,"[""chưa cần"", ""để sau"", ""biến thể ngữ cảnh 7""]","[""Hỏi lịch lắp đặt"", ""Không phải Soft Rejection: ngữ cảnh khác 490""]",confidence>= 0.65 nếu khớp >=1 trigger và không khớp counter,"Khi gặp Soft Rejection: xác nhận cảm xúc, hỏi 1 câu mở, đưa proof phù hợp.","[""furniture"", ""furniture""]"
INT-000491,Price Concern #491,price_concern_0491,Khách lo về giá hoặc ngân sách,"[""đắt"", ""mắc"", ""giảm giá"", ""biến thể ngữ cảnh 8""]","[""Chỉ hỏi cấu phần gói, không nhắc giá"", ""Không phải Price Concern: ngữ cảnh khác 491""]",confidence>= 0.66 nếu khớp >=1 trigger và không khớp counter,"Khi gặp Price Concern: xác nhận cảm xúc, hỏi 1 câu mở, đưa proof phù hợp.","[""logistics"", ""finance""]"
INT-000492,Need More Time #492,need_more_time_0492,Khách muốn trì hoãn quyết định,"[""để hôm khác"", ""cuối tháng"", ""biến thể ngữ cảnh 9""]","[""Đồng ý chốt ngay"", ""Không phải Need More Time: ngữ cảnh khác 492""]",confidence>= 0.67 nếu khớp >=1 trigger và không khớp counter,"Khi gặp Need More Time: xác nhận cảm xúc, hỏi 1 câu mở, đưa proof phù hợp.","[""travel"", ""repair""]"
INT-000493,Trust Issue #493,trust_issue_0493,Khách nghi ngờ uy tín,"[""lừa"", ""công ty ở đâu"", ""biến thể ngữ cảnh 10""]","[""Hỏi lịch giao hàng"", ""Không phải Trust Issue: ngữ cảnh khác 493""]",confidence>= 0.68 nếu khớp >=1 trigger và không khớp counter,"Khi gặp Trust Issue: xác nhận cảm xúc, hỏi 1 câu mở, đưa proof phù hợp.","[""finance"", ""b2b_services""]"
INT-000494,Decision Maker Missing #494,decision_maker_missing_0494,Thiếu người quyết định,"[""hỏi vợ"", ""hỏi sếp"", ""biến thể ngữ cảnh 11""]","[""Tự chốt một mình"", ""Không phải Decision Maker Missing: ngữ cảnh khác 494""]",confidence>= 0.69 nếu khớp >=1 trigger và không khớp counter,"Khi gặp Decision Maker Missing: xác nhận cảm xúc, hỏi 1 câu mở, đưa proof phù hợp.","[""fitness"", ""dental""]"
INT-000495,Competitor Comparison #495,competitor_comparison_0495,So sánh đối thủ,"[""bên kia"", ""rẻ hơn"", ""biến thể ngữ cảnh 12""]","[""Chỉ hỏi bảo hành"", ""Không phải Competitor Comparison: ngữ cảnh khác 495""]",confidence>= 0.70 nếu khớp >=1 trigger và không khớp counter,"Khi gặp Competitor Comparison: xác nhận cảm xúc, hỏi 1 câu mở, đưa proof phù hợp.","[""plumbing"", ""automotive""]"
INT-000496,Busy #496,busy_0496,Khách đang bận,"[""đang bận"", ""gọi lại"", ""biến thể ngữ cảnh 13""]","[""Muốn demo ngay"", ""Không phải Busy: ngữ cảnh khác 496""]",confidence>= 0.71 nếu khớp >=1 trigger và không khớp counter,"Khi gặp Busy: xác nhận cảm xúc, hỏi 1 câu mở, đưa proof phù hợp.","[""repair"", ""food""]"
INT-000497,Interested #497,interested_0497,Khách quan tâm,"[""hay"", ""cho xem"", ""biến thể ngữ cảnh 14""]","[""Từ chối cứng"", ""Không phải Interested: ngữ cảnh khác 497""]",confidence>= 0.72 nếu khớp >=1 trigger và không khớp counter,"Khi gặp Interested: xác nhận cảm xúc, hỏi 1 câu mở, đưa proof phù hợp.","[""camera"", ""logistics""]"
INT-000498,Ready To Buy #498,ready_to_buy_0498,Sẵn sàng mua,"[""chốt"", ""thanh toán"", ""biến thể ngữ cảnh 15""]","[""Chỉ hỏi cho vui"", ""Không phải Ready To Buy: ngữ cảnh khác 498""]",confidence>= 0.73 nếu khớp >=1 trigger và không khớp counter,"Khi gặp Ready To Buy: xác nhận cảm xúc, hỏi 1 câu mở, đưa proof phù hợp.","[""medical_devices"", ""fitness""]"
INT-000499,Fake Agreement #499,fake_agreement_0499,Đồng ý giả để kết thúc,"[""để xem đã"", ""ok nhưng"", ""biến thể ngữ cảnh 16""]","[""Yêu cầu hợp đồng ngay"", ""Không phải Fake Agreement: ngữ cảnh khác 499""]",confidence>= 0.74 nếu khớp >=1 trigger và không khớp counter,"Khi gặp Fake Agreement: xác nhận cảm xúc, hỏi 1 câu mở, đưa proof phù hợp.","[""b2b_services"", ""camera""]"
INT-000500,Soft Rejection #500,soft_rejection_0500,Từ chối mềm,"[""chưa cần"", ""để sau"", ""biến thể ngữ cảnh 17""]","[""Hỏi lịch lắp đặt"", ""Không phải Soft Rejection: ngữ cảnh khác 500""]",confidence>= 0.75 nếu khớp >=1 trigger và không khớp counter,"Khi gặp Soft Rejection: xác nhận cảm xúc, hỏi 1 câu mở, đưa proof phù hợp.","[""real_estate"", ""real_estate""]"
INT-000501,Price Concern #501,price_concern_0501,Khách lo về giá hoặc ngân sách,"[""đắt"", ""mắc"", ""giảm giá"", ""biến thể ngữ cảnh 18""]","[""Chỉ hỏi cấu phần gói, không nhắc giá"", ""Không phải Price Concern: ngữ cảnh khác 501""]",confidence>= 0.76 nếu khớp >=1 trigger và không khớp counter,"Khi gặp Price Concern: xác nhận cảm xúc, hỏi 1 câu mở, đưa proof phù hợp.","[""spa"", ""insurance""]"
INT-000502,Need More Time #502,need_more_time_0502,Khách muốn trì hoãn quyết định,"[""để hôm khác"", ""cuối tháng"", ""biến thể ngữ cảnh 19""]","[""Đồng ý chốt ngay"", ""Không phải Need More Time: ngữ cảnh khác 502""]",confidence>= 0.77 nếu khớp >=1 trigger và không khớp counter,"Khi gặp Need More Time: xác nhận cảm xúc, hỏi 1 câu mở, đưa proof phù hợp.","[""dental"", ""cosmetics""]"
INT-000503,Trust Issue #503,trust_issue_0503,Khách nghi ngờ uy tín,"[""lừa"", ""công ty ở đâu"", ""biến thể ngữ cảnh 20""]","[""Hỏi lịch giao hàng"", ""Không phải Trust Issue: ngữ cảnh khác 503""]",confidence>= 0.78 nếu khớp >=1 trigger và không khớp counter,"Khi gặp Trust Issue: xác nhận cảm xúc, hỏi 1 câu mở, đưa proof phù hợp.","[""insurance"", ""electronics""]"
INT-000504,Decision Maker Missing #504,decision_maker_missing_0504,Thiếu người quyết định,"[""hỏi vợ"", ""hỏi sếp"", ""biến thể ngữ cảnh 21""]","[""Tự chốt một mình"", ""Không phải Decision Maker Missing: ngữ cảnh khác 504""]",confidence>= 0.79 nếu khớp >=1 trigger và không khớp counter,"Khi gặp Decision Maker Missing: xác nhận cảm xúc, hỏi 1 câu mở, đưa proof phù hợp.","[""education"", ""travel""]"
INT-000505,Competitor Comparison #505,competitor_comparison_0505,So sánh đối thủ,"[""bên kia"", ""rẻ hơn"", ""biến thể ngữ cảnh 22""]","[""Chỉ hỏi bảo hành"", ""Không phải Competitor Comparison: ngữ cảnh khác 505""]",confidence>= 0.80 nếu khớp >=1 trigger và không khớp counter,"Khi gặp Competitor Comparison: xác nhận cảm xúc, hỏi 1 câu mở, đưa proof phù hợp.","[""automotive"", ""plumbing""]"
INT-000506,Busy #506,busy_0506,Khách đang bận,"[""đang bận"", ""gọi lại"", ""biến thể ngữ cảnh 0""]","[""Muốn demo ngay"", ""Không phải Busy: ngữ cảnh khác 506""]",confidence>= 0.81 nếu khớp >=1 trigger và không khớp counter,"Khi gặp Busy: xác nhận cảm xúc, hỏi 1 câu mở, đưa proof phù hợp.","[""cosmetics"", ""medical_devices""]"
INT-000507,Interested #507,interested_0507,Khách quan tâm,"[""hay"", ""cho xem"", ""biến thể ngữ cảnh 1""]","[""Từ chối cứng"", ""Không phải Interested: ngữ cảnh khác 507""]",confidence>= 0.82 nếu khớp >=1 trigger và không khớp counter,"Khi gặp Interested: xác nhận cảm xúc, hỏi 1 câu mở, đưa proof phù hợp.","[""home_appliances"", ""spa""]"
INT-000508,Ready To Buy #508,ready_to_buy_0508,Sẵn sàng mua,"[""chốt"", ""thanh toán"", ""biến thể ngữ cảnh 2""]","[""Chỉ hỏi cho vui"", ""Không phải Ready To Buy: ngữ cảnh khác 508""]",confidence>= 0.83 nếu khớp >=1 trigger và không khớp counter,"Khi gặp Ready To Buy: xác nhận cảm xúc, hỏi 1 câu mở, đưa proof phù hợp.","[""food"", ""education""]"
INT-000509,Fake Agreement #509,fake_agreement_0509,Đồng ý giả để kết thúc,"[""để xem đã"", ""ok nhưng"", ""biến thể ngữ cảnh 3""]","[""Yêu cầu hợp đồng ngay"", ""Không phải Fake Agreement: ngữ cảnh khác 509""]",confidence>= 0.84 nếu khớp >=1 trigger và không khớp counter,"Khi gặp Fake Agreement: xác nhận cảm xúc, hỏi 1 câu mở, đưa proof phù hợp.","[""electronics"", ""home_appliances""]"
INT-000510,Soft Rejection #510,soft_rejection_0510,Từ chối mềm,"[""chưa cần"", ""để sau"", ""biến thể ngữ cảnh 4""]","[""Hỏi lịch lắp đặt"", ""Không phải Soft Rejection: ngữ cảnh khác 510""]",confidence>= 0.55 nếu khớp >=1 trigger và không khớp counter,"Khi gặp Soft Rejection: xác nhận cảm xúc, hỏi 1 câu mở, đưa proof phù hợp.","[""furniture"", ""furniture""]"
INT-000511,Price Concern #511,price_concern_0511,Khách lo về giá hoặc ngân sách,"[""đắt"", ""mắc"", ""giảm giá"", ""biến thể ngữ cảnh 5""]","[""Chỉ hỏi cấu phần gói, không nhắc giá"", ""Không phải Price Concern: ngữ cảnh khác 511""]",confidence>= 0.56 nếu khớp >=1 trigger và không khớp counter,"Khi gặp Price Concern: xác nhận cảm xúc, hỏi 1 câu mở, đưa proof phù hợp.","[""logistics"", ""finance""]"
INT-000512,Need More Time #512,need_more_time_0512,Khách muốn trì hoãn quyết định,"[""để hôm khác"", ""cuối tháng"", ""biến thể ngữ cảnh 6""]","[""Đồng ý chốt ngay"", ""Không phải Need More Time: ngữ cảnh khác 512""]",confidence>= 0.57 nếu khớp >=1 trigger và không khớp counter,"Khi gặp Need More Time: xác nhận cảm xúc, hỏi 1 câu mở, đưa proof phù hợp.","[""travel"", ""repair""]"
INT-000513,Trust Issue #513,trust_issue_0513,Khách nghi ngờ uy tín,"[""lừa"", ""công ty ở đâu"", ""biến thể ngữ cảnh 7""]","[""Hỏi lịch giao hàng"", ""Không phải Trust Issue: ngữ cảnh khác 513""]",confidence>= 0.58 nếu khớp >=1 trigger và không khớp counter,"Khi gặp Trust Issue: xác nhận cảm xúc, hỏi 1 câu mở, đưa proof phù hợp.","[""finance"", ""b2b_services""]"
INT-000514,Decision Maker Missing #514,decision_maker_missing_0514,Thiếu người quyết định,"[""hỏi vợ"", ""hỏi sếp"", ""biến thể ngữ cảnh 8""]","[""Tự chốt một mình"", ""Không phải Decision Maker Missing: ngữ cảnh khác 514""]",confidence>= 0.59 nếu khớp >=1 trigger và không khớp counter,"Khi gặp Decision Maker Missing: xác nhận cảm xúc, hỏi 1 câu mở, đưa proof phù hợp.","[""fitness"", ""dental""]"
INT-000515,Competitor Comparison #515,competitor_comparison_0515,So sánh đối thủ,"[""bên kia"", ""rẻ hơn"", ""biến thể ngữ cảnh 9""]","[""Chỉ hỏi bảo hành"", ""Không phải Competitor Comparison: ngữ cảnh khác 515""]",confidence>= 0.60 nếu khớp >=1 trigger và không khớp counter,"Khi gặp Competitor Comparison: xác nhận cảm xúc, hỏi 1 câu mở, đưa proof phù hợp.","[""plumbing"", ""automotive""]"
INT-000516,Busy #516,busy_0516,Khách đang bận,"[""đang bận"", ""gọi lại"", ""biến thể ngữ cảnh 10""]","[""Muốn demo ngay"", ""Không phải Busy: ngữ cảnh khác 516""]",confidence>= 0.61 nếu khớp >=1 trigger và không khớp counter,"Khi gặp Busy: xác nhận cảm xúc, hỏi 1 câu mở, đưa proof phù hợp.","[""repair"", ""food""]"
INT-000517,Interested #517,interested_0517,Khách quan tâm,"[""hay"", ""cho xem"", ""biến thể ngữ cảnh 11""]","[""Từ chối cứng"", ""Không phải Interested: ngữ cảnh khác 517""]",confidence>= 0.62 nếu khớp >=1 trigger và không khớp counter,"Khi gặp Interested: xác nhận cảm xúc, hỏi 1 câu mở, đưa proof phù hợp.","[""camera"", ""logistics""]"
INT-000518,Ready To Buy #518,ready_to_buy_0518,Sẵn sàng mua,"[""chốt"", ""thanh toán"", ""biến thể ngữ cảnh 12""]","[""Chỉ hỏi cho vui"", ""Không phải Ready To Buy: ngữ cảnh khác 518""]",confidence>= 0.63 nếu khớp >=1 trigger và không khớp counter,"Khi gặp Ready To Buy: xác nhận cảm xúc, hỏi 1 câu mở, đưa proof phù hợp.","[""medical_devices"", ""fitness""]"
INT-000519,Fake Agreement #519,fake_agreement_0519,Đồng ý giả để kết thúc,"[""để xem đã"", ""ok nhưng"", ""biến thể ngữ cảnh 13""]","[""Yêu cầu hợp đồng ngay"", ""Không phải Fake Agreement: ngữ cảnh khác 519""]",confidence>= 0.64 nếu khớp >=1 trigger và không khớp counter,"Khi gặp Fake Agreement: xác nhận cảm xúc, hỏi 1 câu mở, đưa proof phù hợp.","[""b2b_services"", ""camera""]"
INT-000520,Soft Rejection #520,soft_rejection_0520,Từ chối mềm,"[""chưa cần"", ""để sau"", ""biến thể ngữ cảnh 14""]","[""Hỏi lịch lắp đặt"", ""Không phải Soft Rejection: ngữ cảnh khác 520""]",confidence>= 0.65 nếu khớp >=1 trigger và không khớp counter,"Khi gặp Soft Rejection: xác nhận cảm xúc, hỏi 1 câu mở, đưa proof phù hợp.","[""real_estate"", ""real_estate""]"
INT-000521,Price Concern #521,price_concern_0521,Khách lo về giá hoặc ngân sách,"[""đắt"", ""mắc"", ""giảm giá"", ""biến thể ngữ cảnh 15""]","[""Chỉ hỏi cấu phần gói, không nhắc giá"", ""Không phải Price Concern: ngữ cảnh khác 521""]",confidence>= 0.66 nếu khớp >=1 trigger và không khớp counter,"Khi gặp Price Concern: xác nhận cảm xúc, hỏi 1 câu mở, đưa proof phù hợp.","[""spa"", ""insurance""]"
INT-000522,Need More Time #522,need_more_time_0522,Khách muốn trì hoãn quyết định,"[""để hôm khác"", ""cuối tháng"", ""biến thể ngữ cảnh 16""]","[""Đồng ý chốt ngay"", ""Không phải Need More Time: ngữ cảnh khác 522""]",confidence>= 0.67 nếu khớp >=1 trigger và không khớp counter,"Khi gặp Need More Time: xác nhận cảm xúc, hỏi 1 câu mở, đưa proof phù hợp.","[""dental"", ""cosmetics""]"
INT-000523,Trust Issue #523,trust_issue_0523,Khách nghi ngờ uy tín,"[""lừa"", ""công ty ở đâu"", ""biến thể ngữ cảnh 17""]","[""Hỏi lịch giao hàng"", ""Không phải Trust Issue: ngữ cảnh khác 523""]",confidence>= 0.68 nếu khớp >=1 trigger và không khớp counter,"Khi gặp Trust Issue: xác nhận cảm xúc, hỏi 1 câu mở, đưa proof phù hợp.","[""insurance"", ""electronics""]"
INT-000524,Decision Maker Missing #524,decision_maker_missing_0524,Thiếu người quyết định,"[""hỏi vợ"", ""hỏi sếp"", ""biến thể ngữ cảnh 18""]","[""Tự chốt một mình"", ""Không phải Decision Maker Missing: ngữ cảnh khác 524""]",confidence>= 0.69 nếu khớp >=1 trigger và không khớp counter,"Khi gặp Decision Maker Missing: xác nhận cảm xúc, hỏi 1 câu mở, đưa proof phù hợp.","[""education"", ""travel""]"
INT-000525,Competitor Comparison #525,competitor_comparison_0525,So sánh đối thủ,"[""bên kia"", ""rẻ hơn"", ""biến thể ngữ cảnh 19""]","[""Chỉ hỏi bảo hành"", ""Không phải Competitor Comparison: ngữ cảnh khác 525""]",confidence>= 0.70 nếu khớp >=1 trigger và không khớp counter,"Khi gặp Competitor Comparison: xác nhận cảm xúc, hỏi 1 câu mở, đưa proof phù hợp.","[""automotive"", ""plumbing""]"
INT-000526,Busy #526,busy_0526,Khách đang bận,"[""đang bận"", ""gọi lại"", ""biến thể ngữ cảnh 20""]","[""Muốn demo ngay"", ""Không phải Busy: ngữ cảnh khác 526""]",confidence>= 0.71 nếu khớp >=1 trigger và không khớp counter,"Khi gặp Busy: xác nhận cảm xúc, hỏi 1 câu mở, đưa proof phù hợp.","[""cosmetics"", ""medical_devices""]"
INT-000527,Interested #527,interested_0527,Khách quan tâm,"[""hay"", ""cho xem"", ""biến thể ngữ cảnh 21""]","[""Từ chối cứng"", ""Không phải Interested: ngữ cảnh khác 527""]",confidence>= 0.72 nếu khớp >=1 trigger và không khớp counter,"Khi gặp Interested: xác nhận cảm xúc, hỏi 1 câu mở, đưa proof phù hợp.","[""home_appliances"", ""spa""]"
INT-000528,Ready To Buy #528,ready_to_buy_0528,Sẵn sàng mua,"[""chốt"", ""thanh toán"", ""biến thể ngữ cảnh 22""]","[""Chỉ hỏi cho vui"", ""Không phải Ready To Buy: ngữ cảnh khác 528""]",confidence>= 0.73 nếu khớp >=1 trigger và không khớp counter,"Khi gặp Ready To Buy: xác nhận cảm xúc, hỏi 1 câu mở, đưa proof phù hợp.","[""food"", ""education""]"
INT-000529,Fake Agreement #529,fake_agreement_0529,Đồng ý giả để kết thúc,"[""để xem đã"", ""ok nhưng"", ""biến thể ngữ cảnh 0""]","[""Yêu cầu hợp đồng ngay"", ""Không phải Fake Agreement: ngữ cảnh khác 529""]",confidence>= 0.74 nếu khớp >=1 trigger và không khớp counter,"Khi gặp Fake Agreement: xác nhận cảm xúc, hỏi 1 câu mở, đưa proof phù hợp.","[""electronics"", ""home_appliances""]"
INT-000530,Soft Rejection #530,soft_rejection_0530,Từ chối mềm,"[""chưa cần"", ""để sau"", ""biến thể ngữ cảnh 1""]","[""Hỏi lịch lắp đặt"", ""Không phải Soft Rejection: ngữ cảnh khác 530""]",confidence>= 0.75 nếu khớp >=1 trigger và không khớp counter,"Khi gặp Soft Rejection: xác nhận cảm xúc, hỏi 1 câu mở, đưa proof phù hợp.","[""furniture"", ""furniture""]"
INT-000531,Price Concern #531,price_concern_0531,Khách lo về giá hoặc ngân sách,"[""đắt"", ""mắc"", ""giảm giá"", ""biến thể ngữ cảnh 2""]","[""Chỉ hỏi cấu phần gói, không nhắc giá"", ""Không phải Price Concern: ngữ cảnh khác 531""]",confidence>= 0.76 nếu khớp >=1 trigger và không khớp counter,"Khi gặp Price Concern: xác nhận cảm xúc, hỏi 1 câu mở, đưa proof phù hợp.","[""logistics"", ""finance""]"
INT-000532,Need More Time #532,need_more_time_0532,Khách muốn trì hoãn quyết định,"[""để hôm khác"", ""cuối tháng"", ""biến thể ngữ cảnh 3""]","[""Đồng ý chốt ngay"", ""Không phải Need More Time: ngữ cảnh khác 532""]",confidence>= 0.77 nếu khớp >=1 trigger và không khớp counter,"Khi gặp Need More Time: xác nhận cảm xúc, hỏi 1 câu mở, đưa proof phù hợp.","[""travel"", ""repair""]"
INT-000533,Trust Issue #533,trust_issue_0533,Khách nghi ngờ uy tín,"[""lừa"", ""công ty ở đâu"", ""biến thể ngữ cảnh 4""]","[""Hỏi lịch giao hàng"", ""Không phải Trust Issue: ngữ cảnh khác 533""]",confidence>= 0.78 nếu khớp >=1 trigger và không khớp counter,"Khi gặp Trust Issue: xác nhận cảm xúc, hỏi 1 câu mở, đưa proof phù hợp.","[""finance"", ""b2b_services""]"
INT-000534,Decision Maker Missing #534,decision_maker_missing_0534,Thiếu người quyết định,"[""hỏi vợ"", ""hỏi sếp"", ""biến thể ngữ cảnh 5""]","[""Tự chốt một mình"", ""Không phải Decision Maker Missing: ngữ cảnh khác 534""]",confidence>= 0.79 nếu khớp >=1 trigger và không khớp counter,"Khi gặp Decision Maker Missing: xác nhận cảm xúc, hỏi 1 câu mở, đưa proof phù hợp.","[""fitness"", ""dental""]"
INT-000535,Competitor Comparison #535,competitor_comparison_0535,So sánh đối thủ,"[""bên kia"", ""rẻ hơn"", ""biến thể ngữ cảnh 6""]","[""Chỉ hỏi bảo hành"", ""Không phải Competitor Comparison: ngữ cảnh khác 535""]",confidence>= 0.80 nếu khớp >=1 trigger và không khớp counter,"Khi gặp Competitor Comparison: xác nhận cảm xúc, hỏi 1 câu mở, đưa proof phù hợp.","[""plumbing"", ""automotive""]"
INT-000536,Busy #536,busy_0536,Khách đang bận,"[""đang bận"", ""gọi lại"", ""biến thể ngữ cảnh 7""]","[""Muốn demo ngay"", ""Không phải Busy: ngữ cảnh khác 536""]",confidence>= 0.81 nếu khớp >=1 trigger và không khớp counter,"Khi gặp Busy: xác nhận cảm xúc, hỏi 1 câu mở, đưa proof phù hợp.","[""repair"", ""food""]"
INT-000537,Interested #537,interested_0537,Khách quan tâm,"[""hay"", ""cho xem"", ""biến thể ngữ cảnh 8""]","[""Từ chối cứng"", ""Không phải Interested: ngữ cảnh khác 537""]",confidence>= 0.82 nếu khớp >=1 trigger và không khớp counter,"Khi gặp Interested: xác nhận cảm xúc, hỏi 1 câu mở, đưa proof phù hợp.","[""camera"", ""logistics""]"
INT-000538,Ready To Buy #538,ready_to_buy_0538,Sẵn sàng mua,"[""chốt"", ""thanh toán"", ""biến thể ngữ cảnh 9""]","[""Chỉ hỏi cho vui"", ""Không phải Ready To Buy: ngữ cảnh khác 538""]",confidence>= 0.83 nếu khớp >=1 trigger và không khớp counter,"Khi gặp Ready To Buy: xác nhận cảm xúc, hỏi 1 câu mở, đưa proof phù hợp.","[""medical_devices"", ""fitness""]"
INT-000539,Fake Agreement #539,fake_agreement_0539,Đồng ý giả để kết thúc,"[""để xem đã"", ""ok nhưng"", ""biến thể ngữ cảnh 10""]","[""Yêu cầu hợp đồng ngay"", ""Không phải Fake Agreement: ngữ cảnh khác 539""]",confidence>= 0.84 nếu khớp >=1 trigger và không khớp counter,"Khi gặp Fake Agreement: xác nhận cảm xúc, hỏi 1 câu mở, đưa proof phù hợp.","[""b2b_services"", ""camera""]"
INT-000540,Soft Rejection #540,soft_rejection_0540,Từ chối mềm,"[""chưa cần"", ""để sau"", ""biến thể ngữ cảnh 11""]","[""Hỏi lịch lắp đặt"", ""Không phải Soft Rejection: ngữ cảnh khác 540""]",confidence>= 0.55 nếu khớp >=1 trigger và không khớp counter,"Khi gặp Soft Rejection: xác nhận cảm xúc, hỏi 1 câu mở, đưa proof phù hợp.","[""real_estate"", ""real_estate""]"
INT-000541,Price Concern #541,price_concern_0541,Khách lo về giá hoặc ngân sách,"[""đắt"", ""mắc"", ""giảm giá"", ""biến thể ngữ cảnh 12""]","[""Chỉ hỏi cấu phần gói, không nhắc giá"", ""Không phải Price Concern: ngữ cảnh khác 541""]",confidence>= 0.56 nếu khớp >=1 trigger và không khớp counter,"Khi gặp Price Concern: xác nhận cảm xúc, hỏi 1 câu mở, đưa proof phù hợp.","[""spa"", ""insurance""]"
INT-000542,Need More Time #542,need_more_time_0542,Khách muốn trì hoãn quyết định,"[""để hôm khác"", ""cuối tháng"", ""biến thể ngữ cảnh 13""]","[""Đồng ý chốt ngay"", ""Không phải Need More Time: ngữ cảnh khác 542""]",confidence>= 0.57 nếu khớp >=1 trigger và không khớp counter,"Khi gặp Need More Time: xác nhận cảm xúc, hỏi 1 câu mở, đưa proof phù hợp.","[""dental"", ""cosmetics""]"
INT-000543,Trust Issue #543,trust_issue_0543,Khách nghi ngờ uy tín,"[""lừa"", ""công ty ở đâu"", ""biến thể ngữ cảnh 14""]","[""Hỏi lịch giao hàng"", ""Không phải Trust Issue: ngữ cảnh khác 543""]",confidence>= 0.58 nếu khớp >=1 trigger và không khớp counter,"Khi gặp Trust Issue: xác nhận cảm xúc, hỏi 1 câu mở, đưa proof phù hợp.","[""insurance"", ""electronics""]"
INT-000544,Decision Maker Missing #544,decision_maker_missing_0544,Thiếu người quyết định,"[""hỏi vợ"", ""hỏi sếp"", ""biến thể ngữ cảnh 15""]","[""Tự chốt một mình"", ""Không phải Decision Maker Missing: ngữ cảnh khác 544""]",confidence>= 0.59 nếu khớp >=1 trigger và không khớp counter,"Khi gặp Decision Maker Missing: xác nhận cảm xúc, hỏi 1 câu mở, đưa proof phù hợp.","[""education"", ""travel""]"
INT-000545,Competitor Comparison #545,competitor_comparison_0545,So sánh đối thủ,"[""bên kia"", ""rẻ hơn"", ""biến thể ngữ cảnh 16""]","[""Chỉ hỏi bảo hành"", ""Không phải Competitor Comparison: ngữ cảnh khác 545""]",confidence>= 0.60 nếu khớp >=1 trigger và không khớp counter,"Khi gặp Competitor Comparison: xác nhận cảm xúc, hỏi 1 câu mở, đưa proof phù hợp.","[""automotive"", ""plumbing""]"
INT-000546,Busy #546,busy_0546,Khách đang bận,"[""đang bận"", ""gọi lại"", ""biến thể ngữ cảnh 17""]","[""Muốn demo ngay"", ""Không phải Busy: ngữ cảnh khác 546""]",confidence>= 0.61 nếu khớp >=1 trigger và không khớp counter,"Khi gặp Busy: xác nhận cảm xúc, hỏi 1 câu mở, đưa proof phù hợp.","[""cosmetics"", ""medical_devices""]"
INT-000547,Interested #547,interested_0547,Khách quan tâm,"[""hay"", ""cho xem"", ""biến thể ngữ cảnh 18""]","[""Từ chối cứng"", ""Không phải Interested: ngữ cảnh khác 547""]",confidence>= 0.62 nếu khớp >=1 trigger và không khớp counter,"Khi gặp Interested: xác nhận cảm xúc, hỏi 1 câu mở, đưa proof phù hợp.","[""home_appliances"", ""spa""]"
INT-000548,Ready To Buy #548,ready_to_buy_0548,Sẵn sàng mua,"[""chốt"", ""thanh toán"", ""biến thể ngữ cảnh 19""]","[""Chỉ hỏi cho vui"", ""Không phải Ready To Buy: ngữ cảnh khác 548""]",confidence>= 0.63 nếu khớp >=1 trigger và không khớp counter,"Khi gặp Ready To Buy: xác nhận cảm xúc, hỏi 1 câu mở, đưa proof phù hợp.","[""food"", ""education""]"
INT-000549,Fake Agreement #549,fake_agreement_0549,Đồng ý giả để kết thúc,"[""để xem đã"", ""ok nhưng"", ""biến thể ngữ cảnh 20""]","[""Yêu cầu hợp đồng ngay"", ""Không phải Fake Agreement: ngữ cảnh khác 549""]",confidence>= 0.64 nếu khớp >=1 trigger và không khớp counter,"Khi gặp Fake Agreement: xác nhận cảm xúc, hỏi 1 câu mở, đưa proof phù hợp.","[""electronics"", ""home_appliances""]"
INT-000550,Soft Rejection #550,soft_rejection_0550,Từ chối mềm,"[""chưa cần"", ""để sau"", ""biến thể ngữ cảnh 21""]","[""Hỏi lịch lắp đặt"", ""Không phải Soft Rejection: ngữ cảnh khác 550""]",confidence>= 0.65 nếu khớp >=1 trigger và không khớp counter,"Khi gặp Soft Rejection: xác nhận cảm xúc, hỏi 1 câu mở, đưa proof phù hợp.","[""furniture"", ""furniture""]"
INT-000551,Price Concern #551,price_concern_0551,Khách lo về giá hoặc ngân sách,"[""đắt"", ""mắc"", ""giảm giá"", ""biến thể ngữ cảnh 22""]","[""Chỉ hỏi cấu phần gói, không nhắc giá"", ""Không phải Price Concern: ngữ cảnh khác 551""]",confidence>= 0.66 nếu khớp >=1 trigger và không khớp counter,"Khi gặp Price Concern: xác nhận cảm xúc, hỏi 1 câu mở, đưa proof phù hợp.","[""logistics"", ""finance""]"
INT-000552,Need More Time #552,need_more_time_0552,Khách muốn trì hoãn quyết định,"[""để hôm khác"", ""cuối tháng"", ""biến thể ngữ cảnh 0""]","[""Đồng ý chốt ngay"", ""Không phải Need More Time: ngữ cảnh khác 552""]",confidence>= 0.67 nếu khớp >=1 trigger và không khớp counter,"Khi gặp Need More Time: xác nhận cảm xúc, hỏi 1 câu mở, đưa proof phù hợp.","[""travel"", ""repair""]"
INT-000553,Trust Issue #553,trust_issue_0553,Khách nghi ngờ uy tín,"[""lừa"", ""công ty ở đâu"", ""biến thể ngữ cảnh 1""]","[""Hỏi lịch giao hàng"", ""Không phải Trust Issue: ngữ cảnh khác 553""]",confidence>= 0.68 nếu khớp >=1 trigger và không khớp counter,"Khi gặp Trust Issue: xác nhận cảm xúc, hỏi 1 câu mở, đưa proof phù hợp.","[""finance"", ""b2b_services""]"
INT-000554,Decision Maker Missing #554,decision_maker_missing_0554,Thiếu người quyết định,"[""hỏi vợ"", ""hỏi sếp"", ""biến thể ngữ cảnh 2""]","[""Tự chốt một mình"", ""Không phải Decision Maker Missing: ngữ cảnh khác 554""]",confidence>= 0.69 nếu khớp >=1 trigger và không khớp counter,"Khi gặp Decision Maker Missing: xác nhận cảm xúc, hỏi 1 câu mở, đưa proof phù hợp.","[""fitness"", ""dental""]"
INT-000555,Competitor Comparison #555,competitor_comparison_0555,So sánh đối thủ,"[""bên kia"", ""rẻ hơn"", ""biến thể ngữ cảnh 3""]","[""Chỉ hỏi bảo hành"", ""Không phải Competitor Comparison: ngữ cảnh khác 555""]",confidence>= 0.70 nếu khớp >=1 trigger và không khớp counter,"Khi gặp Competitor Comparison: xác nhận cảm xúc, hỏi 1 câu mở, đưa proof phù hợp.","[""plumbing"", ""automotive""]"
INT-000556,Busy #556,busy_0556,Khách đang bận,"[""đang bận"", ""gọi lại"", ""biến thể ngữ cảnh 4""]","[""Muốn demo ngay"", ""Không phải Busy: ngữ cảnh khác 556""]",confidence>= 0.71 nếu khớp >=1 trigger và không khớp counter,"Khi gặp Busy: xác nhận cảm xúc, hỏi 1 câu mở, đưa proof phù hợp.","[""repair"", ""food""]"
INT-000557,Interested #557,interested_0557,Khách quan tâm,"[""hay"", ""cho xem"", ""biến thể ngữ cảnh 5""]","[""Từ chối cứng"", ""Không phải Interested: ngữ cảnh khác 557""]",confidence>= 0.72 nếu khớp >=1 trigger và không khớp counter,"Khi gặp Interested: xác nhận cảm xúc, hỏi 1 câu mở, đưa proof phù hợp.","[""camera"", ""logistics""]"
INT-000558,Ready To Buy #558,ready_to_buy_0558,Sẵn sàng mua,"[""chốt"", ""thanh toán"", ""biến thể ngữ cảnh 6""]","[""Chỉ hỏi cho vui"", ""Không phải Ready To Buy: ngữ cảnh khác 558""]",confidence>= 0.73 nếu khớp >=1 trigger và không khớp counter,"Khi gặp Ready To Buy: xác nhận cảm xúc, hỏi 1 câu mở, đưa proof phù hợp.","[""medical_devices"", ""fitness""]"
INT-000559,Fake Agreement #559,fake_agreement_0559,Đồng ý giả để kết thúc,"[""để xem đã"", ""ok nhưng"", ""biến thể ngữ cảnh 7""]","[""Yêu cầu hợp đồng ngay"", ""Không phải Fake Agreement: ngữ cảnh khác 559""]",confidence>= 0.74 nếu khớp >=1 trigger và không khớp counter,"Khi gặp Fake Agreement: xác nhận cảm xúc, hỏi 1 câu mở, đưa proof phù hợp.","[""b2b_services"", ""camera""]"
INT-000560,Soft Rejection #560,soft_rejection_0560,Từ chối mềm,"[""chưa cần"", ""để sau"", ""biến thể ngữ cảnh 8""]","[""Hỏi lịch lắp đặt"", ""Không phải Soft Rejection: ngữ cảnh khác 560""]",confidence>= 0.75 nếu khớp >=1 trigger và không khớp counter,"Khi gặp Soft Rejection: xác nhận cảm xúc, hỏi 1 câu mở, đưa proof phù hợp.","[""real_estate"", ""real_estate""]"
INT-000561,Price Concern #561,price_concern_0561,Khách lo về giá hoặc ngân sách,"[""đắt"", ""mắc"", ""giảm giá"", ""biến thể ngữ cảnh 9""]","[""Chỉ hỏi cấu phần gói, không nhắc giá"", ""Không phải Price Concern: ngữ cảnh khác 561""]",confidence>= 0.76 nếu khớp >=1 trigger và không khớp counter,"Khi gặp Price Concern: xác nhận cảm xúc, hỏi 1 câu mở, đưa proof phù hợp.","[""spa"", ""insurance""]"
INT-000562,Need More Time #562,need_more_time_0562,Khách muốn trì hoãn quyết định,"[""để hôm khác"", ""cuối tháng"", ""biến thể ngữ cảnh 10""]","[""Đồng ý chốt ngay"", ""Không phải Need More Time: ngữ cảnh khác 562""]",confidence>= 0.77 nếu khớp >=1 trigger và không khớp counter,"Khi gặp Need More Time: xác nhận cảm xúc, hỏi 1 câu mở, đưa proof phù hợp.","[""dental"", ""cosmetics""]"
INT-000563,Trust Issue #563,trust_issue_0563,Khách nghi ngờ uy tín,"[""lừa"", ""công ty ở đâu"", ""biến thể ngữ cảnh 11""]","[""Hỏi lịch giao hàng"", ""Không phải Trust Issue: ngữ cảnh khác 563""]",confidence>= 0.78 nếu khớp >=1 trigger và không khớp counter,"Khi gặp Trust Issue: xác nhận cảm xúc, hỏi 1 câu mở, đưa proof phù hợp.","[""insurance"", ""electronics""]"
INT-000564,Decision Maker Missing #564,decision_maker_missing_0564,Thiếu người quyết định,"[""hỏi vợ"", ""hỏi sếp"", ""biến thể ngữ cảnh 12""]","[""Tự chốt một mình"", ""Không phải Decision Maker Missing: ngữ cảnh khác 564""]",confidence>= 0.79 nếu khớp >=1 trigger và không khớp counter,"Khi gặp Decision Maker Missing: xác nhận cảm xúc, hỏi 1 câu mở, đưa proof phù hợp.","[""education"", ""travel""]"
INT-000565,Competitor Comparison #565,competitor_comparison_0565,So sánh đối thủ,"[""bên kia"", ""rẻ hơn"", ""biến thể ngữ cảnh 13""]","[""Chỉ hỏi bảo hành"", ""Không phải Competitor Comparison: ngữ cảnh khác 565""]",confidence>= 0.80 nếu khớp >=1 trigger và không khớp counter,"Khi gặp Competitor Comparison: xác nhận cảm xúc, hỏi 1 câu mở, đưa proof phù hợp.","[""automotive"", ""plumbing""]"
INT-000566,Busy #566,busy_0566,Khách đang bận,"[""đang bận"", ""gọi lại"", ""biến thể ngữ cảnh 14""]","[""Muốn demo ngay"", ""Không phải Busy: ngữ cảnh khác 566""]",confidence>= 0.81 nếu khớp >=1 trigger và không khớp counter,"Khi gặp Busy: xác nhận cảm xúc, hỏi 1 câu mở, đưa proof phù hợp.","[""cosmetics"", ""medical_devices""]"
INT-000567,Interested #567,interested_0567,Khách quan tâm,"[""hay"", ""cho xem"", ""biến thể ngữ cảnh 15""]","[""Từ chối cứng"", ""Không phải Interested: ngữ cảnh khác 567""]",confidence>= 0.82 nếu khớp >=1 trigger và không khớp counter,"Khi gặp Interested: xác nhận cảm xúc, hỏi 1 câu mở, đưa proof phù hợp.","[""home_appliances"", ""spa""]"
INT-000568,Ready To Buy #568,ready_to_buy_0568,Sẵn sàng mua,"[""chốt"", ""thanh toán"", ""biến thể ngữ cảnh 16""]","[""Chỉ hỏi cho vui"", ""Không phải Ready To Buy: ngữ cảnh khác 568""]",confidence>= 0.83 nếu khớp >=1 trigger và không khớp counter,"Khi gặp Ready To Buy: xác nhận cảm xúc, hỏi 1 câu mở, đưa proof phù hợp.","[""food"", ""education""]"
INT-000569,Fake Agreement #569,fake_agreement_0569,Đồng ý giả để kết thúc,"[""để xem đã"", ""ok nhưng"", ""biến thể ngữ cảnh 17""]","[""Yêu cầu hợp đồng ngay"", ""Không phải Fake Agreement: ngữ cảnh khác 569""]",confidence>= 0.84 nếu khớp >=1 trigger và không khớp counter,"Khi gặp Fake Agreement: xác nhận cảm xúc, hỏi 1 câu mở, đưa proof phù hợp.","[""electronics"", ""home_appliances""]"
INT-000570,Soft Rejection #570,soft_rejection_0570,Từ chối mềm,"[""chưa cần"", ""để sau"", ""biến thể ngữ cảnh 18""]","[""Hỏi lịch lắp đặt"", ""Không phải Soft Rejection: ngữ cảnh khác 570""]",confidence>= 0.55 nếu khớp >=1 trigger và không khớp counter,"Khi gặp Soft Rejection: xác nhận cảm xúc, hỏi 1 câu mở, đưa proof phù hợp.","[""furniture"", ""furniture""]"
INT-000571,Price Concern #571,price_concern_0571,Khách lo về giá hoặc ngân sách,"[""đắt"", ""mắc"", ""giảm giá"", ""biến thể ngữ cảnh 19""]","[""Chỉ hỏi cấu phần gói, không nhắc giá"", ""Không phải Price Concern: ngữ cảnh khác 571""]",confidence>= 0.56 nếu khớp >=1 trigger và không khớp counter,"Khi gặp Price Concern: xác nhận cảm xúc, hỏi 1 câu mở, đưa proof phù hợp.","[""logistics"", ""finance""]"
INT-000572,Need More Time #572,need_more_time_0572,Khách muốn trì hoãn quyết định,"[""để hôm khác"", ""cuối tháng"", ""biến thể ngữ cảnh 20""]","[""Đồng ý chốt ngay"", ""Không phải Need More Time: ngữ cảnh khác 572""]",confidence>= 0.57 nếu khớp >=1 trigger và không khớp counter,"Khi gặp Need More Time: xác nhận cảm xúc, hỏi 1 câu mở, đưa proof phù hợp.","[""travel"", ""repair""]"
INT-000573,Trust Issue #573,trust_issue_0573,Khách nghi ngờ uy tín,"[""lừa"", ""công ty ở đâu"", ""biến thể ngữ cảnh 21""]","[""Hỏi lịch giao hàng"", ""Không phải Trust Issue: ngữ cảnh khác 573""]",confidence>= 0.58 nếu khớp >=1 trigger và không khớp counter,"Khi gặp Trust Issue: xác nhận cảm xúc, hỏi 1 câu mở, đưa proof phù hợp.","[""finance"", ""b2b_services""]"
INT-000574,Decision Maker Missing #574,decision_maker_missing_0574,Thiếu người quyết định,"[""hỏi vợ"", ""hỏi sếp"", ""biến thể ngữ cảnh 22""]","[""Tự chốt một mình"", ""Không phải Decision Maker Missing: ngữ cảnh khác 574""]",confidence>= 0.59 nếu khớp >=1 trigger và không khớp counter,"Khi gặp Decision Maker Missing: xác nhận cảm xúc, hỏi 1 câu mở, đưa proof phù hợp.","[""fitness"", ""dental""]"
INT-000575,Competitor Comparison #575,competitor_comparison_0575,So sánh đối thủ,"[""bên kia"", ""rẻ hơn"", ""biến thể ngữ cảnh 0""]","[""Chỉ hỏi bảo hành"", ""Không phải Competitor Comparison: ngữ cảnh khác 575""]",confidence>= 0.60 nếu khớp >=1 trigger và không khớp counter,"Khi gặp Competitor Comparison: xác nhận cảm xúc, hỏi 1 câu mở, đưa proof phù hợp.","[""plumbing"", ""automotive""]"
INT-000576,Busy #576,busy_0576,Khách đang bận,"[""đang bận"", ""gọi lại"", ""biến thể ngữ cảnh 1""]","[""Muốn demo ngay"", ""Không phải Busy: ngữ cảnh khác 576""]",confidence>= 0.61 nếu khớp >=1 trigger và không khớp counter,"Khi gặp Busy: xác nhận cảm xúc, hỏi 1 câu mở, đưa proof phù hợp.","[""repair"", ""food""]"
INT-000577,Interested #577,interested_0577,Khách quan tâm,"[""hay"", ""cho xem"", ""biến thể ngữ cảnh 2""]","[""Từ chối cứng"", ""Không phải Interested: ngữ cảnh khác 577""]",confidence>= 0.62 nếu khớp >=1 trigger và không khớp counter,"Khi gặp Interested: xác nhận cảm xúc, hỏi 1 câu mở, đưa proof phù hợp.","[""camera"", ""logistics""]"
INT-000578,Ready To Buy #578,ready_to_buy_0578,Sẵn sàng mua,"[""chốt"", ""thanh toán"", ""biến thể ngữ cảnh 3""]","[""Chỉ hỏi cho vui"", ""Không phải Ready To Buy: ngữ cảnh khác 578""]",confidence>= 0.63 nếu khớp >=1 trigger và không khớp counter,"Khi gặp Ready To Buy: xác nhận cảm xúc, hỏi 1 câu mở, đưa proof phù hợp.","[""medical_devices"", ""fitness""]"
INT-000579,Fake Agreement #579,fake_agreement_0579,Đồng ý giả để kết thúc,"[""để xem đã"", ""ok nhưng"", ""biến thể ngữ cảnh 4""]","[""Yêu cầu hợp đồng ngay"", ""Không phải Fake Agreement: ngữ cảnh khác 579""]",confidence>= 0.64 nếu khớp >=1 trigger và không khớp counter,"Khi gặp Fake Agreement: xác nhận cảm xúc, hỏi 1 câu mở, đưa proof phù hợp.","[""b2b_services"", ""camera""]"
INT-000580,Soft Rejection #580,soft_rejection_0580,Từ chối mềm,"[""chưa cần"", ""để sau"", ""biến thể ngữ cảnh 5""]","[""Hỏi lịch lắp đặt"", ""Không phải Soft Rejection: ngữ cảnh khác 580""]",confidence>= 0.65 nếu khớp >=1 trigger và không khớp counter,"Khi gặp Soft Rejection: xác nhận cảm xúc, hỏi 1 câu mở, đưa proof phù hợp.","[""real_estate"", ""real_estate""]"
INT-000581,Price Concern #581,price_concern_0581,Khách lo về giá hoặc ngân sách,"[""đắt"", ""mắc"", ""giảm giá"", ""biến thể ngữ cảnh 6""]","[""Chỉ hỏi cấu phần gói, không nhắc giá"", ""Không phải Price Concern: ngữ cảnh khác 581""]",confidence>= 0.66 nếu khớp >=1 trigger và không khớp counter,"Khi gặp Price Concern: xác nhận cảm xúc, hỏi 1 câu mở, đưa proof phù hợp.","[""spa"", ""insurance""]"
INT-000582,Need More Time #582,need_more_time_0582,Khách muốn trì hoãn quyết định,"[""để hôm khác"", ""cuối tháng"", ""biến thể ngữ cảnh 7""]","[""Đồng ý chốt ngay"", ""Không phải Need More Time: ngữ cảnh khác 582""]",confidence>= 0.67 nếu khớp >=1 trigger và không khớp counter,"Khi gặp Need More Time: xác nhận cảm xúc, hỏi 1 câu mở, đưa proof phù hợp.","[""dental"", ""cosmetics""]"
INT-000583,Trust Issue #583,trust_issue_0583,Khách nghi ngờ uy tín,"[""lừa"", ""công ty ở đâu"", ""biến thể ngữ cảnh 8""]","[""Hỏi lịch giao hàng"", ""Không phải Trust Issue: ngữ cảnh khác 583""]",confidence>= 0.68 nếu khớp >=1 trigger và không khớp counter,"Khi gặp Trust Issue: xác nhận cảm xúc, hỏi 1 câu mở, đưa proof phù hợp.","[""insurance"", ""electronics""]"
INT-000584,Decision Maker Missing #584,decision_maker_missing_0584,Thiếu người quyết định,"[""hỏi vợ"", ""hỏi sếp"", ""biến thể ngữ cảnh 9""]","[""Tự chốt một mình"", ""Không phải Decision Maker Missing: ngữ cảnh khác 584""]",confidence>= 0.69 nếu khớp >=1 trigger và không khớp counter,"Khi gặp Decision Maker Missing: xác nhận cảm xúc, hỏi 1 câu mở, đưa proof phù hợp.","[""education"", ""travel""]"
INT-000585,Competitor Comparison #585,competitor_comparison_0585,So sánh đối thủ,"[""bên kia"", ""rẻ hơn"", ""biến thể ngữ cảnh 10""]","[""Chỉ hỏi bảo hành"", ""Không phải Competitor Comparison: ngữ cảnh khác 585""]",confidence>= 0.70 nếu khớp >=1 trigger và không khớp counter,"Khi gặp Competitor Comparison: xác nhận cảm xúc, hỏi 1 câu mở, đưa proof phù hợp.","[""automotive"", ""plumbing""]"
INT-000586,Busy #586,busy_0586,Khách đang bận,"[""đang bận"", ""gọi lại"", ""biến thể ngữ cảnh 11""]","[""Muốn demo ngay"", ""Không phải Busy: ngữ cảnh khác 586""]",confidence>= 0.71 nếu khớp >=1 trigger và không khớp counter,"Khi gặp Busy: xác nhận cảm xúc, hỏi 1 câu mở, đưa proof phù hợp.","[""cosmetics"", ""medical_devices""]"
INT-000587,Interested #587,interested_0587,Khách quan tâm,"[""hay"", ""cho xem"", ""biến thể ngữ cảnh 12""]","[""Từ chối cứng"", ""Không phải Interested: ngữ cảnh khác 587""]",confidence>= 0.72 nếu khớp >=1 trigger và không khớp counter,"Khi gặp Interested: xác nhận cảm xúc, hỏi 1 câu mở, đưa proof phù hợp.","[""home_appliances"", ""spa""]"
INT-000588,Ready To Buy #588,ready_to_buy_0588,Sẵn sàng mua,"[""chốt"", ""thanh toán"", ""biến thể ngữ cảnh 13""]","[""Chỉ hỏi cho vui"", ""Không phải Ready To Buy: ngữ cảnh khác 588""]",confidence>= 0.73 nếu khớp >=1 trigger và không khớp counter,"Khi gặp Ready To Buy: xác nhận cảm xúc, hỏi 1 câu mở, đưa proof phù hợp.","[""food"", ""education""]"
INT-000589,Fake Agreement #589,fake_agreement_0589,Đồng ý giả để kết thúc,"[""để xem đã"", ""ok nhưng"", ""biến thể ngữ cảnh 14""]","[""Yêu cầu hợp đồng ngay"", ""Không phải Fake Agreement: ngữ cảnh khác 589""]",confidence>= 0.74 nếu khớp >=1 trigger và không khớp counter,"Khi gặp Fake Agreement: xác nhận cảm xúc, hỏi 1 câu mở, đưa proof phù hợp.","[""electronics"", ""home_appliances""]"
INT-000590,Soft Rejection #590,soft_rejection_0590,Từ chối mềm,"[""chưa cần"", ""để sau"", ""biến thể ngữ cảnh 15""]","[""Hỏi lịch lắp đặt"", ""Không phải Soft Rejection: ngữ cảnh khác 590""]",confidence>= 0.75 nếu khớp >=1 trigger và không khớp counter,"Khi gặp Soft Rejection: xác nhận cảm xúc, hỏi 1 câu mở, đưa proof phù hợp.","[""furniture"", ""furniture""]"
INT-000591,Price Concern #591,price_concern_0591,Khách lo về giá hoặc ngân sách,"[""đắt"", ""mắc"", ""giảm giá"", ""biến thể ngữ cảnh 16""]","[""Chỉ hỏi cấu phần gói, không nhắc giá"", ""Không phải Price Concern: ngữ cảnh khác 591""]",confidence>= 0.76 nếu khớp >=1 trigger và không khớp counter,"Khi gặp Price Concern: xác nhận cảm xúc, hỏi 1 câu mở, đưa proof phù hợp.","[""logistics"", ""finance""]"
INT-000592,Need More Time #592,need_more_time_0592,Khách muốn trì hoãn quyết định,"[""để hôm khác"", ""cuối tháng"", ""biến thể ngữ cảnh 17""]","[""Đồng ý chốt ngay"", ""Không phải Need More Time: ngữ cảnh khác 592""]",confidence>= 0.77 nếu khớp >=1 trigger và không khớp counter,"Khi gặp Need More Time: xác nhận cảm xúc, hỏi 1 câu mở, đưa proof phù hợp.","[""travel"", ""repair""]"
INT-000593,Trust Issue #593,trust_issue_0593,Khách nghi ngờ uy tín,"[""lừa"", ""công ty ở đâu"", ""biến thể ngữ cảnh 18""]","[""Hỏi lịch giao hàng"", ""Không phải Trust Issue: ngữ cảnh khác 593""]",confidence>= 0.78 nếu khớp >=1 trigger và không khớp counter,"Khi gặp Trust Issue: xác nhận cảm xúc, hỏi 1 câu mở, đưa proof phù hợp.","[""finance"", ""b2b_services""]"
INT-000594,Decision Maker Missing #594,decision_maker_missing_0594,Thiếu người quyết định,"[""hỏi vợ"", ""hỏi sếp"", ""biến thể ngữ cảnh 19""]","[""Tự chốt một mình"", ""Không phải Decision Maker Missing: ngữ cảnh khác 594""]",confidence>= 0.79 nếu khớp >=1 trigger và không khớp counter,"Khi gặp Decision Maker Missing: xác nhận cảm xúc, hỏi 1 câu mở, đưa proof phù hợp.","[""fitness"", ""dental""]"
INT-000595,Competitor Comparison #595,competitor_comparison_0595,So sánh đối thủ,"[""bên kia"", ""rẻ hơn"", ""biến thể ngữ cảnh 20""]","[""Chỉ hỏi bảo hành"", ""Không phải Competitor Comparison: ngữ cảnh khác 595""]",confidence>= 0.80 nếu khớp >=1 trigger và không khớp counter,"Khi gặp Competitor Comparison: xác nhận cảm xúc, hỏi 1 câu mở, đưa proof phù hợp.","[""plumbing"", ""automotive""]"
INT-000596,Busy #596,busy_0596,Khách đang bận,"[""đang bận"", ""gọi lại"", ""biến thể ngữ cảnh 21""]","[""Muốn demo ngay"", ""Không phải Busy: ngữ cảnh khác 596""]",confidence>= 0.81 nếu khớp >=1 trigger và không khớp counter,"Khi gặp Busy: xác nhận cảm xúc, hỏi 1 câu mở, đưa proof phù hợp.","[""repair"", ""food""]"
INT-000597,Interested #597,interested_0597,Khách quan tâm,"[""hay"", ""cho xem"", ""biến thể ngữ cảnh 22""]","[""Từ chối cứng"", ""Không phải Interested: ngữ cảnh khác 597""]",confidence>= 0.82 nếu khớp >=1 trigger và không khớp counter,"Khi gặp Interested: xác nhận cảm xúc, hỏi 1 câu mở, đưa proof phù hợp.","[""camera"", ""logistics""]"
INT-000598,Ready To Buy #598,ready_to_buy_0598,Sẵn sàng mua,"[""chốt"", ""thanh toán"", ""biến thể ngữ cảnh 0""]","[""Chỉ hỏi cho vui"", ""Không phải Ready To Buy: ngữ cảnh khác 598""]",confidence>= 0.83 nếu khớp >=1 trigger và không khớp counter,"Khi gặp Ready To Buy: xác nhận cảm xúc, hỏi 1 câu mở, đưa proof phù hợp.","[""medical_devices"", ""fitness""]"
INT-000599,Fake Agreement #599,fake_agreement_0599,Đồng ý giả để kết thúc,"[""để xem đã"", ""ok nhưng"", ""biến thể ngữ cảnh 1""]","[""Yêu cầu hợp đồng ngay"", ""Không phải Fake Agreement: ngữ cảnh khác 599""]",confidence>= 0.84 nếu khớp >=1 trigger và không khớp counter,"Khi gặp Fake Agreement: xác nhận cảm xúc, hỏi 1 câu mở, đưa proof phù hợp.","[""b2b_services"", ""camera""]"
INT-000600,Soft Rejection #600,soft_rejection_0600,Từ chối mềm,"[""chưa cần"", ""để sau"", ""biến thể ngữ cảnh 2""]","[""Hỏi lịch lắp đặt"", ""Không phải Soft Rejection: ngữ cảnh khác 600""]",confidence>= 0.55 nếu khớp >=1 trigger và không khớp counter,"Khi gặp Soft Rejection: xác nhận cảm xúc, hỏi 1 câu mở, đưa proof phù hợp.","[""real_estate"", ""real_estate""]"
INT-000601,Price Concern #601,price_concern_0601,Khách lo về giá hoặc ngân sách,"[""đắt"", ""mắc"", ""giảm giá"", ""biến thể ngữ cảnh 3""]","[""Chỉ hỏi cấu phần gói, không nhắc giá"", ""Không phải Price Concern: ngữ cảnh khác 601""]",confidence>= 0.56 nếu khớp >=1 trigger và không khớp counter,"Khi gặp Price Concern: xác nhận cảm xúc, hỏi 1 câu mở, đưa proof phù hợp.","[""spa"", ""insurance""]"
INT-000602,Need More Time #602,need_more_time_0602,Khách muốn trì hoãn quyết định,"[""để hôm khác"", ""cuối tháng"", ""biến thể ngữ cảnh 4""]","[""Đồng ý chốt ngay"", ""Không phải Need More Time: ngữ cảnh khác 602""]",confidence>= 0.57 nếu khớp >=1 trigger và không khớp counter,"Khi gặp Need More Time: xác nhận cảm xúc, hỏi 1 câu mở, đưa proof phù hợp.","[""dental"", ""cosmetics""]"
INT-000603,Trust Issue #603,trust_issue_0603,Khách nghi ngờ uy tín,"[""lừa"", ""công ty ở đâu"", ""biến thể ngữ cảnh 5""]","[""Hỏi lịch giao hàng"", ""Không phải Trust Issue: ngữ cảnh khác 603""]",confidence>= 0.58 nếu khớp >=1 trigger và không khớp counter,"Khi gặp Trust Issue: xác nhận cảm xúc, hỏi 1 câu mở, đưa proof phù hợp.","[""insurance"", ""electronics""]"
INT-000604,Decision Maker Missing #604,decision_maker_missing_0604,Thiếu người quyết định,"[""hỏi vợ"", ""hỏi sếp"", ""biến thể ngữ cảnh 6""]","[""Tự chốt một mình"", ""Không phải Decision Maker Missing: ngữ cảnh khác 604""]",confidence>= 0.59 nếu khớp >=1 trigger và không khớp counter,"Khi gặp Decision Maker Missing: xác nhận cảm xúc, hỏi 1 câu mở, đưa proof phù hợp.","[""education"", ""travel""]"
INT-000605,Competitor Comparison #605,competitor_comparison_0605,So sánh đối thủ,"[""bên kia"", ""rẻ hơn"", ""biến thể ngữ cảnh 7""]","[""Chỉ hỏi bảo hành"", ""Không phải Competitor Comparison: ngữ cảnh khác 605""]",confidence>= 0.60 nếu khớp >=1 trigger và không khớp counter,"Khi gặp Competitor Comparison: xác nhận cảm xúc, hỏi 1 câu mở, đưa proof phù hợp.","[""automotive"", ""plumbing""]"
INT-000606,Busy #606,busy_0606,Khách đang bận,"[""đang bận"", ""gọi lại"", ""biến thể ngữ cảnh 8""]","[""Muốn demo ngay"", ""Không phải Busy: ngữ cảnh khác 606""]",confidence>= 0.61 nếu khớp >=1 trigger và không khớp counter,"Khi gặp Busy: xác nhận cảm xúc, hỏi 1 câu mở, đưa proof phù hợp.","[""cosmetics"", ""medical_devices""]"
INT-000607,Interested #607,interested_0607,Khách quan tâm,"[""hay"", ""cho xem"", ""biến thể ngữ cảnh 9""]","[""Từ chối cứng"", ""Không phải Interested: ngữ cảnh khác 607""]",confidence>= 0.62 nếu khớp >=1 trigger và không khớp counter,"Khi gặp Interested: xác nhận cảm xúc, hỏi 1 câu mở, đưa proof phù hợp.","[""home_appliances"", ""spa""]"
INT-000608,Ready To Buy #608,ready_to_buy_0608,Sẵn sàng mua,"[""chốt"", ""thanh toán"", ""biến thể ngữ cảnh 10""]","[""Chỉ hỏi cho vui"", ""Không phải Ready To Buy: ngữ cảnh khác 608""]",confidence>= 0.63 nếu khớp >=1 trigger và không khớp counter,"Khi gặp Ready To Buy: xác nhận cảm xúc, hỏi 1 câu mở, đưa proof phù hợp.","[""food"", ""education""]"
INT-000609,Fake Agreement #609,fake_agreement_0609,Đồng ý giả để kết thúc,"[""để xem đã"", ""ok nhưng"", ""biến thể ngữ cảnh 11""]","[""Yêu cầu hợp đồng ngay"", ""Không phải Fake Agreement: ngữ cảnh khác 609""]",confidence>= 0.64 nếu khớp >=1 trigger và không khớp counter,"Khi gặp Fake Agreement: xác nhận cảm xúc, hỏi 1 câu mở, đưa proof phù hợp.","[""electronics"", ""home_appliances""]"
INT-000610,Soft Rejection #610,soft_rejection_0610,Từ chối mềm,"[""chưa cần"", ""để sau"", ""biến thể ngữ cảnh 12""]","[""Hỏi lịch lắp đặt"", ""Không phải Soft Rejection: ngữ cảnh khác 610""]",confidence>= 0.65 nếu khớp >=1 trigger và không khớp counter,"Khi gặp Soft Rejection: xác nhận cảm xúc, hỏi 1 câu mở, đưa proof phù hợp.","[""furniture"", ""furniture""]"
INT-000611,Price Concern #611,price_concern_0611,Khách lo về giá hoặc ngân sách,"[""đắt"", ""mắc"", ""giảm giá"", ""biến thể ngữ cảnh 13""]","[""Chỉ hỏi cấu phần gói, không nhắc giá"", ""Không phải Price Concern: ngữ cảnh khác 611""]",confidence>= 0.66 nếu khớp >=1 trigger và không khớp counter,"Khi gặp Price Concern: xác nhận cảm xúc, hỏi 1 câu mở, đưa proof phù hợp.","[""logistics"", ""finance""]"
INT-000612,Need More Time #612,need_more_time_0612,Khách muốn trì hoãn quyết định,"[""để hôm khác"", ""cuối tháng"", ""biến thể ngữ cảnh 14""]","[""Đồng ý chốt ngay"", ""Không phải Need More Time: ngữ cảnh khác 612""]",confidence>= 0.67 nếu khớp >=1 trigger và không khớp counter,"Khi gặp Need More Time: xác nhận cảm xúc, hỏi 1 câu mở, đưa proof phù hợp.","[""travel"", ""repair""]"
INT-000613,Trust Issue #613,trust_issue_0613,Khách nghi ngờ uy tín,"[""lừa"", ""công ty ở đâu"", ""biến thể ngữ cảnh 15""]","[""Hỏi lịch giao hàng"", ""Không phải Trust Issue: ngữ cảnh khác 613""]",confidence>= 0.68 nếu khớp >=1 trigger và không khớp counter,"Khi gặp Trust Issue: xác nhận cảm xúc, hỏi 1 câu mở, đưa proof phù hợp.","[""finance"", ""b2b_services""]"
INT-000614,Decision Maker Missing #614,decision_maker_missing_0614,Thiếu người quyết định,"[""hỏi vợ"", ""hỏi sếp"", ""biến thể ngữ cảnh 16""]","[""Tự chốt một mình"", ""Không phải Decision Maker Missing: ngữ cảnh khác 614""]",confidence>= 0.69 nếu khớp >=1 trigger và không khớp counter,"Khi gặp Decision Maker Missing: xác nhận cảm xúc, hỏi 1 câu mở, đưa proof phù hợp.","[""fitness"", ""dental""]"
INT-000615,Competitor Comparison #615,competitor_comparison_0615,So sánh đối thủ,"[""bên kia"", ""rẻ hơn"", ""biến thể ngữ cảnh 17""]","[""Chỉ hỏi bảo hành"", ""Không phải Competitor Comparison: ngữ cảnh khác 615""]",confidence>= 0.70 nếu khớp >=1 trigger và không khớp counter,"Khi gặp Competitor Comparison: xác nhận cảm xúc, hỏi 1 câu mở, đưa proof phù hợp.","[""plumbing"", ""automotive""]"
INT-000616,Busy #616,busy_0616,Khách đang bận,"[""đang bận"", ""gọi lại"", ""biến thể ngữ cảnh 18""]","[""Muốn demo ngay"", ""Không phải Busy: ngữ cảnh khác 616""]",confidence>= 0.71 nếu khớp >=1 trigger và không khớp counter,"Khi gặp Busy: xác nhận cảm xúc, hỏi 1 câu mở, đưa proof phù hợp.","[""repair"", ""food""]"
INT-000617,Interested #617,interested_0617,Khách quan tâm,"[""hay"", ""cho xem"", ""biến thể ngữ cảnh 19""]","[""Từ chối cứng"", ""Không phải Interested: ngữ cảnh khác 617""]",confidence>= 0.72 nếu khớp >=1 trigger và không khớp counter,"Khi gặp Interested: xác nhận cảm xúc, hỏi 1 câu mở, đưa proof phù hợp.","[""camera"", ""logistics""]"
INT-000618,Ready To Buy #618,ready_to_buy_0618,Sẵn sàng mua,"[""chốt"", ""thanh toán"", ""biến thể ngữ cảnh 20""]","[""Chỉ hỏi cho vui"", ""Không phải Ready To Buy: ngữ cảnh khác 618""]",confidence>= 0.73 nếu khớp >=1 trigger và không khớp counter,"Khi gặp Ready To Buy: xác nhận cảm xúc, hỏi 1 câu mở, đưa proof phù hợp.","[""medical_devices"", ""fitness""]"
INT-000619,Fake Agreement #619,fake_agreement_0619,Đồng ý giả để kết thúc,"[""để xem đã"", ""ok nhưng"", ""biến thể ngữ cảnh 21""]","[""Yêu cầu hợp đồng ngay"", ""Không phải Fake Agreement: ngữ cảnh khác 619""]",confidence>= 0.74 nếu khớp >=1 trigger và không khớp counter,"Khi gặp Fake Agreement: xác nhận cảm xúc, hỏi 1 câu mở, đưa proof phù hợp.","[""b2b_services"", ""camera""]"
INT-000620,Soft Rejection #620,soft_rejection_0620,Từ chối mềm,"[""chưa cần"", ""để sau"", ""biến thể ngữ cảnh 22""]","[""Hỏi lịch lắp đặt"", ""Không phải Soft Rejection: ngữ cảnh khác 620""]",confidence>= 0.75 nếu khớp >=1 trigger và không khớp counter,"Khi gặp Soft Rejection: xác nhận cảm xúc, hỏi 1 câu mở, đưa proof phù hợp.","[""real_estate"", ""real_estate""]"
INT-000621,Price Concern #621,price_concern_0621,Khách lo về giá hoặc ngân sách,"[""đắt"", ""mắc"", ""giảm giá"", ""biến thể ngữ cảnh 0""]","[""Chỉ hỏi cấu phần gói, không nhắc giá"", ""Không phải Price Concern: ngữ cảnh khác 621""]",confidence>= 0.76 nếu khớp >=1 trigger và không khớp counter,"Khi gặp Price Concern: xác nhận cảm xúc, hỏi 1 câu mở, đưa proof phù hợp.","[""spa"", ""insurance""]"
INT-000622,Need More Time #622,need_more_time_0622,Khách muốn trì hoãn quyết định,"[""để hôm khác"", ""cuối tháng"", ""biến thể ngữ cảnh 1""]","[""Đồng ý chốt ngay"", ""Không phải Need More Time: ngữ cảnh khác 622""]",confidence>= 0.77 nếu khớp >=1 trigger và không khớp counter,"Khi gặp Need More Time: xác nhận cảm xúc, hỏi 1 câu mở, đưa proof phù hợp.","[""dental"", ""cosmetics""]"
INT-000623,Trust Issue #623,trust_issue_0623,Khách nghi ngờ uy tín,"[""lừa"", ""công ty ở đâu"", ""biến thể ngữ cảnh 2""]","[""Hỏi lịch giao hàng"", ""Không phải Trust Issue: ngữ cảnh khác 623""]",confidence>= 0.78 nếu khớp >=1 trigger và không khớp counter,"Khi gặp Trust Issue: xác nhận cảm xúc, hỏi 1 câu mở, đưa proof phù hợp.","[""insurance"", ""electronics""]"
INT-000624,Decision Maker Missing #624,decision_maker_missing_0624,Thiếu người quyết định,"[""hỏi vợ"", ""hỏi sếp"", ""biến thể ngữ cảnh 3""]","[""Tự chốt một mình"", ""Không phải Decision Maker Missing: ngữ cảnh khác 624""]",confidence>= 0.79 nếu khớp >=1 trigger và không khớp counter,"Khi gặp Decision Maker Missing: xác nhận cảm xúc, hỏi 1 câu mở, đưa proof phù hợp.","[""education"", ""travel""]"
INT-000625,Competitor Comparison #625,competitor_comparison_0625,So sánh đối thủ,"[""bên kia"", ""rẻ hơn"", ""biến thể ngữ cảnh 4""]","[""Chỉ hỏi bảo hành"", ""Không phải Competitor Comparison: ngữ cảnh khác 625""]",confidence>= 0.80 nếu khớp >=1 trigger và không khớp counter,"Khi gặp Competitor Comparison: xác nhận cảm xúc, hỏi 1 câu mở, đưa proof phù hợp.","[""automotive"", ""plumbing""]"
INT-000626,Busy #626,busy_0626,Khách đang bận,"[""đang bận"", ""gọi lại"", ""biến thể ngữ cảnh 5""]","[""Muốn demo ngay"", ""Không phải Busy: ngữ cảnh khác 626""]",confidence>= 0.81 nếu khớp >=1 trigger và không khớp counter,"Khi gặp Busy: xác nhận cảm xúc, hỏi 1 câu mở, đưa proof phù hợp.","[""cosmetics"", ""medical_devices""]"
INT-000627,Interested #627,interested_0627,Khách quan tâm,"[""hay"", ""cho xem"", ""biến thể ngữ cảnh 6""]","[""Từ chối cứng"", ""Không phải Interested: ngữ cảnh khác 627""]",confidence>= 0.82 nếu khớp >=1 trigger và không khớp counter,"Khi gặp Interested: xác nhận cảm xúc, hỏi 1 câu mở, đưa proof phù hợp.","[""home_appliances"", ""spa""]"
INT-000628,Ready To Buy #628,ready_to_buy_0628,Sẵn sàng mua,"[""chốt"", ""thanh toán"", ""biến thể ngữ cảnh 7""]","[""Chỉ hỏi cho vui"", ""Không phải Ready To Buy: ngữ cảnh khác 628""]",confidence>= 0.83 nếu khớp >=1 trigger và không khớp counter,"Khi gặp Ready To Buy: xác nhận cảm xúc, hỏi 1 câu mở, đưa proof phù hợp.","[""food"", ""education""]"
INT-000629,Fake Agreement #629,fake_agreement_0629,Đồng ý giả để kết thúc,"[""để xem đã"", ""ok nhưng"", ""biến thể ngữ cảnh 8""]","[""Yêu cầu hợp đồng ngay"", ""Không phải Fake Agreement: ngữ cảnh khác 629""]",confidence>= 0.84 nếu khớp >=1 trigger và không khớp counter,"Khi gặp Fake Agreement: xác nhận cảm xúc, hỏi 1 câu mở, đưa proof phù hợp.","[""electronics"", ""home_appliances""]"
INT-000630,Soft Rejection #630,soft_rejection_0630,Từ chối mềm,"[""chưa cần"", ""để sau"", ""biến thể ngữ cảnh 9""]","[""Hỏi lịch lắp đặt"", ""Không phải Soft Rejection: ngữ cảnh khác 630""]",confidence>= 0.55 nếu khớp >=1 trigger và không khớp counter,"Khi gặp Soft Rejection: xác nhận cảm xúc, hỏi 1 câu mở, đưa proof phù hợp.","[""furniture"", ""furniture""]"
INT-000631,Price Concern #631,price_concern_0631,Khách lo về giá hoặc ngân sách,"[""đắt"", ""mắc"", ""giảm giá"", ""biến thể ngữ cảnh 10""]","[""Chỉ hỏi cấu phần gói, không nhắc giá"", ""Không phải Price Concern: ngữ cảnh khác 631""]",confidence>= 0.56 nếu khớp >=1 trigger và không khớp counter,"Khi gặp Price Concern: xác nhận cảm xúc, hỏi 1 câu mở, đưa proof phù hợp.","[""logistics"", ""finance""]"
INT-000632,Need More Time #632,need_more_time_0632,Khách muốn trì hoãn quyết định,"[""để hôm khác"", ""cuối tháng"", ""biến thể ngữ cảnh 11""]","[""Đồng ý chốt ngay"", ""Không phải Need More Time: ngữ cảnh khác 632""]",confidence>= 0.57 nếu khớp >=1 trigger và không khớp counter,"Khi gặp Need More Time: xác nhận cảm xúc, hỏi 1 câu mở, đưa proof phù hợp.","[""travel"", ""repair""]"
INT-000633,Trust Issue #633,trust_issue_0633,Khách nghi ngờ uy tín,"[""lừa"", ""công ty ở đâu"", ""biến thể ngữ cảnh 12""]","[""Hỏi lịch giao hàng"", ""Không phải Trust Issue: ngữ cảnh khác 633""]",confidence>= 0.58 nếu khớp >=1 trigger và không khớp counter,"Khi gặp Trust Issue: xác nhận cảm xúc, hỏi 1 câu mở, đưa proof phù hợp.","[""finance"", ""b2b_services""]"
INT-000634,Decision Maker Missing #634,decision_maker_missing_0634,Thiếu người quyết định,"[""hỏi vợ"", ""hỏi sếp"", ""biến thể ngữ cảnh 13""]","[""Tự chốt một mình"", ""Không phải Decision Maker Missing: ngữ cảnh khác 634""]",confidence>= 0.59 nếu khớp >=1 trigger và không khớp counter,"Khi gặp Decision Maker Missing: xác nhận cảm xúc, hỏi 1 câu mở, đưa proof phù hợp.","[""fitness"", ""dental""]"
INT-000635,Competitor Comparison #635,competitor_comparison_0635,So sánh đối thủ,"[""bên kia"", ""rẻ hơn"", ""biến thể ngữ cảnh 14""]","[""Chỉ hỏi bảo hành"", ""Không phải Competitor Comparison: ngữ cảnh khác 635""]",confidence>= 0.60 nếu khớp >=1 trigger và không khớp counter,"Khi gặp Competitor Comparison: xác nhận cảm xúc, hỏi 1 câu mở, đưa proof phù hợp.","[""plumbing"", ""automotive""]"
INT-000636,Busy #636,busy_0636,Khách đang bận,"[""đang bận"", ""gọi lại"", ""biến thể ngữ cảnh 15""]","[""Muốn demo ngay"", ""Không phải Busy: ngữ cảnh khác 636""]",confidence>= 0.61 nếu khớp >=1 trigger và không khớp counter,"Khi gặp Busy: xác nhận cảm xúc, hỏi 1 câu mở, đưa proof phù hợp.","[""repair"", ""food""]"
INT-000637,Interested #637,interested_0637,Khách quan tâm,"[""hay"", ""cho xem"", ""biến thể ngữ cảnh 16""]","[""Từ chối cứng"", ""Không phải Interested: ngữ cảnh khác 637""]",confidence>= 0.62 nếu khớp >=1 trigger và không khớp counter,"Khi gặp Interested: xác nhận cảm xúc, hỏi 1 câu mở, đưa proof phù hợp.","[""camera"", ""logistics""]"
INT-000638,Ready To Buy #638,ready_to_buy_0638,Sẵn sàng mua,"[""chốt"", ""thanh toán"", ""biến thể ngữ cảnh 17""]","[""Chỉ hỏi cho vui"", ""Không phải Ready To Buy: ngữ cảnh khác 638""]",confidence>= 0.63 nếu khớp >=1 trigger và không khớp counter,"Khi gặp Ready To Buy: xác nhận cảm xúc, hỏi 1 câu mở, đưa proof phù hợp.","[""medical_devices"", ""fitness""]"
INT-000639,Fake Agreement #639,fake_agreement_0639,Đồng ý giả để kết thúc,"[""để xem đã"", ""ok nhưng"", ""biến thể ngữ cảnh 18""]","[""Yêu cầu hợp đồng ngay"", ""Không phải Fake Agreement: ngữ cảnh khác 639""]",confidence>= 0.64 nếu khớp >=1 trigger và không khớp counter,"Khi gặp Fake Agreement: xác nhận cảm xúc, hỏi 1 câu mở, đưa proof phù hợp.","[""b2b_services"", ""camera""]"
INT-000640,Soft Rejection #640,soft_rejection_0640,Từ chối mềm,"[""chưa cần"", ""để sau"", ""biến thể ngữ cảnh 19""]","[""Hỏi lịch lắp đặt"", ""Không phải Soft Rejection: ngữ cảnh khác 640""]",confidence>= 0.65 nếu khớp >=1 trigger và không khớp counter,"Khi gặp Soft Rejection: xác nhận cảm xúc, hỏi 1 câu mở, đưa proof phù hợp.","[""real_estate"", ""real_estate""]"
INT-000641,Price Concern #641,price_concern_0641,Khách lo về giá hoặc ngân sách,"[""đắt"", ""mắc"", ""giảm giá"", ""biến thể ngữ cảnh 20""]","[""Chỉ hỏi cấu phần gói, không nhắc giá"", ""Không phải Price Concern: ngữ cảnh khác 641""]",confidence>= 0.66 nếu khớp >=1 trigger và không khớp counter,"Khi gặp Price Concern: xác nhận cảm xúc, hỏi 1 câu mở, đưa proof phù hợp.","[""spa"", ""insurance""]"
INT-000642,Need More Time #642,need_more_time_0642,Khách muốn trì hoãn quyết định,"[""để hôm khác"", ""cuối tháng"", ""biến thể ngữ cảnh 21""]","[""Đồng ý chốt ngay"", ""Không phải Need More Time: ngữ cảnh khác 642""]",confidence>= 0.67 nếu khớp >=1 trigger và không khớp counter,"Khi gặp Need More Time: xác nhận cảm xúc, hỏi 1 câu mở, đưa proof phù hợp.","[""dental"", ""cosmetics""]"
INT-000643,Trust Issue #643,trust_issue_0643,Khách nghi ngờ uy tín,"[""lừa"", ""công ty ở đâu"", ""biến thể ngữ cảnh 22""]","[""Hỏi lịch giao hàng"", ""Không phải Trust Issue: ngữ cảnh khác 643""]",confidence>= 0.68 nếu khớp >=1 trigger và không khớp counter,"Khi gặp Trust Issue: xác nhận cảm xúc, hỏi 1 câu mở, đưa proof phù hợp.","[""insurance"", ""electronics""]"
INT-000644,Decision Maker Missing #644,decision_maker_missing_0644,Thiếu người quyết định,"[""hỏi vợ"", ""hỏi sếp"", ""biến thể ngữ cảnh 0""]","[""Tự chốt một mình"", ""Không phải Decision Maker Missing: ngữ cảnh khác 644""]",confidence>= 0.69 nếu khớp >=1 trigger và không khớp counter,"Khi gặp Decision Maker Missing: xác nhận cảm xúc, hỏi 1 câu mở, đưa proof phù hợp.","[""education"", ""travel""]"
INT-000645,Competitor Comparison #645,competitor_comparison_0645,So sánh đối thủ,"[""bên kia"", ""rẻ hơn"", ""biến thể ngữ cảnh 1""]","[""Chỉ hỏi bảo hành"", ""Không phải Competitor Comparison: ngữ cảnh khác 645""]",confidence>= 0.70 nếu khớp >=1 trigger và không khớp counter,"Khi gặp Competitor Comparison: xác nhận cảm xúc, hỏi 1 câu mở, đưa proof phù hợp.","[""automotive"", ""plumbing""]"
INT-000646,Busy #646,busy_0646,Khách đang bận,"[""đang bận"", ""gọi lại"", ""biến thể ngữ cảnh 2""]","[""Muốn demo ngay"", ""Không phải Busy: ngữ cảnh khác 646""]",confidence>= 0.71 nếu khớp >=1 trigger và không khớp counter,"Khi gặp Busy: xác nhận cảm xúc, hỏi 1 câu mở, đưa proof phù hợp.","[""cosmetics"", ""medical_devices""]"
INT-000647,Interested #647,interested_0647,Khách quan tâm,"[""hay"", ""cho xem"", ""biến thể ngữ cảnh 3""]","[""Từ chối cứng"", ""Không phải Interested: ngữ cảnh khác 647""]",confidence>= 0.72 nếu khớp >=1 trigger và không khớp counter,"Khi gặp Interested: xác nhận cảm xúc, hỏi 1 câu mở, đưa proof phù hợp.","[""home_appliances"", ""spa""]"
INT-000648,Ready To Buy #648,ready_to_buy_0648,Sẵn sàng mua,"[""chốt"", ""thanh toán"", ""biến thể ngữ cảnh 4""]","[""Chỉ hỏi cho vui"", ""Không phải Ready To Buy: ngữ cảnh khác 648""]",confidence>= 0.73 nếu khớp >=1 trigger và không khớp counter,"Khi gặp Ready To Buy: xác nhận cảm xúc, hỏi 1 câu mở, đưa proof phù hợp.","[""food"", ""education""]"
INT-000649,Fake Agreement #649,fake_agreement_0649,Đồng ý giả để kết thúc,"[""để xem đã"", ""ok nhưng"", ""biến thể ngữ cảnh 5""]","[""Yêu cầu hợp đồng ngay"", ""Không phải Fake Agreement: ngữ cảnh khác 649""]",confidence>= 0.74 nếu khớp >=1 trigger và không khớp counter,"Khi gặp Fake Agreement: xác nhận cảm xúc, hỏi 1 câu mở, đưa proof phù hợp.","[""electronics"", ""home_appliances""]"
INT-000650,Soft Rejection #650,soft_rejection_0650,Từ chối mềm,"[""chưa cần"", ""để sau"", ""biến thể ngữ cảnh 6""]","[""Hỏi lịch lắp đặt"", ""Không phải Soft Rejection: ngữ cảnh khác 650""]",confidence>= 0.75 nếu khớp >=1 trigger và không khớp counter,"Khi gặp Soft Rejection: xác nhận cảm xúc, hỏi 1 câu mở, đưa proof phù hợp.","[""furniture"", ""furniture""]"
INT-000651,Price Concern #651,price_concern_0651,Khách lo về giá hoặc ngân sách,"[""đắt"", ""mắc"", ""giảm giá"", ""biến thể ngữ cảnh 7""]","[""Chỉ hỏi cấu phần gói, không nhắc giá"", ""Không phải Price Concern: ngữ cảnh khác 651""]",confidence>= 0.76 nếu khớp >=1 trigger và không khớp counter,"Khi gặp Price Concern: xác nhận cảm xúc, hỏi 1 câu mở, đưa proof phù hợp.","[""logistics"", ""finance""]"
INT-000652,Need More Time #652,need_more_time_0652,Khách muốn trì hoãn quyết định,"[""để hôm khác"", ""cuối tháng"", ""biến thể ngữ cảnh 8""]","[""Đồng ý chốt ngay"", ""Không phải Need More Time: ngữ cảnh khác 652""]",confidence>= 0.77 nếu khớp >=1 trigger và không khớp counter,"Khi gặp Need More Time: xác nhận cảm xúc, hỏi 1 câu mở, đưa proof phù hợp.","[""travel"", ""repair""]"
INT-000653,Trust Issue #653,trust_issue_0653,Khách nghi ngờ uy tín,"[""lừa"", ""công ty ở đâu"", ""biến thể ngữ cảnh 9""]","[""Hỏi lịch giao hàng"", ""Không phải Trust Issue: ngữ cảnh khác 653""]",confidence>= 0.78 nếu khớp >=1 trigger và không khớp counter,"Khi gặp Trust Issue: xác nhận cảm xúc, hỏi 1 câu mở, đưa proof phù hợp.","[""finance"", ""b2b_services""]"
INT-000654,Decision Maker Missing #654,decision_maker_missing_0654,Thiếu người quyết định,"[""hỏi vợ"", ""hỏi sếp"", ""biến thể ngữ cảnh 10""]","[""Tự chốt một mình"", ""Không phải Decision Maker Missing: ngữ cảnh khác 654""]",confidence>= 0.79 nếu khớp >=1 trigger và không khớp counter,"Khi gặp Decision Maker Missing: xác nhận cảm xúc, hỏi 1 câu mở, đưa proof phù hợp.","[""fitness"", ""dental""]"
INT-000655,Competitor Comparison #655,competitor_comparison_0655,So sánh đối thủ,"[""bên kia"", ""rẻ hơn"", ""biến thể ngữ cảnh 11""]","[""Chỉ hỏi bảo hành"", ""Không phải Competitor Comparison: ngữ cảnh khác 655""]",confidence>= 0.80 nếu khớp >=1 trigger và không khớp counter,"Khi gặp Competitor Comparison: xác nhận cảm xúc, hỏi 1 câu mở, đưa proof phù hợp.","[""plumbing"", ""automotive""]"
INT-000656,Busy #656,busy_0656,Khách đang bận,"[""đang bận"", ""gọi lại"", ""biến thể ngữ cảnh 12""]","[""Muốn demo ngay"", ""Không phải Busy: ngữ cảnh khác 656""]",confidence>= 0.81 nếu khớp >=1 trigger và không khớp counter,"Khi gặp Busy: xác nhận cảm xúc, hỏi 1 câu mở, đưa proof phù hợp.","[""repair"", ""food""]"
INT-000657,Interested #657,interested_0657,Khách quan tâm,"[""hay"", ""cho xem"", ""biến thể ngữ cảnh 13""]","[""Từ chối cứng"", ""Không phải Interested: ngữ cảnh khác 657""]",confidence>= 0.82 nếu khớp >=1 trigger và không khớp counter,"Khi gặp Interested: xác nhận cảm xúc, hỏi 1 câu mở, đưa proof phù hợp.","[""camera"", ""logistics""]"
INT-000658,Ready To Buy #658,ready_to_buy_0658,Sẵn sàng mua,"[""chốt"", ""thanh toán"", ""biến thể ngữ cảnh 14""]","[""Chỉ hỏi cho vui"", ""Không phải Ready To Buy: ngữ cảnh khác 658""]",confidence>= 0.83 nếu khớp >=1 trigger và không khớp counter,"Khi gặp Ready To Buy: xác nhận cảm xúc, hỏi 1 câu mở, đưa proof phù hợp.","[""medical_devices"", ""fitness""]"
INT-000659,Fake Agreement #659,fake_agreement_0659,Đồng ý giả để kết thúc,"[""để xem đã"", ""ok nhưng"", ""biến thể ngữ cảnh 15""]","[""Yêu cầu hợp đồng ngay"", ""Không phải Fake Agreement: ngữ cảnh khác 659""]",confidence>= 0.84 nếu khớp >=1 trigger và không khớp counter,"Khi gặp Fake Agreement: xác nhận cảm xúc, hỏi 1 câu mở, đưa proof phù hợp.","[""b2b_services"", ""camera""]"
INT-000660,Soft Rejection #660,soft_rejection_0660,Từ chối mềm,"[""chưa cần"", ""để sau"", ""biến thể ngữ cảnh 16""]","[""Hỏi lịch lắp đặt"", ""Không phải Soft Rejection: ngữ cảnh khác 660""]",confidence>= 0.55 nếu khớp >=1 trigger và không khớp counter,"Khi gặp Soft Rejection: xác nhận cảm xúc, hỏi 1 câu mở, đưa proof phù hợp.","[""real_estate"", ""real_estate""]"
INT-000661,Price Concern #661,price_concern_0661,Khách lo về giá hoặc ngân sách,"[""đắt"", ""mắc"", ""giảm giá"", ""biến thể ngữ cảnh 17""]","[""Chỉ hỏi cấu phần gói, không nhắc giá"", ""Không phải Price Concern: ngữ cảnh khác 661""]",confidence>= 0.56 nếu khớp >=1 trigger và không khớp counter,"Khi gặp Price Concern: xác nhận cảm xúc, hỏi 1 câu mở, đưa proof phù hợp.","[""spa"", ""insurance""]"
INT-000662,Need More Time #662,need_more_time_0662,Khách muốn trì hoãn quyết định,"[""để hôm khác"", ""cuối tháng"", ""biến thể ngữ cảnh 18""]","[""Đồng ý chốt ngay"", ""Không phải Need More Time: ngữ cảnh khác 662""]",confidence>= 0.57 nếu khớp >=1 trigger và không khớp counter,"Khi gặp Need More Time: xác nhận cảm xúc, hỏi 1 câu mở, đưa proof phù hợp.","[""dental"", ""cosmetics""]"
INT-000663,Trust Issue #663,trust_issue_0663,Khách nghi ngờ uy tín,"[""lừa"", ""công ty ở đâu"", ""biến thể ngữ cảnh 19""]","[""Hỏi lịch giao hàng"", ""Không phải Trust Issue: ngữ cảnh khác 663""]",confidence>= 0.58 nếu khớp >=1 trigger và không khớp counter,"Khi gặp Trust Issue: xác nhận cảm xúc, hỏi 1 câu mở, đưa proof phù hợp.","[""insurance"", ""electronics""]"
INT-000664,Decision Maker Missing #664,decision_maker_missing_0664,Thiếu người quyết định,"[""hỏi vợ"", ""hỏi sếp"", ""biến thể ngữ cảnh 20""]","[""Tự chốt một mình"", ""Không phải Decision Maker Missing: ngữ cảnh khác 664""]",confidence>= 0.59 nếu khớp >=1 trigger và không khớp counter,"Khi gặp Decision Maker Missing: xác nhận cảm xúc, hỏi 1 câu mở, đưa proof phù hợp.","[""education"", ""travel""]"
INT-000665,Competitor Comparison #665,competitor_comparison_0665,So sánh đối thủ,"[""bên kia"", ""rẻ hơn"", ""biến thể ngữ cảnh 21""]","[""Chỉ hỏi bảo hành"", ""Không phải Competitor Comparison: ngữ cảnh khác 665""]",confidence>= 0.60 nếu khớp >=1 trigger và không khớp counter,"Khi gặp Competitor Comparison: xác nhận cảm xúc, hỏi 1 câu mở, đưa proof phù hợp.","[""automotive"", ""plumbing""]"
INT-000666,Busy #666,busy_0666,Khách đang bận,"[""đang bận"", ""gọi lại"", ""biến thể ngữ cảnh 22""]","[""Muốn demo ngay"", ""Không phải Busy: ngữ cảnh khác 666""]",confidence>= 0.61 nếu khớp >=1 trigger và không khớp counter,"Khi gặp Busy: xác nhận cảm xúc, hỏi 1 câu mở, đưa proof phù hợp.","[""cosmetics"", ""medical_devices""]"
INT-000667,Interested #667,interested_0667,Khách quan tâm,"[""hay"", ""cho xem"", ""biến thể ngữ cảnh 0""]","[""Từ chối cứng"", ""Không phải Interested: ngữ cảnh khác 667""]",confidence>= 0.62 nếu khớp >=1 trigger và không khớp counter,"Khi gặp Interested: xác nhận cảm xúc, hỏi 1 câu mở, đưa proof phù hợp.","[""home_appliances"", ""spa""]"
INT-000668,Ready To Buy #668,ready_to_buy_0668,Sẵn sàng mua,"[""chốt"", ""thanh toán"", ""biến thể ngữ cảnh 1""]","[""Chỉ hỏi cho vui"", ""Không phải Ready To Buy: ngữ cảnh khác 668""]",confidence>= 0.63 nếu khớp >=1 trigger và không khớp counter,"Khi gặp Ready To Buy: xác nhận cảm xúc, hỏi 1 câu mở, đưa proof phù hợp.","[""food"", ""education""]"
INT-000669,Fake Agreement #669,fake_agreement_0669,Đồng ý giả để kết thúc,"[""để xem đã"", ""ok nhưng"", ""biến thể ngữ cảnh 2""]","[""Yêu cầu hợp đồng ngay"", ""Không phải Fake Agreement: ngữ cảnh khác 669""]",confidence>= 0.64 nếu khớp >=1 trigger và không khớp counter,"Khi gặp Fake Agreement: xác nhận cảm xúc, hỏi 1 câu mở, đưa proof phù hợp.","[""electronics"", ""home_appliances""]"
INT-000670,Soft Rejection #670,soft_rejection_0670,Từ chối mềm,"[""chưa cần"", ""để sau"", ""biến thể ngữ cảnh 3""]","[""Hỏi lịch lắp đặt"", ""Không phải Soft Rejection: ngữ cảnh khác 670""]",confidence>= 0.65 nếu khớp >=1 trigger và không khớp counter,"Khi gặp Soft Rejection: xác nhận cảm xúc, hỏi 1 câu mở, đưa proof phù hợp.","[""furniture"", ""furniture""]"
INT-000671,Price Concern #671,price_concern_0671,Khách lo về giá hoặc ngân sách,"[""đắt"", ""mắc"", ""giảm giá"", ""biến thể ngữ cảnh 4""]","[""Chỉ hỏi cấu phần gói, không nhắc giá"", ""Không phải Price Concern: ngữ cảnh khác 671""]",confidence>= 0.66 nếu khớp >=1 trigger và không khớp counter,"Khi gặp Price Concern: xác nhận cảm xúc, hỏi 1 câu mở, đưa proof phù hợp.","[""logistics"", ""finance""]"
INT-000672,Need More Time #672,need_more_time_0672,Khách muốn trì hoãn quyết định,"[""để hôm khác"", ""cuối tháng"", ""biến thể ngữ cảnh 5""]","[""Đồng ý chốt ngay"", ""Không phải Need More Time: ngữ cảnh khác 672""]",confidence>= 0.67 nếu khớp >=1 trigger và không khớp counter,"Khi gặp Need More Time: xác nhận cảm xúc, hỏi 1 câu mở, đưa proof phù hợp.","[""travel"", ""repair""]"
INT-000673,Trust Issue #673,trust_issue_0673,Khách nghi ngờ uy tín,"[""lừa"", ""công ty ở đâu"", ""biến thể ngữ cảnh 6""]","[""Hỏi lịch giao hàng"", ""Không phải Trust Issue: ngữ cảnh khác 673""]",confidence>= 0.68 nếu khớp >=1 trigger và không khớp counter,"Khi gặp Trust Issue: xác nhận cảm xúc, hỏi 1 câu mở, đưa proof phù hợp.","[""finance"", ""b2b_services""]"
INT-000674,Decision Maker Missing #674,decision_maker_missing_0674,Thiếu người quyết định,"[""hỏi vợ"", ""hỏi sếp"", ""biến thể ngữ cảnh 7""]","[""Tự chốt một mình"", ""Không phải Decision Maker Missing: ngữ cảnh khác 674""]",confidence>= 0.69 nếu khớp >=1 trigger và không khớp counter,"Khi gặp Decision Maker Missing: xác nhận cảm xúc, hỏi 1 câu mở, đưa proof phù hợp.","[""fitness"", ""dental""]"
INT-000675,Competitor Comparison #675,competitor_comparison_0675,So sánh đối thủ,"[""bên kia"", ""rẻ hơn"", ""biến thể ngữ cảnh 8""]","[""Chỉ hỏi bảo hành"", ""Không phải Competitor Comparison: ngữ cảnh khác 675""]",confidence>= 0.70 nếu khớp >=1 trigger và không khớp counter,"Khi gặp Competitor Comparison: xác nhận cảm xúc, hỏi 1 câu mở, đưa proof phù hợp.","[""plumbing"", ""automotive""]"
INT-000676,Busy #676,busy_0676,Khách đang bận,"[""đang bận"", ""gọi lại"", ""biến thể ngữ cảnh 9""]","[""Muốn demo ngay"", ""Không phải Busy: ngữ cảnh khác 676""]",confidence>= 0.71 nếu khớp >=1 trigger và không khớp counter,"Khi gặp Busy: xác nhận cảm xúc, hỏi 1 câu mở, đưa proof phù hợp.","[""repair"", ""food""]"
INT-000677,Interested #677,interested_0677,Khách quan tâm,"[""hay"", ""cho xem"", ""biến thể ngữ cảnh 10""]","[""Từ chối cứng"", ""Không phải Interested: ngữ cảnh khác 677""]",confidence>= 0.72 nếu khớp >=1 trigger và không khớp counter,"Khi gặp Interested: xác nhận cảm xúc, hỏi 1 câu mở, đưa proof phù hợp.","[""camera"", ""logistics""]"
INT-000678,Ready To Buy #678,ready_to_buy_0678,Sẵn sàng mua,"[""chốt"", ""thanh toán"", ""biến thể ngữ cảnh 11""]","[""Chỉ hỏi cho vui"", ""Không phải Ready To Buy: ngữ cảnh khác 678""]",confidence>= 0.73 nếu khớp >=1 trigger và không khớp counter,"Khi gặp Ready To Buy: xác nhận cảm xúc, hỏi 1 câu mở, đưa proof phù hợp.","[""medical_devices"", ""fitness""]"
INT-000679,Fake Agreement #679,fake_agreement_0679,Đồng ý giả để kết thúc,"[""để xem đã"", ""ok nhưng"", ""biến thể ngữ cảnh 12""]","[""Yêu cầu hợp đồng ngay"", ""Không phải Fake Agreement: ngữ cảnh khác 679""]",confidence>= 0.74 nếu khớp >=1 trigger và không khớp counter,"Khi gặp Fake Agreement: xác nhận cảm xúc, hỏi 1 câu mở, đưa proof phù hợp.","[""b2b_services"", ""camera""]"
INT-000680,Soft Rejection #680,soft_rejection_0680,Từ chối mềm,"[""chưa cần"", ""để sau"", ""biến thể ngữ cảnh 13""]","[""Hỏi lịch lắp đặt"", ""Không phải Soft Rejection: ngữ cảnh khác 680""]",confidence>= 0.75 nếu khớp >=1 trigger và không khớp counter,"Khi gặp Soft Rejection: xác nhận cảm xúc, hỏi 1 câu mở, đưa proof phù hợp.","[""real_estate"", ""real_estate""]"
INT-000681,Price Concern #681,price_concern_0681,Khách lo về giá hoặc ngân sách,"[""đắt"", ""mắc"", ""giảm giá"", ""biến thể ngữ cảnh 14""]","[""Chỉ hỏi cấu phần gói, không nhắc giá"", ""Không phải Price Concern: ngữ cảnh khác 681""]",confidence>= 0.76 nếu khớp >=1 trigger và không khớp counter,"Khi gặp Price Concern: xác nhận cảm xúc, hỏi 1 câu mở, đưa proof phù hợp.","[""spa"", ""insurance""]"
INT-000682,Need More Time #682,need_more_time_0682,Khách muốn trì hoãn quyết định,"[""để hôm khác"", ""cuối tháng"", ""biến thể ngữ cảnh 15""]","[""Đồng ý chốt ngay"", ""Không phải Need More Time: ngữ cảnh khác 682""]",confidence>= 0.77 nếu khớp >=1 trigger và không khớp counter,"Khi gặp Need More Time: xác nhận cảm xúc, hỏi 1 câu mở, đưa proof phù hợp.","[""dental"", ""cosmetics""]"
INT-000683,Trust Issue #683,trust_issue_0683,Khách nghi ngờ uy tín,"[""lừa"", ""công ty ở đâu"", ""biến thể ngữ cảnh 16""]","[""Hỏi lịch giao hàng"", ""Không phải Trust Issue: ngữ cảnh khác 683""]",confidence>= 0.78 nếu khớp >=1 trigger và không khớp counter,"Khi gặp Trust Issue: xác nhận cảm xúc, hỏi 1 câu mở, đưa proof phù hợp.","[""insurance"", ""electronics""]"
INT-000684,Decision Maker Missing #684,decision_maker_missing_0684,Thiếu người quyết định,"[""hỏi vợ"", ""hỏi sếp"", ""biến thể ngữ cảnh 17""]","[""Tự chốt một mình"", ""Không phải Decision Maker Missing: ngữ cảnh khác 684""]",confidence>= 0.79 nếu khớp >=1 trigger và không khớp counter,"Khi gặp Decision Maker Missing: xác nhận cảm xúc, hỏi 1 câu mở, đưa proof phù hợp.","[""education"", ""travel""]"
INT-000685,Competitor Comparison #685,competitor_comparison_0685,So sánh đối thủ,"[""bên kia"", ""rẻ hơn"", ""biến thể ngữ cảnh 18""]","[""Chỉ hỏi bảo hành"", ""Không phải Competitor Comparison: ngữ cảnh khác 685""]",confidence>= 0.80 nếu khớp >=1 trigger và không khớp counter,"Khi gặp Competitor Comparison: xác nhận cảm xúc, hỏi 1 câu mở, đưa proof phù hợp.","[""automotive"", ""plumbing""]"
INT-000686,Busy #686,busy_0686,Khách đang bận,"[""đang bận"", ""gọi lại"", ""biến thể ngữ cảnh 19""]","[""Muốn demo ngay"", ""Không phải Busy: ngữ cảnh khác 686""]",confidence>= 0.81 nếu khớp >=1 trigger và không khớp counter,"Khi gặp Busy: xác nhận cảm xúc, hỏi 1 câu mở, đưa proof phù hợp.","[""cosmetics"", ""medical_devices""]"
INT-000687,Interested #687,interested_0687,Khách quan tâm,"[""hay"", ""cho xem"", ""biến thể ngữ cảnh 20""]","[""Từ chối cứng"", ""Không phải Interested: ngữ cảnh khác 687""]",confidence>= 0.82 nếu khớp >=1 trigger và không khớp counter,"Khi gặp Interested: xác nhận cảm xúc, hỏi 1 câu mở, đưa proof phù hợp.","[""home_appliances"", ""spa""]"
INT-000688,Ready To Buy #688,ready_to_buy_0688,Sẵn sàng mua,"[""chốt"", ""thanh toán"", ""biến thể ngữ cảnh 21""]","[""Chỉ hỏi cho vui"", ""Không phải Ready To Buy: ngữ cảnh khác 688""]",confidence>= 0.83 nếu khớp >=1 trigger và không khớp counter,"Khi gặp Ready To Buy: xác nhận cảm xúc, hỏi 1 câu mở, đưa proof phù hợp.","[""food"", ""education""]"
INT-000689,Fake Agreement #689,fake_agreement_0689,Đồng ý giả để kết thúc,"[""để xem đã"", ""ok nhưng"", ""biến thể ngữ cảnh 22""]","[""Yêu cầu hợp đồng ngay"", ""Không phải Fake Agreement: ngữ cảnh khác 689""]",confidence>= 0.84 nếu khớp >=1 trigger và không khớp counter,"Khi gặp Fake Agreement: xác nhận cảm xúc, hỏi 1 câu mở, đưa proof phù hợp.","[""electronics"", ""home_appliances""]"
INT-000690,Soft Rejection #690,soft_rejection_0690,Từ chối mềm,"[""chưa cần"", ""để sau"", ""biến thể ngữ cảnh 0""]","[""Hỏi lịch lắp đặt"", ""Không phải Soft Rejection: ngữ cảnh khác 690""]",confidence>= 0.55 nếu khớp >=1 trigger và không khớp counter,"Khi gặp Soft Rejection: xác nhận cảm xúc, hỏi 1 câu mở, đưa proof phù hợp.","[""furniture"", ""furniture""]"
INT-000691,Price Concern #691,price_concern_0691,Khách lo về giá hoặc ngân sách,"[""đắt"", ""mắc"", ""giảm giá"", ""biến thể ngữ cảnh 1""]","[""Chỉ hỏi cấu phần gói, không nhắc giá"", ""Không phải Price Concern: ngữ cảnh khác 691""]",confidence>= 0.56 nếu khớp >=1 trigger và không khớp counter,"Khi gặp Price Concern: xác nhận cảm xúc, hỏi 1 câu mở, đưa proof phù hợp.","[""logistics"", ""finance""]"
INT-000692,Need More Time #692,need_more_time_0692,Khách muốn trì hoãn quyết định,"[""để hôm khác"", ""cuối tháng"", ""biến thể ngữ cảnh 2""]","[""Đồng ý chốt ngay"", ""Không phải Need More Time: ngữ cảnh khác 692""]",confidence>= 0.57 nếu khớp >=1 trigger và không khớp counter,"Khi gặp Need More Time: xác nhận cảm xúc, hỏi 1 câu mở, đưa proof phù hợp.","[""travel"", ""repair""]"
INT-000693,Trust Issue #693,trust_issue_0693,Khách nghi ngờ uy tín,"[""lừa"", ""công ty ở đâu"", ""biến thể ngữ cảnh 3""]","[""Hỏi lịch giao hàng"", ""Không phải Trust Issue: ngữ cảnh khác 693""]",confidence>= 0.58 nếu khớp >=1 trigger và không khớp counter,"Khi gặp Trust Issue: xác nhận cảm xúc, hỏi 1 câu mở, đưa proof phù hợp.","[""finance"", ""b2b_services""]"
INT-000694,Decision Maker Missing #694,decision_maker_missing_0694,Thiếu người quyết định,"[""hỏi vợ"", ""hỏi sếp"", ""biến thể ngữ cảnh 4""]","[""Tự chốt một mình"", ""Không phải Decision Maker Missing: ngữ cảnh khác 694""]",confidence>= 0.59 nếu khớp >=1 trigger và không khớp counter,"Khi gặp Decision Maker Missing: xác nhận cảm xúc, hỏi 1 câu mở, đưa proof phù hợp.","[""fitness"", ""dental""]"
INT-000695,Competitor Comparison #695,competitor_comparison_0695,So sánh đối thủ,"[""bên kia"", ""rẻ hơn"", ""biến thể ngữ cảnh 5""]","[""Chỉ hỏi bảo hành"", ""Không phải Competitor Comparison: ngữ cảnh khác 695""]",confidence>= 0.60 nếu khớp >=1 trigger và không khớp counter,"Khi gặp Competitor Comparison: xác nhận cảm xúc, hỏi 1 câu mở, đưa proof phù hợp.","[""plumbing"", ""automotive""]"
INT-000696,Busy #696,busy_0696,Khách đang bận,"[""đang bận"", ""gọi lại"", ""biến thể ngữ cảnh 6""]","[""Muốn demo ngay"", ""Không phải Busy: ngữ cảnh khác 696""]",confidence>= 0.61 nếu khớp >=1 trigger và không khớp counter,"Khi gặp Busy: xác nhận cảm xúc, hỏi 1 câu mở, đưa proof phù hợp.","[""repair"", ""food""]"
INT-000697,Interested #697,interested_0697,Khách quan tâm,"[""hay"", ""cho xem"", ""biến thể ngữ cảnh 7""]","[""Từ chối cứng"", ""Không phải Interested: ngữ cảnh khác 697""]",confidence>= 0.62 nếu khớp >=1 trigger và không khớp counter,"Khi gặp Interested: xác nhận cảm xúc, hỏi 1 câu mở, đưa proof phù hợp.","[""camera"", ""logistics""]"
INT-000698,Ready To Buy #698,ready_to_buy_0698,Sẵn sàng mua,"[""chốt"", ""thanh toán"", ""biến thể ngữ cảnh 8""]","[""Chỉ hỏi cho vui"", ""Không phải Ready To Buy: ngữ cảnh khác 698""]",confidence>= 0.63 nếu khớp >=1 trigger và không khớp counter,"Khi gặp Ready To Buy: xác nhận cảm xúc, hỏi 1 câu mở, đưa proof phù hợp.","[""medical_devices"", ""fitness""]"
INT-000699,Fake Agreement #699,fake_agreement_0699,Đồng ý giả để kết thúc,"[""để xem đã"", ""ok nhưng"", ""biến thể ngữ cảnh 9""]","[""Yêu cầu hợp đồng ngay"", ""Không phải Fake Agreement: ngữ cảnh khác 699""]",confidence>= 0.64 nếu khớp >=1 trigger và không khớp counter,"Khi gặp Fake Agreement: xác nhận cảm xúc, hỏi 1 câu mở, đưa proof phù hợp.","[""b2b_services"", ""camera""]"
INT-000700,Soft Rejection #700,soft_rejection_0700,Từ chối mềm,"[""chưa cần"", ""để sau"", ""biến thể ngữ cảnh 10""]","[""Hỏi lịch lắp đặt"", ""Không phải Soft Rejection: ngữ cảnh khác 700""]",confidence>= 0.65 nếu khớp >=1 trigger và không khớp counter,"Khi gặp Soft Rejection: xác nhận cảm xúc, hỏi 1 câu mở, đưa proof phù hợp.","[""real_estate"", ""real_estate""]"
INT-000701,Price Concern #701,price_concern_0701,Khách lo về giá hoặc ngân sách,"[""đắt"", ""mắc"", ""giảm giá"", ""biến thể ngữ cảnh 11""]","[""Chỉ hỏi cấu phần gói, không nhắc giá"", ""Không phải Price Concern: ngữ cảnh khác 701""]",confidence>= 0.66 nếu khớp >=1 trigger và không khớp counter,"Khi gặp Price Concern: xác nhận cảm xúc, hỏi 1 câu mở, đưa proof phù hợp.","[""spa"", ""insurance""]"
INT-000702,Need More Time #702,need_more_time_0702,Khách muốn trì hoãn quyết định,"[""để hôm khác"", ""cuối tháng"", ""biến thể ngữ cảnh 12""]","[""Đồng ý chốt ngay"", ""Không phải Need More Time: ngữ cảnh khác 702""]",confidence>= 0.67 nếu khớp >=1 trigger và không khớp counter,"Khi gặp Need More Time: xác nhận cảm xúc, hỏi 1 câu mở, đưa proof phù hợp.","[""dental"", ""cosmetics""]"
INT-000703,Trust Issue #703,trust_issue_0703,Khách nghi ngờ uy tín,"[""lừa"", ""công ty ở đâu"", ""biến thể ngữ cảnh 13""]","[""Hỏi lịch giao hàng"", ""Không phải Trust Issue: ngữ cảnh khác 703""]",confidence>= 0.68 nếu khớp >=1 trigger và không khớp counter,"Khi gặp Trust Issue: xác nhận cảm xúc, hỏi 1 câu mở, đưa proof phù hợp.","[""insurance"", ""electronics""]"
INT-000704,Decision Maker Missing #704,decision_maker_missing_0704,Thiếu người quyết định,"[""hỏi vợ"", ""hỏi sếp"", ""biến thể ngữ cảnh 14""]","[""Tự chốt một mình"", ""Không phải Decision Maker Missing: ngữ cảnh khác 704""]",confidence>= 0.69 nếu khớp >=1 trigger và không khớp counter,"Khi gặp Decision Maker Missing: xác nhận cảm xúc, hỏi 1 câu mở, đưa proof phù hợp.","[""education"", ""travel""]"
INT-000705,Competitor Comparison #705,competitor_comparison_0705,So sánh đối thủ,"[""bên kia"", ""rẻ hơn"", ""biến thể ngữ cảnh 15""]","[""Chỉ hỏi bảo hành"", ""Không phải Competitor Comparison: ngữ cảnh khác 705""]",confidence>= 0.70 nếu khớp >=1 trigger và không khớp counter,"Khi gặp Competitor Comparison: xác nhận cảm xúc, hỏi 1 câu mở, đưa proof phù hợp.","[""automotive"", ""plumbing""]"
INT-000706,Busy #706,busy_0706,Khách đang bận,"[""đang bận"", ""gọi lại"", ""biến thể ngữ cảnh 16""]","[""Muốn demo ngay"", ""Không phải Busy: ngữ cảnh khác 706""]",confidence>= 0.71 nếu khớp >=1 trigger và không khớp counter,"Khi gặp Busy: xác nhận cảm xúc, hỏi 1 câu mở, đưa proof phù hợp.","[""cosmetics"", ""medical_devices""]"
INT-000707,Interested #707,interested_0707,Khách quan tâm,"[""hay"", ""cho xem"", ""biến thể ngữ cảnh 17""]","[""Từ chối cứng"", ""Không phải Interested: ngữ cảnh khác 707""]",confidence>= 0.72 nếu khớp >=1 trigger và không khớp counter,"Khi gặp Interested: xác nhận cảm xúc, hỏi 1 câu mở, đưa proof phù hợp.","[""home_appliances"", ""spa""]"
INT-000708,Ready To Buy #708,ready_to_buy_0708,Sẵn sàng mua,"[""chốt"", ""thanh toán"", ""biến thể ngữ cảnh 18""]","[""Chỉ hỏi cho vui"", ""Không phải Ready To Buy: ngữ cảnh khác 708""]",confidence>= 0.73 nếu khớp >=1 trigger và không khớp counter,"Khi gặp Ready To Buy: xác nhận cảm xúc, hỏi 1 câu mở, đưa proof phù hợp.","[""food"", ""education""]"
INT-000709,Fake Agreement #709,fake_agreement_0709,Đồng ý giả để kết thúc,"[""để xem đã"", ""ok nhưng"", ""biến thể ngữ cảnh 19""]","[""Yêu cầu hợp đồng ngay"", ""Không phải Fake Agreement: ngữ cảnh khác 709""]",confidence>= 0.74 nếu khớp >=1 trigger và không khớp counter,"Khi gặp Fake Agreement: xác nhận cảm xúc, hỏi 1 câu mở, đưa proof phù hợp.","[""electronics"", ""home_appliances""]"
INT-000710,Soft Rejection #710,soft_rejection_0710,Từ chối mềm,"[""chưa cần"", ""để sau"", ""biến thể ngữ cảnh 20""]","[""Hỏi lịch lắp đặt"", ""Không phải Soft Rejection: ngữ cảnh khác 710""]",confidence>= 0.75 nếu khớp >=1 trigger và không khớp counter,"Khi gặp Soft Rejection: xác nhận cảm xúc, hỏi 1 câu mở, đưa proof phù hợp.","[""furniture"", ""furniture""]"
INT-000711,Price Concern #711,price_concern_0711,Khách lo về giá hoặc ngân sách,"[""đắt"", ""mắc"", ""giảm giá"", ""biến thể ngữ cảnh 21""]","[""Chỉ hỏi cấu phần gói, không nhắc giá"", ""Không phải Price Concern: ngữ cảnh khác 711""]",confidence>= 0.76 nếu khớp >=1 trigger và không khớp counter,"Khi gặp Price Concern: xác nhận cảm xúc, hỏi 1 câu mở, đưa proof phù hợp.","[""logistics"", ""finance""]"
INT-000712,Need More Time #712,need_more_time_0712,Khách muốn trì hoãn quyết định,"[""để hôm khác"", ""cuối tháng"", ""biến thể ngữ cảnh 22""]","[""Đồng ý chốt ngay"", ""Không phải Need More Time: ngữ cảnh khác 712""]",confidence>= 0.77 nếu khớp >=1 trigger và không khớp counter,"Khi gặp Need More Time: xác nhận cảm xúc, hỏi 1 câu mở, đưa proof phù hợp.","[""travel"", ""repair""]"
INT-000713,Trust Issue #713,trust_issue_0713,Khách nghi ngờ uy tín,"[""lừa"", ""công ty ở đâu"", ""biến thể ngữ cảnh 0""]","[""Hỏi lịch giao hàng"", ""Không phải Trust Issue: ngữ cảnh khác 713""]",confidence>= 0.78 nếu khớp >=1 trigger và không khớp counter,"Khi gặp Trust Issue: xác nhận cảm xúc, hỏi 1 câu mở, đưa proof phù hợp.","[""finance"", ""b2b_services""]"
INT-000714,Decision Maker Missing #714,decision_maker_missing_0714,Thiếu người quyết định,"[""hỏi vợ"", ""hỏi sếp"", ""biến thể ngữ cảnh 1""]","[""Tự chốt một mình"", ""Không phải Decision Maker Missing: ngữ cảnh khác 714""]",confidence>= 0.79 nếu khớp >=1 trigger và không khớp counter,"Khi gặp Decision Maker Missing: xác nhận cảm xúc, hỏi 1 câu mở, đưa proof phù hợp.","[""fitness"", ""dental""]"
INT-000715,Competitor Comparison #715,competitor_comparison_0715,So sánh đối thủ,"[""bên kia"", ""rẻ hơn"", ""biến thể ngữ cảnh 2""]","[""Chỉ hỏi bảo hành"", ""Không phải Competitor Comparison: ngữ cảnh khác 715""]",confidence>= 0.80 nếu khớp >=1 trigger và không khớp counter,"Khi gặp Competitor Comparison: xác nhận cảm xúc, hỏi 1 câu mở, đưa proof phù hợp.","[""plumbing"", ""automotive""]"
INT-000716,Busy #716,busy_0716,Khách đang bận,"[""đang bận"", ""gọi lại"", ""biến thể ngữ cảnh 3""]","[""Muốn demo ngay"", ""Không phải Busy: ngữ cảnh khác 716""]",confidence>= 0.81 nếu khớp >=1 trigger và không khớp counter,"Khi gặp Busy: xác nhận cảm xúc, hỏi 1 câu mở, đưa proof phù hợp.","[""repair"", ""food""]"
INT-000717,Interested #717,interested_0717,Khách quan tâm,"[""hay"", ""cho xem"", ""biến thể ngữ cảnh 4""]","[""Từ chối cứng"", ""Không phải Interested: ngữ cảnh khác 717""]",confidence>= 0.82 nếu khớp >=1 trigger và không khớp counter,"Khi gặp Interested: xác nhận cảm xúc, hỏi 1 câu mở, đưa proof phù hợp.","[""camera"", ""logistics""]"
INT-000718,Ready To Buy #718,ready_to_buy_0718,Sẵn sàng mua,"[""chốt"", ""thanh toán"", ""biến thể ngữ cảnh 5""]","[""Chỉ hỏi cho vui"", ""Không phải Ready To Buy: ngữ cảnh khác 718""]",confidence>= 0.83 nếu khớp >=1 trigger và không khớp counter,"Khi gặp Ready To Buy: xác nhận cảm xúc, hỏi 1 câu mở, đưa proof phù hợp.","[""medical_devices"", ""fitness""]"
INT-000719,Fake Agreement #719,fake_agreement_0719,Đồng ý giả để kết thúc,"[""để xem đã"", ""ok nhưng"", ""biến thể ngữ cảnh 6""]","[""Yêu cầu hợp đồng ngay"", ""Không phải Fake Agreement: ngữ cảnh khác 719""]",confidence>= 0.84 nếu khớp >=1 trigger và không khớp counter,"Khi gặp Fake Agreement: xác nhận cảm xúc, hỏi 1 câu mở, đưa proof phù hợp.","[""b2b_services"", ""camera""]"
INT-000720,Soft Rejection #720,soft_rejection_0720,Từ chối mềm,"[""chưa cần"", ""để sau"", ""biến thể ngữ cảnh 7""]","[""Hỏi lịch lắp đặt"", ""Không phải Soft Rejection: ngữ cảnh khác 720""]",confidence>= 0.55 nếu khớp >=1 trigger và không khớp counter,"Khi gặp Soft Rejection: xác nhận cảm xúc, hỏi 1 câu mở, đưa proof phù hợp.","[""real_estate"", ""real_estate""]"
INT-000721,Price Concern #721,price_concern_0721,Khách lo về giá hoặc ngân sách,"[""đắt"", ""mắc"", ""giảm giá"", ""biến thể ngữ cảnh 8""]","[""Chỉ hỏi cấu phần gói, không nhắc giá"", ""Không phải Price Concern: ngữ cảnh khác 721""]",confidence>= 0.56 nếu khớp >=1 trigger và không khớp counter,"Khi gặp Price Concern: xác nhận cảm xúc, hỏi 1 câu mở, đưa proof phù hợp.","[""spa"", ""insurance""]"
INT-000722,Need More Time #722,need_more_time_0722,Khách muốn trì hoãn quyết định,"[""để hôm khác"", ""cuối tháng"", ""biến thể ngữ cảnh 9""]","[""Đồng ý chốt ngay"", ""Không phải Need More Time: ngữ cảnh khác 722""]",confidence>= 0.57 nếu khớp >=1 trigger và không khớp counter,"Khi gặp Need More Time: xác nhận cảm xúc, hỏi 1 câu mở, đưa proof phù hợp.","[""dental"", ""cosmetics""]"
INT-000723,Trust Issue #723,trust_issue_0723,Khách nghi ngờ uy tín,"[""lừa"", ""công ty ở đâu"", ""biến thể ngữ cảnh 10""]","[""Hỏi lịch giao hàng"", ""Không phải Trust Issue: ngữ cảnh khác 723""]",confidence>= 0.58 nếu khớp >=1 trigger và không khớp counter,"Khi gặp Trust Issue: xác nhận cảm xúc, hỏi 1 câu mở, đưa proof phù hợp.","[""insurance"", ""electronics""]"
INT-000724,Decision Maker Missing #724,decision_maker_missing_0724,Thiếu người quyết định,"[""hỏi vợ"", ""hỏi sếp"", ""biến thể ngữ cảnh 11""]","[""Tự chốt một mình"", ""Không phải Decision Maker Missing: ngữ cảnh khác 724""]",confidence>= 0.59 nếu khớp >=1 trigger và không khớp counter,"Khi gặp Decision Maker Missing: xác nhận cảm xúc, hỏi 1 câu mở, đưa proof phù hợp.","[""education"", ""travel""]"
INT-000725,Competitor Comparison #725,competitor_comparison_0725,So sánh đối thủ,"[""bên kia"", ""rẻ hơn"", ""biến thể ngữ cảnh 12""]","[""Chỉ hỏi bảo hành"", ""Không phải Competitor Comparison: ngữ cảnh khác 725""]",confidence>= 0.60 nếu khớp >=1 trigger và không khớp counter,"Khi gặp Competitor Comparison: xác nhận cảm xúc, hỏi 1 câu mở, đưa proof phù hợp.","[""automotive"", ""plumbing""]"
INT-000726,Busy #726,busy_0726,Khách đang bận,"[""đang bận"", ""gọi lại"", ""biến thể ngữ cảnh 13""]","[""Muốn demo ngay"", ""Không phải Busy: ngữ cảnh khác 726""]",confidence>= 0.61 nếu khớp >=1 trigger và không khớp counter,"Khi gặp Busy: xác nhận cảm xúc, hỏi 1 câu mở, đưa proof phù hợp.","[""cosmetics"", ""medical_devices""]"
INT-000727,Interested #727,interested_0727,Khách quan tâm,"[""hay"", ""cho xem"", ""biến thể ngữ cảnh 14""]","[""Từ chối cứng"", ""Không phải Interested: ngữ cảnh khác 727""]",confidence>= 0.62 nếu khớp >=1 trigger và không khớp counter,"Khi gặp Interested: xác nhận cảm xúc, hỏi 1 câu mở, đưa proof phù hợp.","[""home_appliances"", ""spa""]"
INT-000728,Ready To Buy #728,ready_to_buy_0728,Sẵn sàng mua,"[""chốt"", ""thanh toán"", ""biến thể ngữ cảnh 15""]","[""Chỉ hỏi cho vui"", ""Không phải Ready To Buy: ngữ cảnh khác 728""]",confidence>= 0.63 nếu khớp >=1 trigger và không khớp counter,"Khi gặp Ready To Buy: xác nhận cảm xúc, hỏi 1 câu mở, đưa proof phù hợp.","[""food"", ""education""]"
INT-000729,Fake Agreement #729,fake_agreement_0729,Đồng ý giả để kết thúc,"[""để xem đã"", ""ok nhưng"", ""biến thể ngữ cảnh 16""]","[""Yêu cầu hợp đồng ngay"", ""Không phải Fake Agreement: ngữ cảnh khác 729""]",confidence>= 0.64 nếu khớp >=1 trigger và không khớp counter,"Khi gặp Fake Agreement: xác nhận cảm xúc, hỏi 1 câu mở, đưa proof phù hợp.","[""electronics"", ""home_appliances""]"
INT-000730,Soft Rejection #730,soft_rejection_0730,Từ chối mềm,"[""chưa cần"", ""để sau"", ""biến thể ngữ cảnh 17""]","[""Hỏi lịch lắp đặt"", ""Không phải Soft Rejection: ngữ cảnh khác 730""]",confidence>= 0.65 nếu khớp >=1 trigger và không khớp counter,"Khi gặp Soft Rejection: xác nhận cảm xúc, hỏi 1 câu mở, đưa proof phù hợp.","[""furniture"", ""furniture""]"
INT-000731,Price Concern #731,price_concern_0731,Khách lo về giá hoặc ngân sách,"[""đắt"", ""mắc"", ""giảm giá"", ""biến thể ngữ cảnh 18""]","[""Chỉ hỏi cấu phần gói, không nhắc giá"", ""Không phải Price Concern: ngữ cảnh khác 731""]",confidence>= 0.66 nếu khớp >=1 trigger và không khớp counter,"Khi gặp Price Concern: xác nhận cảm xúc, hỏi 1 câu mở, đưa proof phù hợp.","[""logistics"", ""finance""]"
INT-000732,Need More Time #732,need_more_time_0732,Khách muốn trì hoãn quyết định,"[""để hôm khác"", ""cuối tháng"", ""biến thể ngữ cảnh 19""]","[""Đồng ý chốt ngay"", ""Không phải Need More Time: ngữ cảnh khác 732""]",confidence>= 0.67 nếu khớp >=1 trigger và không khớp counter,"Khi gặp Need More Time: xác nhận cảm xúc, hỏi 1 câu mở, đưa proof phù hợp.","[""travel"", ""repair""]"
INT-000733,Trust Issue #733,trust_issue_0733,Khách nghi ngờ uy tín,"[""lừa"", ""công ty ở đâu"", ""biến thể ngữ cảnh 20""]","[""Hỏi lịch giao hàng"", ""Không phải Trust Issue: ngữ cảnh khác 733""]",confidence>= 0.68 nếu khớp >=1 trigger và không khớp counter,"Khi gặp Trust Issue: xác nhận cảm xúc, hỏi 1 câu mở, đưa proof phù hợp.","[""finance"", ""b2b_services""]"
INT-000734,Decision Maker Missing #734,decision_maker_missing_0734,Thiếu người quyết định,"[""hỏi vợ"", ""hỏi sếp"", ""biến thể ngữ cảnh 21""]","[""Tự chốt một mình"", ""Không phải Decision Maker Missing: ngữ cảnh khác 734""]",confidence>= 0.69 nếu khớp >=1 trigger và không khớp counter,"Khi gặp Decision Maker Missing: xác nhận cảm xúc, hỏi 1 câu mở, đưa proof phù hợp.","[""fitness"", ""dental""]"
INT-000735,Competitor Comparison #735,competitor_comparison_0735,So sánh đối thủ,"[""bên kia"", ""rẻ hơn"", ""biến thể ngữ cảnh 22""]","[""Chỉ hỏi bảo hành"", ""Không phải Competitor Comparison: ngữ cảnh khác 735""]",confidence>= 0.70 nếu khớp >=1 trigger và không khớp counter,"Khi gặp Competitor Comparison: xác nhận cảm xúc, hỏi 1 câu mở, đưa proof phù hợp.","[""plumbing"", ""automotive""]"
INT-000736,Busy #736,busy_0736,Khách đang bận,"[""đang bận"", ""gọi lại"", ""biến thể ngữ cảnh 0""]","[""Muốn demo ngay"", ""Không phải Busy: ngữ cảnh khác 736""]",confidence>= 0.71 nếu khớp >=1 trigger và không khớp counter,"Khi gặp Busy: xác nhận cảm xúc, hỏi 1 câu mở, đưa proof phù hợp.","[""repair"", ""food""]"
INT-000737,Interested #737,interested_0737,Khách quan tâm,"[""hay"", ""cho xem"", ""biến thể ngữ cảnh 1""]","[""Từ chối cứng"", ""Không phải Interested: ngữ cảnh khác 737""]",confidence>= 0.72 nếu khớp >=1 trigger và không khớp counter,"Khi gặp Interested: xác nhận cảm xúc, hỏi 1 câu mở, đưa proof phù hợp.","[""camera"", ""logistics""]"
INT-000738,Ready To Buy #738,ready_to_buy_0738,Sẵn sàng mua,"[""chốt"", ""thanh toán"", ""biến thể ngữ cảnh 2""]","[""Chỉ hỏi cho vui"", ""Không phải Ready To Buy: ngữ cảnh khác 738""]",confidence>= 0.73 nếu khớp >=1 trigger và không khớp counter,"Khi gặp Ready To Buy: xác nhận cảm xúc, hỏi 1 câu mở, đưa proof phù hợp.","[""medical_devices"", ""fitness""]"
INT-000739,Fake Agreement #739,fake_agreement_0739,Đồng ý giả để kết thúc,"[""để xem đã"", ""ok nhưng"", ""biến thể ngữ cảnh 3""]","[""Yêu cầu hợp đồng ngay"", ""Không phải Fake Agreement: ngữ cảnh khác 739""]",confidence>= 0.74 nếu khớp >=1 trigger và không khớp counter,"Khi gặp Fake Agreement: xác nhận cảm xúc, hỏi 1 câu mở, đưa proof phù hợp.","[""b2b_services"", ""camera""]"
INT-000740,Soft Rejection #740,soft_rejection_0740,Từ chối mềm,"[""chưa cần"", ""để sau"", ""biến thể ngữ cảnh 4""]","[""Hỏi lịch lắp đặt"", ""Không phải Soft Rejection: ngữ cảnh khác 740""]",confidence>= 0.75 nếu khớp >=1 trigger và không khớp counter,"Khi gặp Soft Rejection: xác nhận cảm xúc, hỏi 1 câu mở, đưa proof phù hợp.","[""real_estate"", ""real_estate""]"
INT-000741,Price Concern #741,price_concern_0741,Khách lo về giá hoặc ngân sách,"[""đắt"", ""mắc"", ""giảm giá"", ""biến thể ngữ cảnh 5""]","[""Chỉ hỏi cấu phần gói, không nhắc giá"", ""Không phải Price Concern: ngữ cảnh khác 741""]",confidence>= 0.76 nếu khớp >=1 trigger và không khớp counter,"Khi gặp Price Concern: xác nhận cảm xúc, hỏi 1 câu mở, đưa proof phù hợp.","[""spa"", ""insurance""]"
INT-000742,Need More Time #742,need_more_time_0742,Khách muốn trì hoãn quyết định,"[""để hôm khác"", ""cuối tháng"", ""biến thể ngữ cảnh 6""]","[""Đồng ý chốt ngay"", ""Không phải Need More Time: ngữ cảnh khác 742""]",confidence>= 0.77 nếu khớp >=1 trigger và không khớp counter,"Khi gặp Need More Time: xác nhận cảm xúc, hỏi 1 câu mở, đưa proof phù hợp.","[""dental"", ""cosmetics""]"
INT-000743,Trust Issue #743,trust_issue_0743,Khách nghi ngờ uy tín,"[""lừa"", ""công ty ở đâu"", ""biến thể ngữ cảnh 7""]","[""Hỏi lịch giao hàng"", ""Không phải Trust Issue: ngữ cảnh khác 743""]",confidence>= 0.78 nếu khớp >=1 trigger và không khớp counter,"Khi gặp Trust Issue: xác nhận cảm xúc, hỏi 1 câu mở, đưa proof phù hợp.","[""insurance"", ""electronics""]"
INT-000744,Decision Maker Missing #744,decision_maker_missing_0744,Thiếu người quyết định,"[""hỏi vợ"", ""hỏi sếp"", ""biến thể ngữ cảnh 8""]","[""Tự chốt một mình"", ""Không phải Decision Maker Missing: ngữ cảnh khác 744""]",confidence>= 0.79 nếu khớp >=1 trigger và không khớp counter,"Khi gặp Decision Maker Missing: xác nhận cảm xúc, hỏi 1 câu mở, đưa proof phù hợp.","[""education"", ""travel""]"
INT-000745,Competitor Comparison #745,competitor_comparison_0745,So sánh đối thủ,"[""bên kia"", ""rẻ hơn"", ""biến thể ngữ cảnh 9""]","[""Chỉ hỏi bảo hành"", ""Không phải Competitor Comparison: ngữ cảnh khác 745""]",confidence>= 0.80 nếu khớp >=1 trigger và không khớp counter,"Khi gặp Competitor Comparison: xác nhận cảm xúc, hỏi 1 câu mở, đưa proof phù hợp.","[""automotive"", ""plumbing""]"
INT-000746,Busy #746,busy_0746,Khách đang bận,"[""đang bận"", ""gọi lại"", ""biến thể ngữ cảnh 10""]","[""Muốn demo ngay"", ""Không phải Busy: ngữ cảnh khác 746""]",confidence>= 0.81 nếu khớp >=1 trigger và không khớp counter,"Khi gặp Busy: xác nhận cảm xúc, hỏi 1 câu mở, đưa proof phù hợp.","[""cosmetics"", ""medical_devices""]"
INT-000747,Interested #747,interested_0747,Khách quan tâm,"[""hay"", ""cho xem"", ""biến thể ngữ cảnh 11""]","[""Từ chối cứng"", ""Không phải Interested: ngữ cảnh khác 747""]",confidence>= 0.82 nếu khớp >=1 trigger và không khớp counter,"Khi gặp Interested: xác nhận cảm xúc, hỏi 1 câu mở, đưa proof phù hợp.","[""home_appliances"", ""spa""]"
INT-000748,Ready To Buy #748,ready_to_buy_0748,Sẵn sàng mua,"[""chốt"", ""thanh toán"", ""biến thể ngữ cảnh 12""]","[""Chỉ hỏi cho vui"", ""Không phải Ready To Buy: ngữ cảnh khác 748""]",confidence>= 0.83 nếu khớp >=1 trigger và không khớp counter,"Khi gặp Ready To Buy: xác nhận cảm xúc, hỏi 1 câu mở, đưa proof phù hợp.","[""food"", ""education""]"
INT-000749,Fake Agreement #749,fake_agreement_0749,Đồng ý giả để kết thúc,"[""để xem đã"", ""ok nhưng"", ""biến thể ngữ cảnh 13""]","[""Yêu cầu hợp đồng ngay"", ""Không phải Fake Agreement: ngữ cảnh khác 749""]",confidence>= 0.84 nếu khớp >=1 trigger và không khớp counter,"Khi gặp Fake Agreement: xác nhận cảm xúc, hỏi 1 câu mở, đưa proof phù hợp.","[""electronics"", ""home_appliances""]"
INT-000750,Soft Rejection #750,soft_rejection_0750,Từ chối mềm,"[""chưa cần"", ""để sau"", ""biến thể ngữ cảnh 14""]","[""Hỏi lịch lắp đặt"", ""Không phải Soft Rejection: ngữ cảnh khác 750""]",confidence>= 0.55 nếu khớp >=1 trigger và không khớp counter,"Khi gặp Soft Rejection: xác nhận cảm xúc, hỏi 1 câu mở, đưa proof phù hợp.","[""furniture"", ""furniture""]"
INT-000751,Price Concern #751,price_concern_0751,Khách lo về giá hoặc ngân sách,"[""đắt"", ""mắc"", ""giảm giá"", ""biến thể ngữ cảnh 15""]","[""Chỉ hỏi cấu phần gói, không nhắc giá"", ""Không phải Price Concern: ngữ cảnh khác 751""]",confidence>= 0.56 nếu khớp >=1 trigger và không khớp counter,"Khi gặp Price Concern: xác nhận cảm xúc, hỏi 1 câu mở, đưa proof phù hợp.","[""logistics"", ""finance""]"
INT-000752,Need More Time #752,need_more_time_0752,Khách muốn trì hoãn quyết định,"[""để hôm khác"", ""cuối tháng"", ""biến thể ngữ cảnh 16""]","[""Đồng ý chốt ngay"", ""Không phải Need More Time: ngữ cảnh khác 752""]",confidence>= 0.57 nếu khớp >=1 trigger và không khớp counter,"Khi gặp Need More Time: xác nhận cảm xúc, hỏi 1 câu mở, đưa proof phù hợp.","[""travel"", ""repair""]"
INT-000753,Trust Issue #753,trust_issue_0753,Khách nghi ngờ uy tín,"[""lừa"", ""công ty ở đâu"", ""biến thể ngữ cảnh 17""]","[""Hỏi lịch giao hàng"", ""Không phải Trust Issue: ngữ cảnh khác 753""]",confidence>= 0.58 nếu khớp >=1 trigger và không khớp counter,"Khi gặp Trust Issue: xác nhận cảm xúc, hỏi 1 câu mở, đưa proof phù hợp.","[""finance"", ""b2b_services""]"
INT-000754,Decision Maker Missing #754,decision_maker_missing_0754,Thiếu người quyết định,"[""hỏi vợ"", ""hỏi sếp"", ""biến thể ngữ cảnh 18""]","[""Tự chốt một mình"", ""Không phải Decision Maker Missing: ngữ cảnh khác 754""]",confidence>= 0.59 nếu khớp >=1 trigger và không khớp counter,"Khi gặp Decision Maker Missing: xác nhận cảm xúc, hỏi 1 câu mở, đưa proof phù hợp.","[""fitness"", ""dental""]"
INT-000755,Competitor Comparison #755,competitor_comparison_0755,So sánh đối thủ,"[""bên kia"", ""rẻ hơn"", ""biến thể ngữ cảnh 19""]","[""Chỉ hỏi bảo hành"", ""Không phải Competitor Comparison: ngữ cảnh khác 755""]",confidence>= 0.60 nếu khớp >=1 trigger và không khớp counter,"Khi gặp Competitor Comparison: xác nhận cảm xúc, hỏi 1 câu mở, đưa proof phù hợp.","[""plumbing"", ""automotive""]"
INT-000756,Busy #756,busy_0756,Khách đang bận,"[""đang bận"", ""gọi lại"", ""biến thể ngữ cảnh 20""]","[""Muốn demo ngay"", ""Không phải Busy: ngữ cảnh khác 756""]",confidence>= 0.61 nếu khớp >=1 trigger và không khớp counter,"Khi gặp Busy: xác nhận cảm xúc, hỏi 1 câu mở, đưa proof phù hợp.","[""repair"", ""food""]"
INT-000757,Interested #757,interested_0757,Khách quan tâm,"[""hay"", ""cho xem"", ""biến thể ngữ cảnh 21""]","[""Từ chối cứng"", ""Không phải Interested: ngữ cảnh khác 757""]",confidence>= 0.62 nếu khớp >=1 trigger và không khớp counter,"Khi gặp Interested: xác nhận cảm xúc, hỏi 1 câu mở, đưa proof phù hợp.","[""camera"", ""logistics""]"
INT-000758,Ready To Buy #758,ready_to_buy_0758,Sẵn sàng mua,"[""chốt"", ""thanh toán"", ""biến thể ngữ cảnh 22""]","[""Chỉ hỏi cho vui"", ""Không phải Ready To Buy: ngữ cảnh khác 758""]",confidence>= 0.63 nếu khớp >=1 trigger và không khớp counter,"Khi gặp Ready To Buy: xác nhận cảm xúc, hỏi 1 câu mở, đưa proof phù hợp.","[""medical_devices"", ""fitness""]"
INT-000759,Fake Agreement #759,fake_agreement_0759,Đồng ý giả để kết thúc,"[""để xem đã"", ""ok nhưng"", ""biến thể ngữ cảnh 0""]","[""Yêu cầu hợp đồng ngay"", ""Không phải Fake Agreement: ngữ cảnh khác 759""]",confidence>= 0.64 nếu khớp >=1 trigger và không khớp counter,"Khi gặp Fake Agreement: xác nhận cảm xúc, hỏi 1 câu mở, đưa proof phù hợp.","[""b2b_services"", ""camera""]"
INT-000760,Soft Rejection #760,soft_rejection_0760,Từ chối mềm,"[""chưa cần"", ""để sau"", ""biến thể ngữ cảnh 1""]","[""Hỏi lịch lắp đặt"", ""Không phải Soft Rejection: ngữ cảnh khác 760""]",confidence>= 0.65 nếu khớp >=1 trigger và không khớp counter,"Khi gặp Soft Rejection: xác nhận cảm xúc, hỏi 1 câu mở, đưa proof phù hợp.","[""real_estate"", ""real_estate""]"
INT-000761,Price Concern #761,price_concern_0761,Khách lo về giá hoặc ngân sách,"[""đắt"", ""mắc"", ""giảm giá"", ""biến thể ngữ cảnh 2""]","[""Chỉ hỏi cấu phần gói, không nhắc giá"", ""Không phải Price Concern: ngữ cảnh khác 761""]",confidence>= 0.66 nếu khớp >=1 trigger và không khớp counter,"Khi gặp Price Concern: xác nhận cảm xúc, hỏi 1 câu mở, đưa proof phù hợp.","[""spa"", ""insurance""]"
INT-000762,Need More Time #762,need_more_time_0762,Khách muốn trì hoãn quyết định,"[""để hôm khác"", ""cuối tháng"", ""biến thể ngữ cảnh 3""]","[""Đồng ý chốt ngay"", ""Không phải Need More Time: ngữ cảnh khác 762""]",confidence>= 0.67 nếu khớp >=1 trigger và không khớp counter,"Khi gặp Need More Time: xác nhận cảm xúc, hỏi 1 câu mở, đưa proof phù hợp.","[""dental"", ""cosmetics""]"
INT-000763,Trust Issue #763,trust_issue_0763,Khách nghi ngờ uy tín,"[""lừa"", ""công ty ở đâu"", ""biến thể ngữ cảnh 4""]","[""Hỏi lịch giao hàng"", ""Không phải Trust Issue: ngữ cảnh khác 763""]",confidence>= 0.68 nếu khớp >=1 trigger và không khớp counter,"Khi gặp Trust Issue: xác nhận cảm xúc, hỏi 1 câu mở, đưa proof phù hợp.","[""insurance"", ""electronics""]"
INT-000764,Decision Maker Missing #764,decision_maker_missing_0764,Thiếu người quyết định,"[""hỏi vợ"", ""hỏi sếp"", ""biến thể ngữ cảnh 5""]","[""Tự chốt một mình"", ""Không phải Decision Maker Missing: ngữ cảnh khác 764""]",confidence>= 0.69 nếu khớp >=1 trigger và không khớp counter,"Khi gặp Decision Maker Missing: xác nhận cảm xúc, hỏi 1 câu mở, đưa proof phù hợp.","[""education"", ""travel""]"
INT-000765,Competitor Comparison #765,competitor_comparison_0765,So sánh đối thủ,"[""bên kia"", ""rẻ hơn"", ""biến thể ngữ cảnh 6""]","[""Chỉ hỏi bảo hành"", ""Không phải Competitor Comparison: ngữ cảnh khác 765""]",confidence>= 0.70 nếu khớp >=1 trigger và không khớp counter,"Khi gặp Competitor Comparison: xác nhận cảm xúc, hỏi 1 câu mở, đưa proof phù hợp.","[""automotive"", ""plumbing""]"
INT-000766,Busy #766,busy_0766,Khách đang bận,"[""đang bận"", ""gọi lại"", ""biến thể ngữ cảnh 7""]","[""Muốn demo ngay"", ""Không phải Busy: ngữ cảnh khác 766""]",confidence>= 0.71 nếu khớp >=1 trigger và không khớp counter,"Khi gặp Busy: xác nhận cảm xúc, hỏi 1 câu mở, đưa proof phù hợp.","[""cosmetics"", ""medical_devices""]"
INT-000767,Interested #767,interested_0767,Khách quan tâm,"[""hay"", ""cho xem"", ""biến thể ngữ cảnh 8""]","[""Từ chối cứng"", ""Không phải Interested: ngữ cảnh khác 767""]",confidence>= 0.72 nếu khớp >=1 trigger và không khớp counter,"Khi gặp Interested: xác nhận cảm xúc, hỏi 1 câu mở, đưa proof phù hợp.","[""home_appliances"", ""spa""]"
INT-000768,Ready To Buy #768,ready_to_buy_0768,Sẵn sàng mua,"[""chốt"", ""thanh toán"", ""biến thể ngữ cảnh 9""]","[""Chỉ hỏi cho vui"", ""Không phải Ready To Buy: ngữ cảnh khác 768""]",confidence>= 0.73 nếu khớp >=1 trigger và không khớp counter,"Khi gặp Ready To Buy: xác nhận cảm xúc, hỏi 1 câu mở, đưa proof phù hợp.","[""food"", ""education""]"
INT-000769,Fake Agreement #769,fake_agreement_0769,Đồng ý giả để kết thúc,"[""để xem đã"", ""ok nhưng"", ""biến thể ngữ cảnh 10""]","[""Yêu cầu hợp đồng ngay"", ""Không phải Fake Agreement: ngữ cảnh khác 769""]",confidence>= 0.74 nếu khớp >=1 trigger và không khớp counter,"Khi gặp Fake Agreement: xác nhận cảm xúc, hỏi 1 câu mở, đưa proof phù hợp.","[""electronics"", ""home_appliances""]"
INT-000770,Soft Rejection #770,soft_rejection_0770,Từ chối mềm,"[""chưa cần"", ""để sau"", ""biến thể ngữ cảnh 11""]","[""Hỏi lịch lắp đặt"", ""Không phải Soft Rejection: ngữ cảnh khác 770""]",confidence>= 0.75 nếu khớp >=1 trigger và không khớp counter,"Khi gặp Soft Rejection: xác nhận cảm xúc, hỏi 1 câu mở, đưa proof phù hợp.","[""furniture"", ""furniture""]"
INT-000771,Price Concern #771,price_concern_0771,Khách lo về giá hoặc ngân sách,"[""đắt"", ""mắc"", ""giảm giá"", ""biến thể ngữ cảnh 12""]","[""Chỉ hỏi cấu phần gói, không nhắc giá"", ""Không phải Price Concern: ngữ cảnh khác 771""]",confidence>= 0.76 nếu khớp >=1 trigger và không khớp counter,"Khi gặp Price Concern: xác nhận cảm xúc, hỏi 1 câu mở, đưa proof phù hợp.","[""logistics"", ""finance""]"
INT-000772,Need More Time #772,need_more_time_0772,Khách muốn trì hoãn quyết định,"[""để hôm khác"", ""cuối tháng"", ""biến thể ngữ cảnh 13""]","[""Đồng ý chốt ngay"", ""Không phải Need More Time: ngữ cảnh khác 772""]",confidence>= 0.77 nếu khớp >=1 trigger và không khớp counter,"Khi gặp Need More Time: xác nhận cảm xúc, hỏi 1 câu mở, đưa proof phù hợp.","[""travel"", ""repair""]"
INT-000773,Trust Issue #773,trust_issue_0773,Khách nghi ngờ uy tín,"[""lừa"", ""công ty ở đâu"", ""biến thể ngữ cảnh 14""]","[""Hỏi lịch giao hàng"", ""Không phải Trust Issue: ngữ cảnh khác 773""]",confidence>= 0.78 nếu khớp >=1 trigger và không khớp counter,"Khi gặp Trust Issue: xác nhận cảm xúc, hỏi 1 câu mở, đưa proof phù hợp.","[""finance"", ""b2b_services""]"
INT-000774,Decision Maker Missing #774,decision_maker_missing_0774,Thiếu người quyết định,"[""hỏi vợ"", ""hỏi sếp"", ""biến thể ngữ cảnh 15""]","[""Tự chốt một mình"", ""Không phải Decision Maker Missing: ngữ cảnh khác 774""]",confidence>= 0.79 nếu khớp >=1 trigger và không khớp counter,"Khi gặp Decision Maker Missing: xác nhận cảm xúc, hỏi 1 câu mở, đưa proof phù hợp.","[""fitness"", ""dental""]"
INT-000775,Competitor Comparison #775,competitor_comparison_0775,So sánh đối thủ,"[""bên kia"", ""rẻ hơn"", ""biến thể ngữ cảnh 16""]","[""Chỉ hỏi bảo hành"", ""Không phải Competitor Comparison: ngữ cảnh khác 775""]",confidence>= 0.80 nếu khớp >=1 trigger và không khớp counter,"Khi gặp Competitor Comparison: xác nhận cảm xúc, hỏi 1 câu mở, đưa proof phù hợp.","[""plumbing"", ""automotive""]"
INT-000776,Busy #776,busy_0776,Khách đang bận,"[""đang bận"", ""gọi lại"", ""biến thể ngữ cảnh 17""]","[""Muốn demo ngay"", ""Không phải Busy: ngữ cảnh khác 776""]",confidence>= 0.81 nếu khớp >=1 trigger và không khớp counter,"Khi gặp Busy: xác nhận cảm xúc, hỏi 1 câu mở, đưa proof phù hợp.","[""repair"", ""food""]"
INT-000777,Interested #777,interested_0777,Khách quan tâm,"[""hay"", ""cho xem"", ""biến thể ngữ cảnh 18""]","[""Từ chối cứng"", ""Không phải Interested: ngữ cảnh khác 777""]",confidence>= 0.82 nếu khớp >=1 trigger và không khớp counter,"Khi gặp Interested: xác nhận cảm xúc, hỏi 1 câu mở, đưa proof phù hợp.","[""camera"", ""logistics""]"
INT-000778,Ready To Buy #778,ready_to_buy_0778,Sẵn sàng mua,"[""chốt"", ""thanh toán"", ""biến thể ngữ cảnh 19""]","[""Chỉ hỏi cho vui"", ""Không phải Ready To Buy: ngữ cảnh khác 778""]",confidence>= 0.83 nếu khớp >=1 trigger và không khớp counter,"Khi gặp Ready To Buy: xác nhận cảm xúc, hỏi 1 câu mở, đưa proof phù hợp.","[""medical_devices"", ""fitness""]"
INT-000779,Fake Agreement #779,fake_agreement_0779,Đồng ý giả để kết thúc,"[""để xem đã"", ""ok nhưng"", ""biến thể ngữ cảnh 20""]","[""Yêu cầu hợp đồng ngay"", ""Không phải Fake Agreement: ngữ cảnh khác 779""]",confidence>= 0.84 nếu khớp >=1 trigger và không khớp counter,"Khi gặp Fake Agreement: xác nhận cảm xúc, hỏi 1 câu mở, đưa proof phù hợp.","[""b2b_services"", ""camera""]"
INT-000780,Soft Rejection #780,soft_rejection_0780,Từ chối mềm,"[""chưa cần"", ""để sau"", ""biến thể ngữ cảnh 21""]","[""Hỏi lịch lắp đặt"", ""Không phải Soft Rejection: ngữ cảnh khác 780""]",confidence>= 0.55 nếu khớp >=1 trigger và không khớp counter,"Khi gặp Soft Rejection: xác nhận cảm xúc, hỏi 1 câu mở, đưa proof phù hợp.","[""real_estate"", ""real_estate""]"
INT-000781,Price Concern #781,price_concern_0781,Khách lo về giá hoặc ngân sách,"[""đắt"", ""mắc"", ""giảm giá"", ""biến thể ngữ cảnh 22""]","[""Chỉ hỏi cấu phần gói, không nhắc giá"", ""Không phải Price Concern: ngữ cảnh khác 781""]",confidence>= 0.56 nếu khớp >=1 trigger và không khớp counter,"Khi gặp Price Concern: xác nhận cảm xúc, hỏi 1 câu mở, đưa proof phù hợp.","[""spa"", ""insurance""]"
INT-000782,Need More Time #782,need_more_time_0782,Khách muốn trì hoãn quyết định,"[""để hôm khác"", ""cuối tháng"", ""biến thể ngữ cảnh 0""]","[""Đồng ý chốt ngay"", ""Không phải Need More Time: ngữ cảnh khác 782""]",confidence>= 0.57 nếu khớp >=1 trigger và không khớp counter,"Khi gặp Need More Time: xác nhận cảm xúc, hỏi 1 câu mở, đưa proof phù hợp.","[""dental"", ""cosmetics""]"
INT-000783,Trust Issue #783,trust_issue_0783,Khách nghi ngờ uy tín,"[""lừa"", ""công ty ở đâu"", ""biến thể ngữ cảnh 1""]","[""Hỏi lịch giao hàng"", ""Không phải Trust Issue: ngữ cảnh khác 783""]",confidence>= 0.58 nếu khớp >=1 trigger và không khớp counter,"Khi gặp Trust Issue: xác nhận cảm xúc, hỏi 1 câu mở, đưa proof phù hợp.","[""insurance"", ""electronics""]"
INT-000784,Decision Maker Missing #784,decision_maker_missing_0784,Thiếu người quyết định,"[""hỏi vợ"", ""hỏi sếp"", ""biến thể ngữ cảnh 2""]","[""Tự chốt một mình"", ""Không phải Decision Maker Missing: ngữ cảnh khác 784""]",confidence>= 0.59 nếu khớp >=1 trigger và không khớp counter,"Khi gặp Decision Maker Missing: xác nhận cảm xúc, hỏi 1 câu mở, đưa proof phù hợp.","[""education"", ""travel""]"
INT-000785,Competitor Comparison #785,competitor_comparison_0785,So sánh đối thủ,"[""bên kia"", ""rẻ hơn"", ""biến thể ngữ cảnh 3""]","[""Chỉ hỏi bảo hành"", ""Không phải Competitor Comparison: ngữ cảnh khác 785""]",confidence>= 0.60 nếu khớp >=1 trigger và không khớp counter,"Khi gặp Competitor Comparison: xác nhận cảm xúc, hỏi 1 câu mở, đưa proof phù hợp.","[""automotive"", ""plumbing""]"
INT-000786,Busy #786,busy_0786,Khách đang bận,"[""đang bận"", ""gọi lại"", ""biến thể ngữ cảnh 4""]","[""Muốn demo ngay"", ""Không phải Busy: ngữ cảnh khác 786""]",confidence>= 0.61 nếu khớp >=1 trigger và không khớp counter,"Khi gặp Busy: xác nhận cảm xúc, hỏi 1 câu mở, đưa proof phù hợp.","[""cosmetics"", ""medical_devices""]"
INT-000787,Interested #787,interested_0787,Khách quan tâm,"[""hay"", ""cho xem"", ""biến thể ngữ cảnh 5""]","[""Từ chối cứng"", ""Không phải Interested: ngữ cảnh khác 787""]",confidence>= 0.62 nếu khớp >=1 trigger và không khớp counter,"Khi gặp Interested: xác nhận cảm xúc, hỏi 1 câu mở, đưa proof phù hợp.","[""home_appliances"", ""spa""]"
INT-000788,Ready To Buy #788,ready_to_buy_0788,Sẵn sàng mua,"[""chốt"", ""thanh toán"", ""biến thể ngữ cảnh 6""]","[""Chỉ hỏi cho vui"", ""Không phải Ready To Buy: ngữ cảnh khác 788""]",confidence>= 0.63 nếu khớp >=1 trigger và không khớp counter,"Khi gặp Ready To Buy: xác nhận cảm xúc, hỏi 1 câu mở, đưa proof phù hợp.","[""food"", ""education""]"
INT-000789,Fake Agreement #789,fake_agreement_0789,Đồng ý giả để kết thúc,"[""để xem đã"", ""ok nhưng"", ""biến thể ngữ cảnh 7""]","[""Yêu cầu hợp đồng ngay"", ""Không phải Fake Agreement: ngữ cảnh khác 789""]",confidence>= 0.64 nếu khớp >=1 trigger và không khớp counter,"Khi gặp Fake Agreement: xác nhận cảm xúc, hỏi 1 câu mở, đưa proof phù hợp.","[""electronics"", ""home_appliances""]"
INT-000790,Soft Rejection #790,soft_rejection_0790,Từ chối mềm,"[""chưa cần"", ""để sau"", ""biến thể ngữ cảnh 8""]","[""Hỏi lịch lắp đặt"", ""Không phải Soft Rejection: ngữ cảnh khác 790""]",confidence>= 0.65 nếu khớp >=1 trigger và không khớp counter,"Khi gặp Soft Rejection: xác nhận cảm xúc, hỏi 1 câu mở, đưa proof phù hợp.","[""furniture"", ""furniture""]"
INT-000791,Price Concern #791,price_concern_0791,Khách lo về giá hoặc ngân sách,"[""đắt"", ""mắc"", ""giảm giá"", ""biến thể ngữ cảnh 9""]","[""Chỉ hỏi cấu phần gói, không nhắc giá"", ""Không phải Price Concern: ngữ cảnh khác 791""]",confidence>= 0.66 nếu khớp >=1 trigger và không khớp counter,"Khi gặp Price Concern: xác nhận cảm xúc, hỏi 1 câu mở, đưa proof phù hợp.","[""logistics"", ""finance""]"
INT-000792,Need More Time #792,need_more_time_0792,Khách muốn trì hoãn quyết định,"[""để hôm khác"", ""cuối tháng"", ""biến thể ngữ cảnh 10""]","[""Đồng ý chốt ngay"", ""Không phải Need More Time: ngữ cảnh khác 792""]",confidence>= 0.67 nếu khớp >=1 trigger và không khớp counter,"Khi gặp Need More Time: xác nhận cảm xúc, hỏi 1 câu mở, đưa proof phù hợp.","[""travel"", ""repair""]"
INT-000793,Trust Issue #793,trust_issue_0793,Khách nghi ngờ uy tín,"[""lừa"", ""công ty ở đâu"", ""biến thể ngữ cảnh 11""]","[""Hỏi lịch giao hàng"", ""Không phải Trust Issue: ngữ cảnh khác 793""]",confidence>= 0.68 nếu khớp >=1 trigger và không khớp counter,"Khi gặp Trust Issue: xác nhận cảm xúc, hỏi 1 câu mở, đưa proof phù hợp.","[""finance"", ""b2b_services""]"
INT-000794,Decision Maker Missing #794,decision_maker_missing_0794,Thiếu người quyết định,"[""hỏi vợ"", ""hỏi sếp"", ""biến thể ngữ cảnh 12""]","[""Tự chốt một mình"", ""Không phải Decision Maker Missing: ngữ cảnh khác 794""]",confidence>= 0.69 nếu khớp >=1 trigger và không khớp counter,"Khi gặp Decision Maker Missing: xác nhận cảm xúc, hỏi 1 câu mở, đưa proof phù hợp.","[""fitness"", ""dental""]"
INT-000795,Competitor Comparison #795,competitor_comparison_0795,So sánh đối thủ,"[""bên kia"", ""rẻ hơn"", ""biến thể ngữ cảnh 13""]","[""Chỉ hỏi bảo hành"", ""Không phải Competitor Comparison: ngữ cảnh khác 795""]",confidence>= 0.70 nếu khớp >=1 trigger và không khớp counter,"Khi gặp Competitor Comparison: xác nhận cảm xúc, hỏi 1 câu mở, đưa proof phù hợp.","[""plumbing"", ""automotive""]"
INT-000796,Busy #796,busy_0796,Khách đang bận,"[""đang bận"", ""gọi lại"", ""biến thể ngữ cảnh 14""]","[""Muốn demo ngay"", ""Không phải Busy: ngữ cảnh khác 796""]",confidence>= 0.71 nếu khớp >=1 trigger và không khớp counter,"Khi gặp Busy: xác nhận cảm xúc, hỏi 1 câu mở, đưa proof phù hợp.","[""repair"", ""food""]"
INT-000797,Interested #797,interested_0797,Khách quan tâm,"[""hay"", ""cho xem"", ""biến thể ngữ cảnh 15""]","[""Từ chối cứng"", ""Không phải Interested: ngữ cảnh khác 797""]",confidence>= 0.72 nếu khớp >=1 trigger và không khớp counter,"Khi gặp Interested: xác nhận cảm xúc, hỏi 1 câu mở, đưa proof phù hợp.","[""camera"", ""logistics""]"
INT-000798,Ready To Buy #798,ready_to_buy_0798,Sẵn sàng mua,"[""chốt"", ""thanh toán"", ""biến thể ngữ cảnh 16""]","[""Chỉ hỏi cho vui"", ""Không phải Ready To Buy: ngữ cảnh khác 798""]",confidence>= 0.73 nếu khớp >=1 trigger và không khớp counter,"Khi gặp Ready To Buy: xác nhận cảm xúc, hỏi 1 câu mở, đưa proof phù hợp.","[""medical_devices"", ""fitness""]"
INT-000799,Fake Agreement #799,fake_agreement_0799,Đồng ý giả để kết thúc,"[""để xem đã"", ""ok nhưng"", ""biến thể ngữ cảnh 17""]","[""Yêu cầu hợp đồng ngay"", ""Không phải Fake Agreement: ngữ cảnh khác 799""]",confidence>= 0.74 nếu khớp >=1 trigger và không khớp counter,"Khi gặp Fake Agreement: xác nhận cảm xúc, hỏi 1 câu mở, đưa proof phù hợp.","[""b2b_services"", ""camera""]"
INT-000800,Soft Rejection #800,soft_rejection_0800,Từ chối mềm,"[""chưa cần"", ""để sau"", ""biến thể ngữ cảnh 18""]","[""Hỏi lịch lắp đặt"", ""Không phải Soft Rejection: ngữ cảnh khác 800""]",confidence>= 0.75 nếu khớp >=1 trigger và không khớp counter,"Khi gặp Soft Rejection: xác nhận cảm xúc, hỏi 1 câu mở, đưa proof phù hợp.","[""real_estate"", ""real_estate""]"
INT-000801,Price Concern #801,price_concern_0801,Khách lo về giá hoặc ngân sách,"[""đắt"", ""mắc"", ""giảm giá"", ""biến thể ngữ cảnh 19""]","[""Chỉ hỏi cấu phần gói, không nhắc giá"", ""Không phải Price Concern: ngữ cảnh khác 801""]",confidence>= 0.76 nếu khớp >=1 trigger và không khớp counter,"Khi gặp Price Concern: xác nhận cảm xúc, hỏi 1 câu mở, đưa proof phù hợp.","[""spa"", ""insurance""]"
INT-000802,Need More Time #802,need_more_time_0802,Khách muốn trì hoãn quyết định,"[""để hôm khác"", ""cuối tháng"", ""biến thể ngữ cảnh 20""]","[""Đồng ý chốt ngay"", ""Không phải Need More Time: ngữ cảnh khác 802""]",confidence>= 0.77 nếu khớp >=1 trigger và không khớp counter,"Khi gặp Need More Time: xác nhận cảm xúc, hỏi 1 câu mở, đưa proof phù hợp.","[""dental"", ""cosmetics""]"
INT-000803,Trust Issue #803,trust_issue_0803,Khách nghi ngờ uy tín,"[""lừa"", ""công ty ở đâu"", ""biến thể ngữ cảnh 21""]","[""Hỏi lịch giao hàng"", ""Không phải Trust Issue: ngữ cảnh khác 803""]",confidence>= 0.78 nếu khớp >=1 trigger và không khớp counter,"Khi gặp Trust Issue: xác nhận cảm xúc, hỏi 1 câu mở, đưa proof phù hợp.","[""insurance"", ""electronics""]"
INT-000804,Decision Maker Missing #804,decision_maker_missing_0804,Thiếu người quyết định,"[""hỏi vợ"", ""hỏi sếp"", ""biến thể ngữ cảnh 22""]","[""Tự chốt một mình"", ""Không phải Decision Maker Missing: ngữ cảnh khác 804""]",confidence>= 0.79 nếu khớp >=1 trigger và không khớp counter,"Khi gặp Decision Maker Missing: xác nhận cảm xúc, hỏi 1 câu mở, đưa proof phù hợp.","[""education"", ""travel""]"
INT-000805,Competitor Comparison #805,competitor_comparison_0805,So sánh đối thủ,"[""bên kia"", ""rẻ hơn"", ""biến thể ngữ cảnh 0""]","[""Chỉ hỏi bảo hành"", ""Không phải Competitor Comparison: ngữ cảnh khác 805""]",confidence>= 0.80 nếu khớp >=1 trigger và không khớp counter,"Khi gặp Competitor Comparison: xác nhận cảm xúc, hỏi 1 câu mở, đưa proof phù hợp.","[""automotive"", ""plumbing""]"
INT-000806,Busy #806,busy_0806,Khách đang bận,"[""đang bận"", ""gọi lại"", ""biến thể ngữ cảnh 1""]","[""Muốn demo ngay"", ""Không phải Busy: ngữ cảnh khác 806""]",confidence>= 0.81 nếu khớp >=1 trigger và không khớp counter,"Khi gặp Busy: xác nhận cảm xúc, hỏi 1 câu mở, đưa proof phù hợp.","[""cosmetics"", ""medical_devices""]"
INT-000807,Interested #807,interested_0807,Khách quan tâm,"[""hay"", ""cho xem"", ""biến thể ngữ cảnh 2""]","[""Từ chối cứng"", ""Không phải Interested: ngữ cảnh khác 807""]",confidence>= 0.82 nếu khớp >=1 trigger và không khớp counter,"Khi gặp Interested: xác nhận cảm xúc, hỏi 1 câu mở, đưa proof phù hợp.","[""home_appliances"", ""spa""]"
INT-000808,Ready To Buy #808,ready_to_buy_0808,Sẵn sàng mua,"[""chốt"", ""thanh toán"", ""biến thể ngữ cảnh 3""]","[""Chỉ hỏi cho vui"", ""Không phải Ready To Buy: ngữ cảnh khác 808""]",confidence>= 0.83 nếu khớp >=1 trigger và không khớp counter,"Khi gặp Ready To Buy: xác nhận cảm xúc, hỏi 1 câu mở, đưa proof phù hợp.","[""food"", ""education""]"
INT-000809,Fake Agreement #809,fake_agreement_0809,Đồng ý giả để kết thúc,"[""để xem đã"", ""ok nhưng"", ""biến thể ngữ cảnh 4""]","[""Yêu cầu hợp đồng ngay"", ""Không phải Fake Agreement: ngữ cảnh khác 809""]",confidence>= 0.84 nếu khớp >=1 trigger và không khớp counter,"Khi gặp Fake Agreement: xác nhận cảm xúc, hỏi 1 câu mở, đưa proof phù hợp.","[""electronics"", ""home_appliances""]"
INT-000810,Soft Rejection #810,soft_rejection_0810,Từ chối mềm,"[""chưa cần"", ""để sau"", ""biến thể ngữ cảnh 5""]","[""Hỏi lịch lắp đặt"", ""Không phải Soft Rejection: ngữ cảnh khác 810""]",confidence>= 0.55 nếu khớp >=1 trigger và không khớp counter,"Khi gặp Soft Rejection: xác nhận cảm xúc, hỏi 1 câu mở, đưa proof phù hợp.","[""furniture"", ""furniture""]"
INT-000811,Price Concern #811,price_concern_0811,Khách lo về giá hoặc ngân sách,"[""đắt"", ""mắc"", ""giảm giá"", ""biến thể ngữ cảnh 6""]","[""Chỉ hỏi cấu phần gói, không nhắc giá"", ""Không phải Price Concern: ngữ cảnh khác 811""]",confidence>= 0.56 nếu khớp >=1 trigger và không khớp counter,"Khi gặp Price Concern: xác nhận cảm xúc, hỏi 1 câu mở, đưa proof phù hợp.","[""logistics"", ""finance""]"
INT-000812,Need More Time #812,need_more_time_0812,Khách muốn trì hoãn quyết định,"[""để hôm khác"", ""cuối tháng"", ""biến thể ngữ cảnh 7""]","[""Đồng ý chốt ngay"", ""Không phải Need More Time: ngữ cảnh khác 812""]",confidence>= 0.57 nếu khớp >=1 trigger và không khớp counter,"Khi gặp Need More Time: xác nhận cảm xúc, hỏi 1 câu mở, đưa proof phù hợp.","[""travel"", ""repair""]"
INT-000813,Trust Issue #813,trust_issue_0813,Khách nghi ngờ uy tín,"[""lừa"", ""công ty ở đâu"", ""biến thể ngữ cảnh 8""]","[""Hỏi lịch giao hàng"", ""Không phải Trust Issue: ngữ cảnh khác 813""]",confidence>= 0.58 nếu khớp >=1 trigger và không khớp counter,"Khi gặp Trust Issue: xác nhận cảm xúc, hỏi 1 câu mở, đưa proof phù hợp.","[""finance"", ""b2b_services""]"
INT-000814,Decision Maker Missing #814,decision_maker_missing_0814,Thiếu người quyết định,"[""hỏi vợ"", ""hỏi sếp"", ""biến thể ngữ cảnh 9""]","[""Tự chốt một mình"", ""Không phải Decision Maker Missing: ngữ cảnh khác 814""]",confidence>= 0.59 nếu khớp >=1 trigger và không khớp counter,"Khi gặp Decision Maker Missing: xác nhận cảm xúc, hỏi 1 câu mở, đưa proof phù hợp.","[""fitness"", ""dental""]"
INT-000815,Competitor Comparison #815,competitor_comparison_0815,So sánh đối thủ,"[""bên kia"", ""rẻ hơn"", ""biến thể ngữ cảnh 10""]","[""Chỉ hỏi bảo hành"", ""Không phải Competitor Comparison: ngữ cảnh khác 815""]",confidence>= 0.60 nếu khớp >=1 trigger và không khớp counter,"Khi gặp Competitor Comparison: xác nhận cảm xúc, hỏi 1 câu mở, đưa proof phù hợp.","[""plumbing"", ""automotive""]"
INT-000816,Busy #816,busy_0816,Khách đang bận,"[""đang bận"", ""gọi lại"", ""biến thể ngữ cảnh 11""]","[""Muốn demo ngay"", ""Không phải Busy: ngữ cảnh khác 816""]",confidence>= 0.61 nếu khớp >=1 trigger và không khớp counter,"Khi gặp Busy: xác nhận cảm xúc, hỏi 1 câu mở, đưa proof phù hợp.","[""repair"", ""food""]"
INT-000817,Interested #817,interested_0817,Khách quan tâm,"[""hay"", ""cho xem"", ""biến thể ngữ cảnh 12""]","[""Từ chối cứng"", ""Không phải Interested: ngữ cảnh khác 817""]",confidence>= 0.62 nếu khớp >=1 trigger và không khớp counter,"Khi gặp Interested: xác nhận cảm xúc, hỏi 1 câu mở, đưa proof phù hợp.","[""camera"", ""logistics""]"
INT-000818,Ready To Buy #818,ready_to_buy_0818,Sẵn sàng mua,"[""chốt"", ""thanh toán"", ""biến thể ngữ cảnh 13""]","[""Chỉ hỏi cho vui"", ""Không phải Ready To Buy: ngữ cảnh khác 818""]",confidence>= 0.63 nếu khớp >=1 trigger và không khớp counter,"Khi gặp Ready To Buy: xác nhận cảm xúc, hỏi 1 câu mở, đưa proof phù hợp.","[""medical_devices"", ""fitness""]"
INT-000819,Fake Agreement #819,fake_agreement_0819,Đồng ý giả để kết thúc,"[""để xem đã"", ""ok nhưng"", ""biến thể ngữ cảnh 14""]","[""Yêu cầu hợp đồng ngay"", ""Không phải Fake Agreement: ngữ cảnh khác 819""]",confidence>= 0.64 nếu khớp >=1 trigger và không khớp counter,"Khi gặp Fake Agreement: xác nhận cảm xúc, hỏi 1 câu mở, đưa proof phù hợp.","[""b2b_services"", ""camera""]"
INT-000820,Soft Rejection #820,soft_rejection_0820,Từ chối mềm,"[""chưa cần"", ""để sau"", ""biến thể ngữ cảnh 15""]","[""Hỏi lịch lắp đặt"", ""Không phải Soft Rejection: ngữ cảnh khác 820""]",confidence>= 0.65 nếu khớp >=1 trigger và không khớp counter,"Khi gặp Soft Rejection: xác nhận cảm xúc, hỏi 1 câu mở, đưa proof phù hợp.","[""real_estate"", ""real_estate""]"
INT-000821,Price Concern #821,price_concern_0821,Khách lo về giá hoặc ngân sách,"[""đắt"", ""mắc"", ""giảm giá"", ""biến thể ngữ cảnh 16""]","[""Chỉ hỏi cấu phần gói, không nhắc giá"", ""Không phải Price Concern: ngữ cảnh khác 821""]",confidence>= 0.66 nếu khớp >=1 trigger và không khớp counter,"Khi gặp Price Concern: xác nhận cảm xúc, hỏi 1 câu mở, đưa proof phù hợp.","[""spa"", ""insurance""]"
INT-000822,Need More Time #822,need_more_time_0822,Khách muốn trì hoãn quyết định,"[""để hôm khác"", ""cuối tháng"", ""biến thể ngữ cảnh 17""]","[""Đồng ý chốt ngay"", ""Không phải Need More Time: ngữ cảnh khác 822""]",confidence>= 0.67 nếu khớp >=1 trigger và không khớp counter,"Khi gặp Need More Time: xác nhận cảm xúc, hỏi 1 câu mở, đưa proof phù hợp.","[""dental"", ""cosmetics""]"
INT-000823,Trust Issue #823,trust_issue_0823,Khách nghi ngờ uy tín,"[""lừa"", ""công ty ở đâu"", ""biến thể ngữ cảnh 18""]","[""Hỏi lịch giao hàng"", ""Không phải Trust Issue: ngữ cảnh khác 823""]",confidence>= 0.68 nếu khớp >=1 trigger và không khớp counter,"Khi gặp Trust Issue: xác nhận cảm xúc, hỏi 1 câu mở, đưa proof phù hợp.","[""insurance"", ""electronics""]"
INT-000824,Decision Maker Missing #824,decision_maker_missing_0824,Thiếu người quyết định,"[""hỏi vợ"", ""hỏi sếp"", ""biến thể ngữ cảnh 19""]","[""Tự chốt một mình"", ""Không phải Decision Maker Missing: ngữ cảnh khác 824""]",confidence>= 0.69 nếu khớp >=1 trigger và không khớp counter,"Khi gặp Decision Maker Missing: xác nhận cảm xúc, hỏi 1 câu mở, đưa proof phù hợp.","[""education"", ""travel""]"
INT-000825,Competitor Comparison #825,competitor_comparison_0825,So sánh đối thủ,"[""bên kia"", ""rẻ hơn"", ""biến thể ngữ cảnh 20""]","[""Chỉ hỏi bảo hành"", ""Không phải Competitor Comparison: ngữ cảnh khác 825""]",confidence>= 0.70 nếu khớp >=1 trigger và không khớp counter,"Khi gặp Competitor Comparison: xác nhận cảm xúc, hỏi 1 câu mở, đưa proof phù hợp.","[""automotive"", ""plumbing""]"
INT-000826,Busy #826,busy_0826,Khách đang bận,"[""đang bận"", ""gọi lại"", ""biến thể ngữ cảnh 21""]","[""Muốn demo ngay"", ""Không phải Busy: ngữ cảnh khác 826""]",confidence>= 0.71 nếu khớp >=1 trigger và không khớp counter,"Khi gặp Busy: xác nhận cảm xúc, hỏi 1 câu mở, đưa proof phù hợp.","[""cosmetics"", ""medical_devices""]"
INT-000827,Interested #827,interested_0827,Khách quan tâm,"[""hay"", ""cho xem"", ""biến thể ngữ cảnh 22""]","[""Từ chối cứng"", ""Không phải Interested: ngữ cảnh khác 827""]",confidence>= 0.72 nếu khớp >=1 trigger và không khớp counter,"Khi gặp Interested: xác nhận cảm xúc, hỏi 1 câu mở, đưa proof phù hợp.","[""home_appliances"", ""spa""]"
INT-000828,Ready To Buy #828,ready_to_buy_0828,Sẵn sàng mua,"[""chốt"", ""thanh toán"", ""biến thể ngữ cảnh 0""]","[""Chỉ hỏi cho vui"", ""Không phải Ready To Buy: ngữ cảnh khác 828""]",confidence>= 0.73 nếu khớp >=1 trigger và không khớp counter,"Khi gặp Ready To Buy: xác nhận cảm xúc, hỏi 1 câu mở, đưa proof phù hợp.","[""food"", ""education""]"
INT-000829,Fake Agreement #829,fake_agreement_0829,Đồng ý giả để kết thúc,"[""để xem đã"", ""ok nhưng"", ""biến thể ngữ cảnh 1""]","[""Yêu cầu hợp đồng ngay"", ""Không phải Fake Agreement: ngữ cảnh khác 829""]",confidence>= 0.74 nếu khớp >=1 trigger và không khớp counter,"Khi gặp Fake Agreement: xác nhận cảm xúc, hỏi 1 câu mở, đưa proof phù hợp.","[""electronics"", ""home_appliances""]"
INT-000830,Soft Rejection #830,soft_rejection_0830,Từ chối mềm,"[""chưa cần"", ""để sau"", ""biến thể ngữ cảnh 2""]","[""Hỏi lịch lắp đặt"", ""Không phải Soft Rejection: ngữ cảnh khác 830""]",confidence>= 0.75 nếu khớp >=1 trigger và không khớp counter,"Khi gặp Soft Rejection: xác nhận cảm xúc, hỏi 1 câu mở, đưa proof phù hợp.","[""furniture"", ""furniture""]"
INT-000831,Price Concern #831,price_concern_0831,Khách lo về giá hoặc ngân sách,"[""đắt"", ""mắc"", ""giảm giá"", ""biến thể ngữ cảnh 3""]","[""Chỉ hỏi cấu phần gói, không nhắc giá"", ""Không phải Price Concern: ngữ cảnh khác 831""]",confidence>= 0.76 nếu khớp >=1 trigger và không khớp counter,"Khi gặp Price Concern: xác nhận cảm xúc, hỏi 1 câu mở, đưa proof phù hợp.","[""logistics"", ""finance""]"
INT-000832,Need More Time #832,need_more_time_0832,Khách muốn trì hoãn quyết định,"[""để hôm khác"", ""cuối tháng"", ""biến thể ngữ cảnh 4""]","[""Đồng ý chốt ngay"", ""Không phải Need More Time: ngữ cảnh khác 832""]",confidence>= 0.77 nếu khớp >=1 trigger và không khớp counter,"Khi gặp Need More Time: xác nhận cảm xúc, hỏi 1 câu mở, đưa proof phù hợp.","[""travel"", ""repair""]"
INT-000833,Trust Issue #833,trust_issue_0833,Khách nghi ngờ uy tín,"[""lừa"", ""công ty ở đâu"", ""biến thể ngữ cảnh 5""]","[""Hỏi lịch giao hàng"", ""Không phải Trust Issue: ngữ cảnh khác 833""]",confidence>= 0.78 nếu khớp >=1 trigger và không khớp counter,"Khi gặp Trust Issue: xác nhận cảm xúc, hỏi 1 câu mở, đưa proof phù hợp.","[""finance"", ""b2b_services""]"
INT-000834,Decision Maker Missing #834,decision_maker_missing_0834,Thiếu người quyết định,"[""hỏi vợ"", ""hỏi sếp"", ""biến thể ngữ cảnh 6""]","[""Tự chốt một mình"", ""Không phải Decision Maker Missing: ngữ cảnh khác 834""]",confidence>= 0.79 nếu khớp >=1 trigger và không khớp counter,"Khi gặp Decision Maker Missing: xác nhận cảm xúc, hỏi 1 câu mở, đưa proof phù hợp.","[""fitness"", ""dental""]"
INT-000835,Competitor Comparison #835,competitor_comparison_0835,So sánh đối thủ,"[""bên kia"", ""rẻ hơn"", ""biến thể ngữ cảnh 7""]","[""Chỉ hỏi bảo hành"", ""Không phải Competitor Comparison: ngữ cảnh khác 835""]",confidence>= 0.80 nếu khớp >=1 trigger và không khớp counter,"Khi gặp Competitor Comparison: xác nhận cảm xúc, hỏi 1 câu mở, đưa proof phù hợp.","[""plumbing"", ""automotive""]"
INT-000836,Busy #836,busy_0836,Khách đang bận,"[""đang bận"", ""gọi lại"", ""biến thể ngữ cảnh 8""]","[""Muốn demo ngay"", ""Không phải Busy: ngữ cảnh khác 836""]",confidence>= 0.81 nếu khớp >=1 trigger và không khớp counter,"Khi gặp Busy: xác nhận cảm xúc, hỏi 1 câu mở, đưa proof phù hợp.","[""repair"", ""food""]"
INT-000837,Interested #837,interested_0837,Khách quan tâm,"[""hay"", ""cho xem"", ""biến thể ngữ cảnh 9""]","[""Từ chối cứng"", ""Không phải Interested: ngữ cảnh khác 837""]",confidence>= 0.82 nếu khớp >=1 trigger và không khớp counter,"Khi gặp Interested: xác nhận cảm xúc, hỏi 1 câu mở, đưa proof phù hợp.","[""camera"", ""logistics""]"
INT-000838,Ready To Buy #838,ready_to_buy_0838,Sẵn sàng mua,"[""chốt"", ""thanh toán"", ""biến thể ngữ cảnh 10""]","[""Chỉ hỏi cho vui"", ""Không phải Ready To Buy: ngữ cảnh khác 838""]",confidence>= 0.83 nếu khớp >=1 trigger và không khớp counter,"Khi gặp Ready To Buy: xác nhận cảm xúc, hỏi 1 câu mở, đưa proof phù hợp.","[""medical_devices"", ""fitness""]"
INT-000839,Fake Agreement #839,fake_agreement_0839,Đồng ý giả để kết thúc,"[""để xem đã"", ""ok nhưng"", ""biến thể ngữ cảnh 11""]","[""Yêu cầu hợp đồng ngay"", ""Không phải Fake Agreement: ngữ cảnh khác 839""]",confidence>= 0.84 nếu khớp >=1 trigger và không khớp counter,"Khi gặp Fake Agreement: xác nhận cảm xúc, hỏi 1 câu mở, đưa proof phù hợp.","[""b2b_services"", ""camera""]"
INT-000840,Soft Rejection #840,soft_rejection_0840,Từ chối mềm,"[""chưa cần"", ""để sau"", ""biến thể ngữ cảnh 12""]","[""Hỏi lịch lắp đặt"", ""Không phải Soft Rejection: ngữ cảnh khác 840""]",confidence>= 0.55 nếu khớp >=1 trigger và không khớp counter,"Khi gặp Soft Rejection: xác nhận cảm xúc, hỏi 1 câu mở, đưa proof phù hợp.","[""real_estate"", ""real_estate""]"
INT-000841,Price Concern #841,price_concern_0841,Khách lo về giá hoặc ngân sách,"[""đắt"", ""mắc"", ""giảm giá"", ""biến thể ngữ cảnh 13""]","[""Chỉ hỏi cấu phần gói, không nhắc giá"", ""Không phải Price Concern: ngữ cảnh khác 841""]",confidence>= 0.56 nếu khớp >=1 trigger và không khớp counter,"Khi gặp Price Concern: xác nhận cảm xúc, hỏi 1 câu mở, đưa proof phù hợp.","[""spa"", ""insurance""]"
INT-000842,Need More Time #842,need_more_time_0842,Khách muốn trì hoãn quyết định,"[""để hôm khác"", ""cuối tháng"", ""biến thể ngữ cảnh 14""]","[""Đồng ý chốt ngay"", ""Không phải Need More Time: ngữ cảnh khác 842""]",confidence>= 0.57 nếu khớp >=1 trigger và không khớp counter,"Khi gặp Need More Time: xác nhận cảm xúc, hỏi 1 câu mở, đưa proof phù hợp.","[""dental"", ""cosmetics""]"
INT-000843,Trust Issue #843,trust_issue_0843,Khách nghi ngờ uy tín,"[""lừa"", ""công ty ở đâu"", ""biến thể ngữ cảnh 15""]","[""Hỏi lịch giao hàng"", ""Không phải Trust Issue: ngữ cảnh khác 843""]",confidence>= 0.58 nếu khớp >=1 trigger và không khớp counter,"Khi gặp Trust Issue: xác nhận cảm xúc, hỏi 1 câu mở, đưa proof phù hợp.","[""insurance"", ""electronics""]"
INT-000844,Decision Maker Missing #844,decision_maker_missing_0844,Thiếu người quyết định,"[""hỏi vợ"", ""hỏi sếp"", ""biến thể ngữ cảnh 16""]","[""Tự chốt một mình"", ""Không phải Decision Maker Missing: ngữ cảnh khác 844""]",confidence>= 0.59 nếu khớp >=1 trigger và không khớp counter,"Khi gặp Decision Maker Missing: xác nhận cảm xúc, hỏi 1 câu mở, đưa proof phù hợp.","[""education"", ""travel""]"
INT-000845,Competitor Comparison #845,competitor_comparison_0845,So sánh đối thủ,"[""bên kia"", ""rẻ hơn"", ""biến thể ngữ cảnh 17""]","[""Chỉ hỏi bảo hành"", ""Không phải Competitor Comparison: ngữ cảnh khác 845""]",confidence>= 0.60 nếu khớp >=1 trigger và không khớp counter,"Khi gặp Competitor Comparison: xác nhận cảm xúc, hỏi 1 câu mở, đưa proof phù hợp.","[""automotive"", ""plumbing""]"
INT-000846,Busy #846,busy_0846,Khách đang bận,"[""đang bận"", ""gọi lại"", ""biến thể ngữ cảnh 18""]","[""Muốn demo ngay"", ""Không phải Busy: ngữ cảnh khác 846""]",confidence>= 0.61 nếu khớp >=1 trigger và không khớp counter,"Khi gặp Busy: xác nhận cảm xúc, hỏi 1 câu mở, đưa proof phù hợp.","[""cosmetics"", ""medical_devices""]"
INT-000847,Interested #847,interested_0847,Khách quan tâm,"[""hay"", ""cho xem"", ""biến thể ngữ cảnh 19""]","[""Từ chối cứng"", ""Không phải Interested: ngữ cảnh khác 847""]",confidence>= 0.62 nếu khớp >=1 trigger và không khớp counter,"Khi gặp Interested: xác nhận cảm xúc, hỏi 1 câu mở, đưa proof phù hợp.","[""home_appliances"", ""spa""]"
INT-000848,Ready To Buy #848,ready_to_buy_0848,Sẵn sàng mua,"[""chốt"", ""thanh toán"", ""biến thể ngữ cảnh 20""]","[""Chỉ hỏi cho vui"", ""Không phải Ready To Buy: ngữ cảnh khác 848""]",confidence>= 0.63 nếu khớp >=1 trigger và không khớp counter,"Khi gặp Ready To Buy: xác nhận cảm xúc, hỏi 1 câu mở, đưa proof phù hợp.","[""food"", ""education""]"
INT-000849,Fake Agreement #849,fake_agreement_0849,Đồng ý giả để kết thúc,"[""để xem đã"", ""ok nhưng"", ""biến thể ngữ cảnh 21""]","[""Yêu cầu hợp đồng ngay"", ""Không phải Fake Agreement: ngữ cảnh khác 849""]",confidence>= 0.64 nếu khớp >=1 trigger và không khớp counter,"Khi gặp Fake Agreement: xác nhận cảm xúc, hỏi 1 câu mở, đưa proof phù hợp.","[""electronics"", ""home_appliances""]"
INT-000850,Soft Rejection #850,soft_rejection_0850,Từ chối mềm,"[""chưa cần"", ""để sau"", ""biến thể ngữ cảnh 22""]","[""Hỏi lịch lắp đặt"", ""Không phải Soft Rejection: ngữ cảnh khác 850""]",confidence>= 0.65 nếu khớp >=1 trigger và không khớp counter,"Khi gặp Soft Rejection: xác nhận cảm xúc, hỏi 1 câu mở, đưa proof phù hợp.","[""furniture"", ""furniture""]"
INT-000851,Price Concern #851,price_concern_0851,Khách lo về giá hoặc ngân sách,"[""đắt"", ""mắc"", ""giảm giá"", ""biến thể ngữ cảnh 0""]","[""Chỉ hỏi cấu phần gói, không nhắc giá"", ""Không phải Price Concern: ngữ cảnh khác 851""]",confidence>= 0.66 nếu khớp >=1 trigger và không khớp counter,"Khi gặp Price Concern: xác nhận cảm xúc, hỏi 1 câu mở, đưa proof phù hợp.","[""logistics"", ""finance""]"
INT-000852,Need More Time #852,need_more_time_0852,Khách muốn trì hoãn quyết định,"[""để hôm khác"", ""cuối tháng"", ""biến thể ngữ cảnh 1""]","[""Đồng ý chốt ngay"", ""Không phải Need More Time: ngữ cảnh khác 852""]",confidence>= 0.67 nếu khớp >=1 trigger và không khớp counter,"Khi gặp Need More Time: xác nhận cảm xúc, hỏi 1 câu mở, đưa proof phù hợp.","[""travel"", ""repair""]"
INT-000853,Trust Issue #853,trust_issue_0853,Khách nghi ngờ uy tín,"[""lừa"", ""công ty ở đâu"", ""biến thể ngữ cảnh 2""]","[""Hỏi lịch giao hàng"", ""Không phải Trust Issue: ngữ cảnh khác 853""]",confidence>= 0.68 nếu khớp >=1 trigger và không khớp counter,"Khi gặp Trust Issue: xác nhận cảm xúc, hỏi 1 câu mở, đưa proof phù hợp.","[""finance"", ""b2b_services""]"
INT-000854,Decision Maker Missing #854,decision_maker_missing_0854,Thiếu người quyết định,"[""hỏi vợ"", ""hỏi sếp"", ""biến thể ngữ cảnh 3""]","[""Tự chốt một mình"", ""Không phải Decision Maker Missing: ngữ cảnh khác 854""]",confidence>= 0.69 nếu khớp >=1 trigger và không khớp counter,"Khi gặp Decision Maker Missing: xác nhận cảm xúc, hỏi 1 câu mở, đưa proof phù hợp.","[""fitness"", ""dental""]"
INT-000855,Competitor Comparison #855,competitor_comparison_0855,So sánh đối thủ,"[""bên kia"", ""rẻ hơn"", ""biến thể ngữ cảnh 4""]","[""Chỉ hỏi bảo hành"", ""Không phải Competitor Comparison: ngữ cảnh khác 855""]",confidence>= 0.70 nếu khớp >=1 trigger và không khớp counter,"Khi gặp Competitor Comparison: xác nhận cảm xúc, hỏi 1 câu mở, đưa proof phù hợp.","[""plumbing"", ""automotive""]"
INT-000856,Busy #856,busy_0856,Khách đang bận,"[""đang bận"", ""gọi lại"", ""biến thể ngữ cảnh 5""]","[""Muốn demo ngay"", ""Không phải Busy: ngữ cảnh khác 856""]",confidence>= 0.71 nếu khớp >=1 trigger và không khớp counter,"Khi gặp Busy: xác nhận cảm xúc, hỏi 1 câu mở, đưa proof phù hợp.","[""repair"", ""food""]"
INT-000857,Interested #857,interested_0857,Khách quan tâm,"[""hay"", ""cho xem"", ""biến thể ngữ cảnh 6""]","[""Từ chối cứng"", ""Không phải Interested: ngữ cảnh khác 857""]",confidence>= 0.72 nếu khớp >=1 trigger và không khớp counter,"Khi gặp Interested: xác nhận cảm xúc, hỏi 1 câu mở, đưa proof phù hợp.","[""camera"", ""logistics""]"
INT-000858,Ready To Buy #858,ready_to_buy_0858,Sẵn sàng mua,"[""chốt"", ""thanh toán"", ""biến thể ngữ cảnh 7""]","[""Chỉ hỏi cho vui"", ""Không phải Ready To Buy: ngữ cảnh khác 858""]",confidence>= 0.73 nếu khớp >=1 trigger và không khớp counter,"Khi gặp Ready To Buy: xác nhận cảm xúc, hỏi 1 câu mở, đưa proof phù hợp.","[""medical_devices"", ""fitness""]"
INT-000859,Fake Agreement #859,fake_agreement_0859,Đồng ý giả để kết thúc,"[""để xem đã"", ""ok nhưng"", ""biến thể ngữ cảnh 8""]","[""Yêu cầu hợp đồng ngay"", ""Không phải Fake Agreement: ngữ cảnh khác 859""]",confidence>= 0.74 nếu khớp >=1 trigger và không khớp counter,"Khi gặp Fake Agreement: xác nhận cảm xúc, hỏi 1 câu mở, đưa proof phù hợp.","[""b2b_services"", ""camera""]"
INT-000860,Soft Rejection #860,soft_rejection_0860,Từ chối mềm,"[""chưa cần"", ""để sau"", ""biến thể ngữ cảnh 9""]","[""Hỏi lịch lắp đặt"", ""Không phải Soft Rejection: ngữ cảnh khác 860""]",confidence>= 0.75 nếu khớp >=1 trigger và không khớp counter,"Khi gặp Soft Rejection: xác nhận cảm xúc, hỏi 1 câu mở, đưa proof phù hợp.","[""real_estate"", ""real_estate""]"
INT-000861,Price Concern #861,price_concern_0861,Khách lo về giá hoặc ngân sách,"[""đắt"", ""mắc"", ""giảm giá"", ""biến thể ngữ cảnh 10""]","[""Chỉ hỏi cấu phần gói, không nhắc giá"", ""Không phải Price Concern: ngữ cảnh khác 861""]",confidence>= 0.76 nếu khớp >=1 trigger và không khớp counter,"Khi gặp Price Concern: xác nhận cảm xúc, hỏi 1 câu mở, đưa proof phù hợp.","[""spa"", ""insurance""]"
INT-000862,Need More Time #862,need_more_time_0862,Khách muốn trì hoãn quyết định,"[""để hôm khác"", ""cuối tháng"", ""biến thể ngữ cảnh 11""]","[""Đồng ý chốt ngay"", ""Không phải Need More Time: ngữ cảnh khác 862""]",confidence>= 0.77 nếu khớp >=1 trigger và không khớp counter,"Khi gặp Need More Time: xác nhận cảm xúc, hỏi 1 câu mở, đưa proof phù hợp.","[""dental"", ""cosmetics""]"
INT-000863,Trust Issue #863,trust_issue_0863,Khách nghi ngờ uy tín,"[""lừa"", ""công ty ở đâu"", ""biến thể ngữ cảnh 12""]","[""Hỏi lịch giao hàng"", ""Không phải Trust Issue: ngữ cảnh khác 863""]",confidence>= 0.78 nếu khớp >=1 trigger và không khớp counter,"Khi gặp Trust Issue: xác nhận cảm xúc, hỏi 1 câu mở, đưa proof phù hợp.","[""insurance"", ""electronics""]"
INT-000864,Decision Maker Missing #864,decision_maker_missing_0864,Thiếu người quyết định,"[""hỏi vợ"", ""hỏi sếp"", ""biến thể ngữ cảnh 13""]","[""Tự chốt một mình"", ""Không phải Decision Maker Missing: ngữ cảnh khác 864""]",confidence>= 0.79 nếu khớp >=1 trigger và không khớp counter,"Khi gặp Decision Maker Missing: xác nhận cảm xúc, hỏi 1 câu mở, đưa proof phù hợp.","[""education"", ""travel""]"
INT-000865,Competitor Comparison #865,competitor_comparison_0865,So sánh đối thủ,"[""bên kia"", ""rẻ hơn"", ""biến thể ngữ cảnh 14""]","[""Chỉ hỏi bảo hành"", ""Không phải Competitor Comparison: ngữ cảnh khác 865""]",confidence>= 0.80 nếu khớp >=1 trigger và không khớp counter,"Khi gặp Competitor Comparison: xác nhận cảm xúc, hỏi 1 câu mở, đưa proof phù hợp.","[""automotive"", ""plumbing""]"
INT-000866,Busy #866,busy_0866,Khách đang bận,"[""đang bận"", ""gọi lại"", ""biến thể ngữ cảnh 15""]","[""Muốn demo ngay"", ""Không phải Busy: ngữ cảnh khác 866""]",confidence>= 0.81 nếu khớp >=1 trigger và không khớp counter,"Khi gặp Busy: xác nhận cảm xúc, hỏi 1 câu mở, đưa proof phù hợp.","[""cosmetics"", ""medical_devices""]"
INT-000867,Interested #867,interested_0867,Khách quan tâm,"[""hay"", ""cho xem"", ""biến thể ngữ cảnh 16""]","[""Từ chối cứng"", ""Không phải Interested: ngữ cảnh khác 867""]",confidence>= 0.82 nếu khớp >=1 trigger và không khớp counter,"Khi gặp Interested: xác nhận cảm xúc, hỏi 1 câu mở, đưa proof phù hợp.","[""home_appliances"", ""spa""]"
INT-000868,Ready To Buy #868,ready_to_buy_0868,Sẵn sàng mua,"[""chốt"", ""thanh toán"", ""biến thể ngữ cảnh 17""]","[""Chỉ hỏi cho vui"", ""Không phải Ready To Buy: ngữ cảnh khác 868""]",confidence>= 0.83 nếu khớp >=1 trigger và không khớp counter,"Khi gặp Ready To Buy: xác nhận cảm xúc, hỏi 1 câu mở, đưa proof phù hợp.","[""food"", ""education""]"
INT-000869,Fake Agreement #869,fake_agreement_0869,Đồng ý giả để kết thúc,"[""để xem đã"", ""ok nhưng"", ""biến thể ngữ cảnh 18""]","[""Yêu cầu hợp đồng ngay"", ""Không phải Fake Agreement: ngữ cảnh khác 869""]",confidence>= 0.84 nếu khớp >=1 trigger và không khớp counter,"Khi gặp Fake Agreement: xác nhận cảm xúc, hỏi 1 câu mở, đưa proof phù hợp.","[""electronics"", ""home_appliances""]"
INT-000870,Soft Rejection #870,soft_rejection_0870,Từ chối mềm,"[""chưa cần"", ""để sau"", ""biến thể ngữ cảnh 19""]","[""Hỏi lịch lắp đặt"", ""Không phải Soft Rejection: ngữ cảnh khác 870""]",confidence>= 0.55 nếu khớp >=1 trigger và không khớp counter,"Khi gặp Soft Rejection: xác nhận cảm xúc, hỏi 1 câu mở, đưa proof phù hợp.","[""furniture"", ""furniture""]"
INT-000871,Price Concern #871,price_concern_0871,Khách lo về giá hoặc ngân sách,"[""đắt"", ""mắc"", ""giảm giá"", ""biến thể ngữ cảnh 20""]","[""Chỉ hỏi cấu phần gói, không nhắc giá"", ""Không phải Price Concern: ngữ cảnh khác 871""]",confidence>= 0.56 nếu khớp >=1 trigger và không khớp counter,"Khi gặp Price Concern: xác nhận cảm xúc, hỏi 1 câu mở, đưa proof phù hợp.","[""logistics"", ""finance""]"
INT-000872,Need More Time #872,need_more_time_0872,Khách muốn trì hoãn quyết định,"[""để hôm khác"", ""cuối tháng"", ""biến thể ngữ cảnh 21""]","[""Đồng ý chốt ngay"", ""Không phải Need More Time: ngữ cảnh khác 872""]",confidence>= 0.57 nếu khớp >=1 trigger và không khớp counter,"Khi gặp Need More Time: xác nhận cảm xúc, hỏi 1 câu mở, đưa proof phù hợp.","[""travel"", ""repair""]"
INT-000873,Trust Issue #873,trust_issue_0873,Khách nghi ngờ uy tín,"[""lừa"", ""công ty ở đâu"", ""biến thể ngữ cảnh 22""]","[""Hỏi lịch giao hàng"", ""Không phải Trust Issue: ngữ cảnh khác 873""]",confidence>= 0.58 nếu khớp >=1 trigger và không khớp counter,"Khi gặp Trust Issue: xác nhận cảm xúc, hỏi 1 câu mở, đưa proof phù hợp.","[""finance"", ""b2b_services""]"
INT-000874,Decision Maker Missing #874,decision_maker_missing_0874,Thiếu người quyết định,"[""hỏi vợ"", ""hỏi sếp"", ""biến thể ngữ cảnh 0""]","[""Tự chốt một mình"", ""Không phải Decision Maker Missing: ngữ cảnh khác 874""]",confidence>= 0.59 nếu khớp >=1 trigger và không khớp counter,"Khi gặp Decision Maker Missing: xác nhận cảm xúc, hỏi 1 câu mở, đưa proof phù hợp.","[""fitness"", ""dental""]"
INT-000875,Competitor Comparison #875,competitor_comparison_0875,So sánh đối thủ,"[""bên kia"", ""rẻ hơn"", ""biến thể ngữ cảnh 1""]","[""Chỉ hỏi bảo hành"", ""Không phải Competitor Comparison: ngữ cảnh khác 875""]",confidence>= 0.60 nếu khớp >=1 trigger và không khớp counter,"Khi gặp Competitor Comparison: xác nhận cảm xúc, hỏi 1 câu mở, đưa proof phù hợp.","[""plumbing"", ""automotive""]"
INT-000876,Busy #876,busy_0876,Khách đang bận,"[""đang bận"", ""gọi lại"", ""biến thể ngữ cảnh 2""]","[""Muốn demo ngay"", ""Không phải Busy: ngữ cảnh khác 876""]",confidence>= 0.61 nếu khớp >=1 trigger và không khớp counter,"Khi gặp Busy: xác nhận cảm xúc, hỏi 1 câu mở, đưa proof phù hợp.","[""repair"", ""food""]"
INT-000877,Interested #877,interested_0877,Khách quan tâm,"[""hay"", ""cho xem"", ""biến thể ngữ cảnh 3""]","[""Từ chối cứng"", ""Không phải Interested: ngữ cảnh khác 877""]",confidence>= 0.62 nếu khớp >=1 trigger và không khớp counter,"Khi gặp Interested: xác nhận cảm xúc, hỏi 1 câu mở, đưa proof phù hợp.","[""camera"", ""logistics""]"
INT-000878,Ready To Buy #878,ready_to_buy_0878,Sẵn sàng mua,"[""chốt"", ""thanh toán"", ""biến thể ngữ cảnh 4""]","[""Chỉ hỏi cho vui"", ""Không phải Ready To Buy: ngữ cảnh khác 878""]",confidence>= 0.63 nếu khớp >=1 trigger và không khớp counter,"Khi gặp Ready To Buy: xác nhận cảm xúc, hỏi 1 câu mở, đưa proof phù hợp.","[""medical_devices"", ""fitness""]"
INT-000879,Fake Agreement #879,fake_agreement_0879,Đồng ý giả để kết thúc,"[""để xem đã"", ""ok nhưng"", ""biến thể ngữ cảnh 5""]","[""Yêu cầu hợp đồng ngay"", ""Không phải Fake Agreement: ngữ cảnh khác 879""]",confidence>= 0.64 nếu khớp >=1 trigger và không khớp counter,"Khi gặp Fake Agreement: xác nhận cảm xúc, hỏi 1 câu mở, đưa proof phù hợp.","[""b2b_services"", ""camera""]"
INT-000880,Soft Rejection #880,soft_rejection_0880,Từ chối mềm,"[""chưa cần"", ""để sau"", ""biến thể ngữ cảnh 6""]","[""Hỏi lịch lắp đặt"", ""Không phải Soft Rejection: ngữ cảnh khác 880""]",confidence>= 0.65 nếu khớp >=1 trigger và không khớp counter,"Khi gặp Soft Rejection: xác nhận cảm xúc, hỏi 1 câu mở, đưa proof phù hợp.","[""real_estate"", ""real_estate""]"
INT-000881,Price Concern #881,price_concern_0881,Khách lo về giá hoặc ngân sách,"[""đắt"", ""mắc"", ""giảm giá"", ""biến thể ngữ cảnh 7""]","[""Chỉ hỏi cấu phần gói, không nhắc giá"", ""Không phải Price Concern: ngữ cảnh khác 881""]",confidence>= 0.66 nếu khớp >=1 trigger và không khớp counter,"Khi gặp Price Concern: xác nhận cảm xúc, hỏi 1 câu mở, đưa proof phù hợp.","[""spa"", ""insurance""]"
INT-000882,Need More Time #882,need_more_time_0882,Khách muốn trì hoãn quyết định,"[""để hôm khác"", ""cuối tháng"", ""biến thể ngữ cảnh 8""]","[""Đồng ý chốt ngay"", ""Không phải Need More Time: ngữ cảnh khác 882""]",confidence>= 0.67 nếu khớp >=1 trigger và không khớp counter,"Khi gặp Need More Time: xác nhận cảm xúc, hỏi 1 câu mở, đưa proof phù hợp.","[""dental"", ""cosmetics""]"
INT-000883,Trust Issue #883,trust_issue_0883,Khách nghi ngờ uy tín,"[""lừa"", ""công ty ở đâu"", ""biến thể ngữ cảnh 9""]","[""Hỏi lịch giao hàng"", ""Không phải Trust Issue: ngữ cảnh khác 883""]",confidence>= 0.68 nếu khớp >=1 trigger và không khớp counter,"Khi gặp Trust Issue: xác nhận cảm xúc, hỏi 1 câu mở, đưa proof phù hợp.","[""insurance"", ""electronics""]"
INT-000884,Decision Maker Missing #884,decision_maker_missing_0884,Thiếu người quyết định,"[""hỏi vợ"", ""hỏi sếp"", ""biến thể ngữ cảnh 10""]","[""Tự chốt một mình"", ""Không phải Decision Maker Missing: ngữ cảnh khác 884""]",confidence>= 0.69 nếu khớp >=1 trigger và không khớp counter,"Khi gặp Decision Maker Missing: xác nhận cảm xúc, hỏi 1 câu mở, đưa proof phù hợp.","[""education"", ""travel""]"
INT-000885,Competitor Comparison #885,competitor_comparison_0885,So sánh đối thủ,"[""bên kia"", ""rẻ hơn"", ""biến thể ngữ cảnh 11""]","[""Chỉ hỏi bảo hành"", ""Không phải Competitor Comparison: ngữ cảnh khác 885""]",confidence>= 0.70 nếu khớp >=1 trigger và không khớp counter,"Khi gặp Competitor Comparison: xác nhận cảm xúc, hỏi 1 câu mở, đưa proof phù hợp.","[""automotive"", ""plumbing""]"
INT-000886,Busy #886,busy_0886,Khách đang bận,"[""đang bận"", ""gọi lại"", ""biến thể ngữ cảnh 12""]","[""Muốn demo ngay"", ""Không phải Busy: ngữ cảnh khác 886""]",confidence>= 0.71 nếu khớp >=1 trigger và không khớp counter,"Khi gặp Busy: xác nhận cảm xúc, hỏi 1 câu mở, đưa proof phù hợp.","[""cosmetics"", ""medical_devices""]"
INT-000887,Interested #887,interested_0887,Khách quan tâm,"[""hay"", ""cho xem"", ""biến thể ngữ cảnh 13""]","[""Từ chối cứng"", ""Không phải Interested: ngữ cảnh khác 887""]",confidence>= 0.72 nếu khớp >=1 trigger và không khớp counter,"Khi gặp Interested: xác nhận cảm xúc, hỏi 1 câu mở, đưa proof phù hợp.","[""home_appliances"", ""spa""]"
INT-000888,Ready To Buy #888,ready_to_buy_0888,Sẵn sàng mua,"[""chốt"", ""thanh toán"", ""biến thể ngữ cảnh 14""]","[""Chỉ hỏi cho vui"", ""Không phải Ready To Buy: ngữ cảnh khác 888""]",confidence>= 0.73 nếu khớp >=1 trigger và không khớp counter,"Khi gặp Ready To Buy: xác nhận cảm xúc, hỏi 1 câu mở, đưa proof phù hợp.","[""food"", ""education""]"
INT-000889,Fake Agreement #889,fake_agreement_0889,Đồng ý giả để kết thúc,"[""để xem đã"", ""ok nhưng"", ""biến thể ngữ cảnh 15""]","[""Yêu cầu hợp đồng ngay"", ""Không phải Fake Agreement: ngữ cảnh khác 889""]",confidence>= 0.74 nếu khớp >=1 trigger và không khớp counter,"Khi gặp Fake Agreement: xác nhận cảm xúc, hỏi 1 câu mở, đưa proof phù hợp.","[""electronics"", ""home_appliances""]"
INT-000890,Soft Rejection #890,soft_rejection_0890,Từ chối mềm,"[""chưa cần"", ""để sau"", ""biến thể ngữ cảnh 16""]","[""Hỏi lịch lắp đặt"", ""Không phải Soft Rejection: ngữ cảnh khác 890""]",confidence>= 0.75 nếu khớp >=1 trigger và không khớp counter,"Khi gặp Soft Rejection: xác nhận cảm xúc, hỏi 1 câu mở, đưa proof phù hợp.","[""furniture"", ""furniture""]"
INT-000891,Price Concern #891,price_concern_0891,Khách lo về giá hoặc ngân sách,"[""đắt"", ""mắc"", ""giảm giá"", ""biến thể ngữ cảnh 17""]","[""Chỉ hỏi cấu phần gói, không nhắc giá"", ""Không phải Price Concern: ngữ cảnh khác 891""]",confidence>= 0.76 nếu khớp >=1 trigger và không khớp counter,"Khi gặp Price Concern: xác nhận cảm xúc, hỏi 1 câu mở, đưa proof phù hợp.","[""logistics"", ""finance""]"
INT-000892,Need More Time #892,need_more_time_0892,Khách muốn trì hoãn quyết định,"[""để hôm khác"", ""cuối tháng"", ""biến thể ngữ cảnh 18""]","[""Đồng ý chốt ngay"", ""Không phải Need More Time: ngữ cảnh khác 892""]",confidence>= 0.77 nếu khớp >=1 trigger và không khớp counter,"Khi gặp Need More Time: xác nhận cảm xúc, hỏi 1 câu mở, đưa proof phù hợp.","[""travel"", ""repair""]"
INT-000893,Trust Issue #893,trust_issue_0893,Khách nghi ngờ uy tín,"[""lừa"", ""công ty ở đâu"", ""biến thể ngữ cảnh 19""]","[""Hỏi lịch giao hàng"", ""Không phải Trust Issue: ngữ cảnh khác 893""]",confidence>= 0.78 nếu khớp >=1 trigger và không khớp counter,"Khi gặp Trust Issue: xác nhận cảm xúc, hỏi 1 câu mở, đưa proof phù hợp.","[""finance"", ""b2b_services""]"
INT-000894,Decision Maker Missing #894,decision_maker_missing_0894,Thiếu người quyết định,"[""hỏi vợ"", ""hỏi sếp"", ""biến thể ngữ cảnh 20""]","[""Tự chốt một mình"", ""Không phải Decision Maker Missing: ngữ cảnh khác 894""]",confidence>= 0.79 nếu khớp >=1 trigger và không khớp counter,"Khi gặp Decision Maker Missing: xác nhận cảm xúc, hỏi 1 câu mở, đưa proof phù hợp.","[""fitness"", ""dental""]"
INT-000895,Competitor Comparison #895,competitor_comparison_0895,So sánh đối thủ,"[""bên kia"", ""rẻ hơn"", ""biến thể ngữ cảnh 21""]","[""Chỉ hỏi bảo hành"", ""Không phải Competitor Comparison: ngữ cảnh khác 895""]",confidence>= 0.80 nếu khớp >=1 trigger và không khớp counter,"Khi gặp Competitor Comparison: xác nhận cảm xúc, hỏi 1 câu mở, đưa proof phù hợp.","[""plumbing"", ""automotive""]"
INT-000896,Busy #896,busy_0896,Khách đang bận,"[""đang bận"", ""gọi lại"", ""biến thể ngữ cảnh 22""]","[""Muốn demo ngay"", ""Không phải Busy: ngữ cảnh khác 896""]",confidence>= 0.81 nếu khớp >=1 trigger và không khớp counter,"Khi gặp Busy: xác nhận cảm xúc, hỏi 1 câu mở, đưa proof phù hợp.","[""repair"", ""food""]"
INT-000897,Interested #897,interested_0897,Khách quan tâm,"[""hay"", ""cho xem"", ""biến thể ngữ cảnh 0""]","[""Từ chối cứng"", ""Không phải Interested: ngữ cảnh khác 897""]",confidence>= 0.82 nếu khớp >=1 trigger và không khớp counter,"Khi gặp Interested: xác nhận cảm xúc, hỏi 1 câu mở, đưa proof phù hợp.","[""camera"", ""logistics""]"
INT-000898,Ready To Buy #898,ready_to_buy_0898,Sẵn sàng mua,"[""chốt"", ""thanh toán"", ""biến thể ngữ cảnh 1""]","[""Chỉ hỏi cho vui"", ""Không phải Ready To Buy: ngữ cảnh khác 898""]",confidence>= 0.83 nếu khớp >=1 trigger và không khớp counter,"Khi gặp Ready To Buy: xác nhận cảm xúc, hỏi 1 câu mở, đưa proof phù hợp.","[""medical_devices"", ""fitness""]"
INT-000899,Fake Agreement #899,fake_agreement_0899,Đồng ý giả để kết thúc,"[""để xem đã"", ""ok nhưng"", ""biến thể ngữ cảnh 2""]","[""Yêu cầu hợp đồng ngay"", ""Không phải Fake Agreement: ngữ cảnh khác 899""]",confidence>= 0.84 nếu khớp >=1 trigger và không khớp counter,"Khi gặp Fake Agreement: xác nhận cảm xúc, hỏi 1 câu mở, đưa proof phù hợp.","[""b2b_services"", ""camera""]"
INT-000900,Soft Rejection #900,soft_rejection_0900,Từ chối mềm,"[""chưa cần"", ""để sau"", ""biến thể ngữ cảnh 3""]","[""Hỏi lịch lắp đặt"", ""Không phải Soft Rejection: ngữ cảnh khác 900""]",confidence>= 0.55 nếu khớp >=1 trigger và không khớp counter,"Khi gặp Soft Rejection: xác nhận cảm xúc, hỏi 1 câu mở, đưa proof phù hợp.","[""real_estate"", ""real_estate""]"
INT-000901,Price Concern #901,price_concern_0901,Khách lo về giá hoặc ngân sách,"[""đắt"", ""mắc"", ""giảm giá"", ""biến thể ngữ cảnh 4""]","[""Chỉ hỏi cấu phần gói, không nhắc giá"", ""Không phải Price Concern: ngữ cảnh khác 901""]",confidence>= 0.56 nếu khớp >=1 trigger và không khớp counter,"Khi gặp Price Concern: xác nhận cảm xúc, hỏi 1 câu mở, đưa proof phù hợp.","[""spa"", ""insurance""]"
INT-000902,Need More Time #902,need_more_time_0902,Khách muốn trì hoãn quyết định,"[""để hôm khác"", ""cuối tháng"", ""biến thể ngữ cảnh 5""]","[""Đồng ý chốt ngay"", ""Không phải Need More Time: ngữ cảnh khác 902""]",confidence>= 0.57 nếu khớp >=1 trigger và không khớp counter,"Khi gặp Need More Time: xác nhận cảm xúc, hỏi 1 câu mở, đưa proof phù hợp.","[""dental"", ""cosmetics""]"
INT-000903,Trust Issue #903,trust_issue_0903,Khách nghi ngờ uy tín,"[""lừa"", ""công ty ở đâu"", ""biến thể ngữ cảnh 6""]","[""Hỏi lịch giao hàng"", ""Không phải Trust Issue: ngữ cảnh khác 903""]",confidence>= 0.58 nếu khớp >=1 trigger và không khớp counter,"Khi gặp Trust Issue: xác nhận cảm xúc, hỏi 1 câu mở, đưa proof phù hợp.","[""insurance"", ""electronics""]"
INT-000904,Decision Maker Missing #904,decision_maker_missing_0904,Thiếu người quyết định,"[""hỏi vợ"", ""hỏi sếp"", ""biến thể ngữ cảnh 7""]","[""Tự chốt một mình"", ""Không phải Decision Maker Missing: ngữ cảnh khác 904""]",confidence>= 0.59 nếu khớp >=1 trigger và không khớp counter,"Khi gặp Decision Maker Missing: xác nhận cảm xúc, hỏi 1 câu mở, đưa proof phù hợp.","[""education"", ""travel""]"
INT-000905,Competitor Comparison #905,competitor_comparison_0905,So sánh đối thủ,"[""bên kia"", ""rẻ hơn"", ""biến thể ngữ cảnh 8""]","[""Chỉ hỏi bảo hành"", ""Không phải Competitor Comparison: ngữ cảnh khác 905""]",confidence>= 0.60 nếu khớp >=1 trigger và không khớp counter,"Khi gặp Competitor Comparison: xác nhận cảm xúc, hỏi 1 câu mở, đưa proof phù hợp.","[""automotive"", ""plumbing""]"
INT-000906,Busy #906,busy_0906,Khách đang bận,"[""đang bận"", ""gọi lại"", ""biến thể ngữ cảnh 9""]","[""Muốn demo ngay"", ""Không phải Busy: ngữ cảnh khác 906""]",confidence>= 0.61 nếu khớp >=1 trigger và không khớp counter,"Khi gặp Busy: xác nhận cảm xúc, hỏi 1 câu mở, đưa proof phù hợp.","[""cosmetics"", ""medical_devices""]"
INT-000907,Interested #907,interested_0907,Khách quan tâm,"[""hay"", ""cho xem"", ""biến thể ngữ cảnh 10""]","[""Từ chối cứng"", ""Không phải Interested: ngữ cảnh khác 907""]",confidence>= 0.62 nếu khớp >=1 trigger và không khớp counter,"Khi gặp Interested: xác nhận cảm xúc, hỏi 1 câu mở, đưa proof phù hợp.","[""home_appliances"", ""spa""]"
INT-000908,Ready To Buy #908,ready_to_buy_0908,Sẵn sàng mua,"[""chốt"", ""thanh toán"", ""biến thể ngữ cảnh 11""]","[""Chỉ hỏi cho vui"", ""Không phải Ready To Buy: ngữ cảnh khác 908""]",confidence>= 0.63 nếu khớp >=1 trigger và không khớp counter,"Khi gặp Ready To Buy: xác nhận cảm xúc, hỏi 1 câu mở, đưa proof phù hợp.","[""food"", ""education""]"
INT-000909,Fake Agreement #909,fake_agreement_0909,Đồng ý giả để kết thúc,"[""để xem đã"", ""ok nhưng"", ""biến thể ngữ cảnh 12""]","[""Yêu cầu hợp đồng ngay"", ""Không phải Fake Agreement: ngữ cảnh khác 909""]",confidence>= 0.64 nếu khớp >=1 trigger và không khớp counter,"Khi gặp Fake Agreement: xác nhận cảm xúc, hỏi 1 câu mở, đưa proof phù hợp.","[""electronics"", ""home_appliances""]"
INT-000910,Soft Rejection #910,soft_rejection_0910,Từ chối mềm,"[""chưa cần"", ""để sau"", ""biến thể ngữ cảnh 13""]","[""Hỏi lịch lắp đặt"", ""Không phải Soft Rejection: ngữ cảnh khác 910""]",confidence>= 0.65 nếu khớp >=1 trigger và không khớp counter,"Khi gặp Soft Rejection: xác nhận cảm xúc, hỏi 1 câu mở, đưa proof phù hợp.","[""furniture"", ""furniture""]"
INT-000911,Price Concern #911,price_concern_0911,Khách lo về giá hoặc ngân sách,"[""đắt"", ""mắc"", ""giảm giá"", ""biến thể ngữ cảnh 14""]","[""Chỉ hỏi cấu phần gói, không nhắc giá"", ""Không phải Price Concern: ngữ cảnh khác 911""]",confidence>= 0.66 nếu khớp >=1 trigger và không khớp counter,"Khi gặp Price Concern: xác nhận cảm xúc, hỏi 1 câu mở, đưa proof phù hợp.","[""logistics"", ""finance""]"
INT-000912,Need More Time #912,need_more_time_0912,Khách muốn trì hoãn quyết định,"[""để hôm khác"", ""cuối tháng"", ""biến thể ngữ cảnh 15""]","[""Đồng ý chốt ngay"", ""Không phải Need More Time: ngữ cảnh khác 912""]",confidence>= 0.67 nếu khớp >=1 trigger và không khớp counter,"Khi gặp Need More Time: xác nhận cảm xúc, hỏi 1 câu mở, đưa proof phù hợp.","[""travel"", ""repair""]"
INT-000913,Trust Issue #913,trust_issue_0913,Khách nghi ngờ uy tín,"[""lừa"", ""công ty ở đâu"", ""biến thể ngữ cảnh 16""]","[""Hỏi lịch giao hàng"", ""Không phải Trust Issue: ngữ cảnh khác 913""]",confidence>= 0.68 nếu khớp >=1 trigger và không khớp counter,"Khi gặp Trust Issue: xác nhận cảm xúc, hỏi 1 câu mở, đưa proof phù hợp.","[""finance"", ""b2b_services""]"
INT-000914,Decision Maker Missing #914,decision_maker_missing_0914,Thiếu người quyết định,"[""hỏi vợ"", ""hỏi sếp"", ""biến thể ngữ cảnh 17""]","[""Tự chốt một mình"", ""Không phải Decision Maker Missing: ngữ cảnh khác 914""]",confidence>= 0.69 nếu khớp >=1 trigger và không khớp counter,"Khi gặp Decision Maker Missing: xác nhận cảm xúc, hỏi 1 câu mở, đưa proof phù hợp.","[""fitness"", ""dental""]"
INT-000915,Competitor Comparison #915,competitor_comparison_0915,So sánh đối thủ,"[""bên kia"", ""rẻ hơn"", ""biến thể ngữ cảnh 18""]","[""Chỉ hỏi bảo hành"", ""Không phải Competitor Comparison: ngữ cảnh khác 915""]",confidence>= 0.70 nếu khớp >=1 trigger và không khớp counter,"Khi gặp Competitor Comparison: xác nhận cảm xúc, hỏi 1 câu mở, đưa proof phù hợp.","[""plumbing"", ""automotive""]"
INT-000916,Busy #916,busy_0916,Khách đang bận,"[""đang bận"", ""gọi lại"", ""biến thể ngữ cảnh 19""]","[""Muốn demo ngay"", ""Không phải Busy: ngữ cảnh khác 916""]",confidence>= 0.71 nếu khớp >=1 trigger và không khớp counter,"Khi gặp Busy: xác nhận cảm xúc, hỏi 1 câu mở, đưa proof phù hợp.","[""repair"", ""food""]"
INT-000917,Interested #917,interested_0917,Khách quan tâm,"[""hay"", ""cho xem"", ""biến thể ngữ cảnh 20""]","[""Từ chối cứng"", ""Không phải Interested: ngữ cảnh khác 917""]",confidence>= 0.72 nếu khớp >=1 trigger và không khớp counter,"Khi gặp Interested: xác nhận cảm xúc, hỏi 1 câu mở, đưa proof phù hợp.","[""camera"", ""logistics""]"
INT-000918,Ready To Buy #918,ready_to_buy_0918,Sẵn sàng mua,"[""chốt"", ""thanh toán"", ""biến thể ngữ cảnh 21""]","[""Chỉ hỏi cho vui"", ""Không phải Ready To Buy: ngữ cảnh khác 918""]",confidence>= 0.73 nếu khớp >=1 trigger và không khớp counter,"Khi gặp Ready To Buy: xác nhận cảm xúc, hỏi 1 câu mở, đưa proof phù hợp.","[""medical_devices"", ""fitness""]"
INT-000919,Fake Agreement #919,fake_agreement_0919,Đồng ý giả để kết thúc,"[""để xem đã"", ""ok nhưng"", ""biến thể ngữ cảnh 22""]","[""Yêu cầu hợp đồng ngay"", ""Không phải Fake Agreement: ngữ cảnh khác 919""]",confidence>= 0.74 nếu khớp >=1 trigger và không khớp counter,"Khi gặp Fake Agreement: xác nhận cảm xúc, hỏi 1 câu mở, đưa proof phù hợp.","[""b2b_services"", ""camera""]"
INT-000920,Soft Rejection #920,soft_rejection_0920,Từ chối mềm,"[""chưa cần"", ""để sau"", ""biến thể ngữ cảnh 0""]","[""Hỏi lịch lắp đặt"", ""Không phải Soft Rejection: ngữ cảnh khác 920""]",confidence>= 0.75 nếu khớp >=1 trigger và không khớp counter,"Khi gặp Soft Rejection: xác nhận cảm xúc, hỏi 1 câu mở, đưa proof phù hợp.","[""real_estate"", ""real_estate""]"
INT-000921,Price Concern #921,price_concern_0921,Khách lo về giá hoặc ngân sách,"[""đắt"", ""mắc"", ""giảm giá"", ""biến thể ngữ cảnh 1""]","[""Chỉ hỏi cấu phần gói, không nhắc giá"", ""Không phải Price Concern: ngữ cảnh khác 921""]",confidence>= 0.76 nếu khớp >=1 trigger và không khớp counter,"Khi gặp Price Concern: xác nhận cảm xúc, hỏi 1 câu mở, đưa proof phù hợp.","[""spa"", ""insurance""]"
INT-000922,Need More Time #922,need_more_time_0922,Khách muốn trì hoãn quyết định,"[""để hôm khác"", ""cuối tháng"", ""biến thể ngữ cảnh 2""]","[""Đồng ý chốt ngay"", ""Không phải Need More Time: ngữ cảnh khác 922""]",confidence>= 0.77 nếu khớp >=1 trigger và không khớp counter,"Khi gặp Need More Time: xác nhận cảm xúc, hỏi 1 câu mở, đưa proof phù hợp.","[""dental"", ""cosmetics""]"
INT-000923,Trust Issue #923,trust_issue_0923,Khách nghi ngờ uy tín,"[""lừa"", ""công ty ở đâu"", ""biến thể ngữ cảnh 3""]","[""Hỏi lịch giao hàng"", ""Không phải Trust Issue: ngữ cảnh khác 923""]",confidence>= 0.78 nếu khớp >=1 trigger và không khớp counter,"Khi gặp Trust Issue: xác nhận cảm xúc, hỏi 1 câu mở, đưa proof phù hợp.","[""insurance"", ""electronics""]"
INT-000924,Decision Maker Missing #924,decision_maker_missing_0924,Thiếu người quyết định,"[""hỏi vợ"", ""hỏi sếp"", ""biến thể ngữ cảnh 4""]","[""Tự chốt một mình"", ""Không phải Decision Maker Missing: ngữ cảnh khác 924""]",confidence>= 0.79 nếu khớp >=1 trigger và không khớp counter,"Khi gặp Decision Maker Missing: xác nhận cảm xúc, hỏi 1 câu mở, đưa proof phù hợp.","[""education"", ""travel""]"
INT-000925,Competitor Comparison #925,competitor_comparison_0925,So sánh đối thủ,"[""bên kia"", ""rẻ hơn"", ""biến thể ngữ cảnh 5""]","[""Chỉ hỏi bảo hành"", ""Không phải Competitor Comparison: ngữ cảnh khác 925""]",confidence>= 0.80 nếu khớp >=1 trigger và không khớp counter,"Khi gặp Competitor Comparison: xác nhận cảm xúc, hỏi 1 câu mở, đưa proof phù hợp.","[""automotive"", ""plumbing""]"
INT-000926,Busy #926,busy_0926,Khách đang bận,"[""đang bận"", ""gọi lại"", ""biến thể ngữ cảnh 6""]","[""Muốn demo ngay"", ""Không phải Busy: ngữ cảnh khác 926""]",confidence>= 0.81 nếu khớp >=1 trigger và không khớp counter,"Khi gặp Busy: xác nhận cảm xúc, hỏi 1 câu mở, đưa proof phù hợp.","[""cosmetics"", ""medical_devices""]"
INT-000927,Interested #927,interested_0927,Khách quan tâm,"[""hay"", ""cho xem"", ""biến thể ngữ cảnh 7""]","[""Từ chối cứng"", ""Không phải Interested: ngữ cảnh khác 927""]",confidence>= 0.82 nếu khớp >=1 trigger và không khớp counter,"Khi gặp Interested: xác nhận cảm xúc, hỏi 1 câu mở, đưa proof phù hợp.","[""home_appliances"", ""spa""]"
INT-000928,Ready To Buy #928,ready_to_buy_0928,Sẵn sàng mua,"[""chốt"", ""thanh toán"", ""biến thể ngữ cảnh 8""]","[""Chỉ hỏi cho vui"", ""Không phải Ready To Buy: ngữ cảnh khác 928""]",confidence>= 0.83 nếu khớp >=1 trigger và không khớp counter,"Khi gặp Ready To Buy: xác nhận cảm xúc, hỏi 1 câu mở, đưa proof phù hợp.","[""food"", ""education""]"
INT-000929,Fake Agreement #929,fake_agreement_0929,Đồng ý giả để kết thúc,"[""để xem đã"", ""ok nhưng"", ""biến thể ngữ cảnh 9""]","[""Yêu cầu hợp đồng ngay"", ""Không phải Fake Agreement: ngữ cảnh khác 929""]",confidence>= 0.84 nếu khớp >=1 trigger và không khớp counter,"Khi gặp Fake Agreement: xác nhận cảm xúc, hỏi 1 câu mở, đưa proof phù hợp.","[""electronics"", ""home_appliances""]"
INT-000930,Soft Rejection #930,soft_rejection_0930,Từ chối mềm,"[""chưa cần"", ""để sau"", ""biến thể ngữ cảnh 10""]","[""Hỏi lịch lắp đặt"", ""Không phải Soft Rejection: ngữ cảnh khác 930""]",confidence>= 0.55 nếu khớp >=1 trigger và không khớp counter,"Khi gặp Soft Rejection: xác nhận cảm xúc, hỏi 1 câu mở, đưa proof phù hợp.","[""furniture"", ""furniture""]"
INT-000931,Price Concern #931,price_concern_0931,Khách lo về giá hoặc ngân sách,"[""đắt"", ""mắc"", ""giảm giá"", ""biến thể ngữ cảnh 11""]","[""Chỉ hỏi cấu phần gói, không nhắc giá"", ""Không phải Price Concern: ngữ cảnh khác 931""]",confidence>= 0.56 nếu khớp >=1 trigger và không khớp counter,"Khi gặp Price Concern: xác nhận cảm xúc, hỏi 1 câu mở, đưa proof phù hợp.","[""logistics"", ""finance""]"
INT-000932,Need More Time #932,need_more_time_0932,Khách muốn trì hoãn quyết định,"[""để hôm khác"", ""cuối tháng"", ""biến thể ngữ cảnh 12""]","[""Đồng ý chốt ngay"", ""Không phải Need More Time: ngữ cảnh khác 932""]",confidence>= 0.57 nếu khớp >=1 trigger và không khớp counter,"Khi gặp Need More Time: xác nhận cảm xúc, hỏi 1 câu mở, đưa proof phù hợp.","[""travel"", ""repair""]"
INT-000933,Trust Issue #933,trust_issue_0933,Khách nghi ngờ uy tín,"[""lừa"", ""công ty ở đâu"", ""biến thể ngữ cảnh 13""]","[""Hỏi lịch giao hàng"", ""Không phải Trust Issue: ngữ cảnh khác 933""]",confidence>= 0.58 nếu khớp >=1 trigger và không khớp counter,"Khi gặp Trust Issue: xác nhận cảm xúc, hỏi 1 câu mở, đưa proof phù hợp.","[""finance"", ""b2b_services""]"
INT-000934,Decision Maker Missing #934,decision_maker_missing_0934,Thiếu người quyết định,"[""hỏi vợ"", ""hỏi sếp"", ""biến thể ngữ cảnh 14""]","[""Tự chốt một mình"", ""Không phải Decision Maker Missing: ngữ cảnh khác 934""]",confidence>= 0.59 nếu khớp >=1 trigger và không khớp counter,"Khi gặp Decision Maker Missing: xác nhận cảm xúc, hỏi 1 câu mở, đưa proof phù hợp.","[""fitness"", ""dental""]"
INT-000935,Competitor Comparison #935,competitor_comparison_0935,So sánh đối thủ,"[""bên kia"", ""rẻ hơn"", ""biến thể ngữ cảnh 15""]","[""Chỉ hỏi bảo hành"", ""Không phải Competitor Comparison: ngữ cảnh khác 935""]",confidence>= 0.60 nếu khớp >=1 trigger và không khớp counter,"Khi gặp Competitor Comparison: xác nhận cảm xúc, hỏi 1 câu mở, đưa proof phù hợp.","[""plumbing"", ""automotive""]"
INT-000936,Busy #936,busy_0936,Khách đang bận,"[""đang bận"", ""gọi lại"", ""biến thể ngữ cảnh 16""]","[""Muốn demo ngay"", ""Không phải Busy: ngữ cảnh khác 936""]",confidence>= 0.61 nếu khớp >=1 trigger và không khớp counter,"Khi gặp Busy: xác nhận cảm xúc, hỏi 1 câu mở, đưa proof phù hợp.","[""repair"", ""food""]"
INT-000937,Interested #937,interested_0937,Khách quan tâm,"[""hay"", ""cho xem"", ""biến thể ngữ cảnh 17""]","[""Từ chối cứng"", ""Không phải Interested: ngữ cảnh khác 937""]",confidence>= 0.62 nếu khớp >=1 trigger và không khớp counter,"Khi gặp Interested: xác nhận cảm xúc, hỏi 1 câu mở, đưa proof phù hợp.","[""camera"", ""logistics""]"
INT-000938,Ready To Buy #938,ready_to_buy_0938,Sẵn sàng mua,"[""chốt"", ""thanh toán"", ""biến thể ngữ cảnh 18""]","[""Chỉ hỏi cho vui"", ""Không phải Ready To Buy: ngữ cảnh khác 938""]",confidence>= 0.63 nếu khớp >=1 trigger và không khớp counter,"Khi gặp Ready To Buy: xác nhận cảm xúc, hỏi 1 câu mở, đưa proof phù hợp.","[""medical_devices"", ""fitness""]"
INT-000939,Fake Agreement #939,fake_agreement_0939,Đồng ý giả để kết thúc,"[""để xem đã"", ""ok nhưng"", ""biến thể ngữ cảnh 19""]","[""Yêu cầu hợp đồng ngay"", ""Không phải Fake Agreement: ngữ cảnh khác 939""]",confidence>= 0.64 nếu khớp >=1 trigger và không khớp counter,"Khi gặp Fake Agreement: xác nhận cảm xúc, hỏi 1 câu mở, đưa proof phù hợp.","[""b2b_services"", ""camera""]"
INT-000940,Soft Rejection #940,soft_rejection_0940,Từ chối mềm,"[""chưa cần"", ""để sau"", ""biến thể ngữ cảnh 20""]","[""Hỏi lịch lắp đặt"", ""Không phải Soft Rejection: ngữ cảnh khác 940""]",confidence>= 0.65 nếu khớp >=1 trigger và không khớp counter,"Khi gặp Soft Rejection: xác nhận cảm xúc, hỏi 1 câu mở, đưa proof phù hợp.","[""real_estate"", ""real_estate""]"
INT-000941,Price Concern #941,price_concern_0941,Khách lo về giá hoặc ngân sách,"[""đắt"", ""mắc"", ""giảm giá"", ""biến thể ngữ cảnh 21""]","[""Chỉ hỏi cấu phần gói, không nhắc giá"", ""Không phải Price Concern: ngữ cảnh khác 941""]",confidence>= 0.66 nếu khớp >=1 trigger và không khớp counter,"Khi gặp Price Concern: xác nhận cảm xúc, hỏi 1 câu mở, đưa proof phù hợp.","[""spa"", ""insurance""]"
INT-000942,Need More Time #942,need_more_time_0942,Khách muốn trì hoãn quyết định,"[""để hôm khác"", ""cuối tháng"", ""biến thể ngữ cảnh 22""]","[""Đồng ý chốt ngay"", ""Không phải Need More Time: ngữ cảnh khác 942""]",confidence>= 0.67 nếu khớp >=1 trigger và không khớp counter,"Khi gặp Need More Time: xác nhận cảm xúc, hỏi 1 câu mở, đưa proof phù hợp.","[""dental"", ""cosmetics""]"
INT-000943,Trust Issue #943,trust_issue_0943,Khách nghi ngờ uy tín,"[""lừa"", ""công ty ở đâu"", ""biến thể ngữ cảnh 0""]","[""Hỏi lịch giao hàng"", ""Không phải Trust Issue: ngữ cảnh khác 943""]",confidence>= 0.68 nếu khớp >=1 trigger và không khớp counter,"Khi gặp Trust Issue: xác nhận cảm xúc, hỏi 1 câu mở, đưa proof phù hợp.","[""insurance"", ""electronics""]"
INT-000944,Decision Maker Missing #944,decision_maker_missing_0944,Thiếu người quyết định,"[""hỏi vợ"", ""hỏi sếp"", ""biến thể ngữ cảnh 1""]","[""Tự chốt một mình"", ""Không phải Decision Maker Missing: ngữ cảnh khác 944""]",confidence>= 0.69 nếu khớp >=1 trigger và không khớp counter,"Khi gặp Decision Maker Missing: xác nhận cảm xúc, hỏi 1 câu mở, đưa proof phù hợp.","[""education"", ""travel""]"
INT-000945,Competitor Comparison #945,competitor_comparison_0945,So sánh đối thủ,"[""bên kia"", ""rẻ hơn"", ""biến thể ngữ cảnh 2""]","[""Chỉ hỏi bảo hành"", ""Không phải Competitor Comparison: ngữ cảnh khác 945""]",confidence>= 0.70 nếu khớp >=1 trigger và không khớp counter,"Khi gặp Competitor Comparison: xác nhận cảm xúc, hỏi 1 câu mở, đưa proof phù hợp.","[""automotive"", ""plumbing""]"
INT-000946,Busy #946,busy_0946,Khách đang bận,"[""đang bận"", ""gọi lại"", ""biến thể ngữ cảnh 3""]","[""Muốn demo ngay"", ""Không phải Busy: ngữ cảnh khác 946""]",confidence>= 0.71 nếu khớp >=1 trigger và không khớp counter,"Khi gặp Busy: xác nhận cảm xúc, hỏi 1 câu mở, đưa proof phù hợp.","[""cosmetics"", ""medical_devices""]"
INT-000947,Interested #947,interested_0947,Khách quan tâm,"[""hay"", ""cho xem"", ""biến thể ngữ cảnh 4""]","[""Từ chối cứng"", ""Không phải Interested: ngữ cảnh khác 947""]",confidence>= 0.72 nếu khớp >=1 trigger và không khớp counter,"Khi gặp Interested: xác nhận cảm xúc, hỏi 1 câu mở, đưa proof phù hợp.","[""home_appliances"", ""spa""]"
INT-000948,Ready To Buy #948,ready_to_buy_0948,Sẵn sàng mua,"[""chốt"", ""thanh toán"", ""biến thể ngữ cảnh 5""]","[""Chỉ hỏi cho vui"", ""Không phải Ready To Buy: ngữ cảnh khác 948""]",confidence>= 0.73 nếu khớp >=1 trigger và không khớp counter,"Khi gặp Ready To Buy: xác nhận cảm xúc, hỏi 1 câu mở, đưa proof phù hợp.","[""food"", ""education""]"
INT-000949,Fake Agreement #949,fake_agreement_0949,Đồng ý giả để kết thúc,"[""để xem đã"", ""ok nhưng"", ""biến thể ngữ cảnh 6""]","[""Yêu cầu hợp đồng ngay"", ""Không phải Fake Agreement: ngữ cảnh khác 949""]",confidence>= 0.74 nếu khớp >=1 trigger và không khớp counter,"Khi gặp Fake Agreement: xác nhận cảm xúc, hỏi 1 câu mở, đưa proof phù hợp.","[""electronics"", ""home_appliances""]"
INT-000950,Soft Rejection #950,soft_rejection_0950,Từ chối mềm,"[""chưa cần"", ""để sau"", ""biến thể ngữ cảnh 7""]","[""Hỏi lịch lắp đặt"", ""Không phải Soft Rejection: ngữ cảnh khác 950""]",confidence>= 0.75 nếu khớp >=1 trigger và không khớp counter,"Khi gặp Soft Rejection: xác nhận cảm xúc, hỏi 1 câu mở, đưa proof phù hợp.","[""furniture"", ""furniture""]"
INT-000951,Price Concern #951,price_concern_0951,Khách lo về giá hoặc ngân sách,"[""đắt"", ""mắc"", ""giảm giá"", ""biến thể ngữ cảnh 8""]","[""Chỉ hỏi cấu phần gói, không nhắc giá"", ""Không phải Price Concern: ngữ cảnh khác 951""]",confidence>= 0.76 nếu khớp >=1 trigger và không khớp counter,"Khi gặp Price Concern: xác nhận cảm xúc, hỏi 1 câu mở, đưa proof phù hợp.","[""logistics"", ""finance""]"
INT-000952,Need More Time #952,need_more_time_0952,Khách muốn trì hoãn quyết định,"[""để hôm khác"", ""cuối tháng"", ""biến thể ngữ cảnh 9""]","[""Đồng ý chốt ngay"", ""Không phải Need More Time: ngữ cảnh khác 952""]",confidence>= 0.77 nếu khớp >=1 trigger và không khớp counter,"Khi gặp Need More Time: xác nhận cảm xúc, hỏi 1 câu mở, đưa proof phù hợp.","[""travel"", ""repair""]"
INT-000953,Trust Issue #953,trust_issue_0953,Khách nghi ngờ uy tín,"[""lừa"", ""công ty ở đâu"", ""biến thể ngữ cảnh 10""]","[""Hỏi lịch giao hàng"", ""Không phải Trust Issue: ngữ cảnh khác 953""]",confidence>= 0.78 nếu khớp >=1 trigger và không khớp counter,"Khi gặp Trust Issue: xác nhận cảm xúc, hỏi 1 câu mở, đưa proof phù hợp.","[""finance"", ""b2b_services""]"
INT-000954,Decision Maker Missing #954,decision_maker_missing_0954,Thiếu người quyết định,"[""hỏi vợ"", ""hỏi sếp"", ""biến thể ngữ cảnh 11""]","[""Tự chốt một mình"", ""Không phải Decision Maker Missing: ngữ cảnh khác 954""]",confidence>= 0.79 nếu khớp >=1 trigger và không khớp counter,"Khi gặp Decision Maker Missing: xác nhận cảm xúc, hỏi 1 câu mở, đưa proof phù hợp.","[""fitness"", ""dental""]"
INT-000955,Competitor Comparison #955,competitor_comparison_0955,So sánh đối thủ,"[""bên kia"", ""rẻ hơn"", ""biến thể ngữ cảnh 12""]","[""Chỉ hỏi bảo hành"", ""Không phải Competitor Comparison: ngữ cảnh khác 955""]",confidence>= 0.80 nếu khớp >=1 trigger và không khớp counter,"Khi gặp Competitor Comparison: xác nhận cảm xúc, hỏi 1 câu mở, đưa proof phù hợp.","[""plumbing"", ""automotive""]"
INT-000956,Busy #956,busy_0956,Khách đang bận,"[""đang bận"", ""gọi lại"", ""biến thể ngữ cảnh 13""]","[""Muốn demo ngay"", ""Không phải Busy: ngữ cảnh khác 956""]",confidence>= 0.81 nếu khớp >=1 trigger và không khớp counter,"Khi gặp Busy: xác nhận cảm xúc, hỏi 1 câu mở, đưa proof phù hợp.","[""repair"", ""food""]"
INT-000957,Interested #957,interested_0957,Khách quan tâm,"[""hay"", ""cho xem"", ""biến thể ngữ cảnh 14""]","[""Từ chối cứng"", ""Không phải Interested: ngữ cảnh khác 957""]",confidence>= 0.82 nếu khớp >=1 trigger và không khớp counter,"Khi gặp Interested: xác nhận cảm xúc, hỏi 1 câu mở, đưa proof phù hợp.","[""camera"", ""logistics""]"
INT-000958,Ready To Buy #958,ready_to_buy_0958,Sẵn sàng mua,"[""chốt"", ""thanh toán"", ""biến thể ngữ cảnh 15""]","[""Chỉ hỏi cho vui"", ""Không phải Ready To Buy: ngữ cảnh khác 958""]",confidence>= 0.83 nếu khớp >=1 trigger và không khớp counter,"Khi gặp Ready To Buy: xác nhận cảm xúc, hỏi 1 câu mở, đưa proof phù hợp.","[""medical_devices"", ""fitness""]"
INT-000959,Fake Agreement #959,fake_agreement_0959,Đồng ý giả để kết thúc,"[""để xem đã"", ""ok nhưng"", ""biến thể ngữ cảnh 16""]","[""Yêu cầu hợp đồng ngay"", ""Không phải Fake Agreement: ngữ cảnh khác 959""]",confidence>= 0.84 nếu khớp >=1 trigger và không khớp counter,"Khi gặp Fake Agreement: xác nhận cảm xúc, hỏi 1 câu mở, đưa proof phù hợp.","[""b2b_services"", ""camera""]"
INT-000960,Soft Rejection #960,soft_rejection_0960,Từ chối mềm,"[""chưa cần"", ""để sau"", ""biến thể ngữ cảnh 17""]","[""Hỏi lịch lắp đặt"", ""Không phải Soft Rejection: ngữ cảnh khác 960""]",confidence>= 0.55 nếu khớp >=1 trigger và không khớp counter,"Khi gặp Soft Rejection: xác nhận cảm xúc, hỏi 1 câu mở, đưa proof phù hợp.","[""real_estate"", ""real_estate""]"
INT-000961,Price Concern #961,price_concern_0961,Khách lo về giá hoặc ngân sách,"[""đắt"", ""mắc"", ""giảm giá"", ""biến thể ngữ cảnh 18""]","[""Chỉ hỏi cấu phần gói, không nhắc giá"", ""Không phải Price Concern: ngữ cảnh khác 961""]",confidence>= 0.56 nếu khớp >=1 trigger và không khớp counter,"Khi gặp Price Concern: xác nhận cảm xúc, hỏi 1 câu mở, đưa proof phù hợp.","[""spa"", ""insurance""]"
INT-000962,Need More Time #962,need_more_time_0962,Khách muốn trì hoãn quyết định,"[""để hôm khác"", ""cuối tháng"", ""biến thể ngữ cảnh 19""]","[""Đồng ý chốt ngay"", ""Không phải Need More Time: ngữ cảnh khác 962""]",confidence>= 0.57 nếu khớp >=1 trigger và không khớp counter,"Khi gặp Need More Time: xác nhận cảm xúc, hỏi 1 câu mở, đưa proof phù hợp.","[""dental"", ""cosmetics""]"
INT-000963,Trust Issue #963,trust_issue_0963,Khách nghi ngờ uy tín,"[""lừa"", ""công ty ở đâu"", ""biến thể ngữ cảnh 20""]","[""Hỏi lịch giao hàng"", ""Không phải Trust Issue: ngữ cảnh khác 963""]",confidence>= 0.58 nếu khớp >=1 trigger và không khớp counter,"Khi gặp Trust Issue: xác nhận cảm xúc, hỏi 1 câu mở, đưa proof phù hợp.","[""insurance"", ""electronics""]"
INT-000964,Decision Maker Missing #964,decision_maker_missing_0964,Thiếu người quyết định,"[""hỏi vợ"", ""hỏi sếp"", ""biến thể ngữ cảnh 21""]","[""Tự chốt một mình"", ""Không phải Decision Maker Missing: ngữ cảnh khác 964""]",confidence>= 0.59 nếu khớp >=1 trigger và không khớp counter,"Khi gặp Decision Maker Missing: xác nhận cảm xúc, hỏi 1 câu mở, đưa proof phù hợp.","[""education"", ""travel""]"
INT-000965,Competitor Comparison #965,competitor_comparison_0965,So sánh đối thủ,"[""bên kia"", ""rẻ hơn"", ""biến thể ngữ cảnh 22""]","[""Chỉ hỏi bảo hành"", ""Không phải Competitor Comparison: ngữ cảnh khác 965""]",confidence>= 0.60 nếu khớp >=1 trigger và không khớp counter,"Khi gặp Competitor Comparison: xác nhận cảm xúc, hỏi 1 câu mở, đưa proof phù hợp.","[""automotive"", ""plumbing""]"
INT-000966,Busy #966,busy_0966,Khách đang bận,"[""đang bận"", ""gọi lại"", ""biến thể ngữ cảnh 0""]","[""Muốn demo ngay"", ""Không phải Busy: ngữ cảnh khác 966""]",confidence>= 0.61 nếu khớp >=1 trigger và không khớp counter,"Khi gặp Busy: xác nhận cảm xúc, hỏi 1 câu mở, đưa proof phù hợp.","[""cosmetics"", ""medical_devices""]"
INT-000967,Interested #967,interested_0967,Khách quan tâm,"[""hay"", ""cho xem"", ""biến thể ngữ cảnh 1""]","[""Từ chối cứng"", ""Không phải Interested: ngữ cảnh khác 967""]",confidence>= 0.62 nếu khớp >=1 trigger và không khớp counter,"Khi gặp Interested: xác nhận cảm xúc, hỏi 1 câu mở, đưa proof phù hợp.","[""home_appliances"", ""spa""]"
INT-000968,Ready To Buy #968,ready_to_buy_0968,Sẵn sàng mua,"[""chốt"", ""thanh toán"", ""biến thể ngữ cảnh 2""]","[""Chỉ hỏi cho vui"", ""Không phải Ready To Buy: ngữ cảnh khác 968""]",confidence>= 0.63 nếu khớp >=1 trigger và không khớp counter,"Khi gặp Ready To Buy: xác nhận cảm xúc, hỏi 1 câu mở, đưa proof phù hợp.","[""food"", ""education""]"
INT-000969,Fake Agreement #969,fake_agreement_0969,Đồng ý giả để kết thúc,"[""để xem đã"", ""ok nhưng"", ""biến thể ngữ cảnh 3""]","[""Yêu cầu hợp đồng ngay"", ""Không phải Fake Agreement: ngữ cảnh khác 969""]",confidence>= 0.64 nếu khớp >=1 trigger và không khớp counter,"Khi gặp Fake Agreement: xác nhận cảm xúc, hỏi 1 câu mở, đưa proof phù hợp.","[""electronics"", ""home_appliances""]"
INT-000970,Soft Rejection #970,soft_rejection_0970,Từ chối mềm,"[""chưa cần"", ""để sau"", ""biến thể ngữ cảnh 4""]","[""Hỏi lịch lắp đặt"", ""Không phải Soft Rejection: ngữ cảnh khác 970""]",confidence>= 0.65 nếu khớp >=1 trigger và không khớp counter,"Khi gặp Soft Rejection: xác nhận cảm xúc, hỏi 1 câu mở, đưa proof phù hợp.","[""furniture"", ""furniture""]"
INT-000971,Price Concern #971,price_concern_0971,Khách lo về giá hoặc ngân sách,"[""đắt"", ""mắc"", ""giảm giá"", ""biến thể ngữ cảnh 5""]","[""Chỉ hỏi cấu phần gói, không nhắc giá"", ""Không phải Price Concern: ngữ cảnh khác 971""]",confidence>= 0.66 nếu khớp >=1 trigger và không khớp counter,"Khi gặp Price Concern: xác nhận cảm xúc, hỏi 1 câu mở, đưa proof phù hợp.","[""logistics"", ""finance""]"
INT-000972,Need More Time #972,need_more_time_0972,Khách muốn trì hoãn quyết định,"[""để hôm khác"", ""cuối tháng"", ""biến thể ngữ cảnh 6""]","[""Đồng ý chốt ngay"", ""Không phải Need More Time: ngữ cảnh khác 972""]",confidence>= 0.67 nếu khớp >=1 trigger và không khớp counter,"Khi gặp Need More Time: xác nhận cảm xúc, hỏi 1 câu mở, đưa proof phù hợp.","[""travel"", ""repair""]"
INT-000973,Trust Issue #973,trust_issue_0973,Khách nghi ngờ uy tín,"[""lừa"", ""công ty ở đâu"", ""biến thể ngữ cảnh 7""]","[""Hỏi lịch giao hàng"", ""Không phải Trust Issue: ngữ cảnh khác 973""]",confidence>= 0.68 nếu khớp >=1 trigger và không khớp counter,"Khi gặp Trust Issue: xác nhận cảm xúc, hỏi 1 câu mở, đưa proof phù hợp.","[""finance"", ""b2b_services""]"
INT-000974,Decision Maker Missing #974,decision_maker_missing_0974,Thiếu người quyết định,"[""hỏi vợ"", ""hỏi sếp"", ""biến thể ngữ cảnh 8""]","[""Tự chốt một mình"", ""Không phải Decision Maker Missing: ngữ cảnh khác 974""]",confidence>= 0.69 nếu khớp >=1 trigger và không khớp counter,"Khi gặp Decision Maker Missing: xác nhận cảm xúc, hỏi 1 câu mở, đưa proof phù hợp.","[""fitness"", ""dental""]"
INT-000975,Competitor Comparison #975,competitor_comparison_0975,So sánh đối thủ,"[""bên kia"", ""rẻ hơn"", ""biến thể ngữ cảnh 9""]","[""Chỉ hỏi bảo hành"", ""Không phải Competitor Comparison: ngữ cảnh khác 975""]",confidence>= 0.70 nếu khớp >=1 trigger và không khớp counter,"Khi gặp Competitor Comparison: xác nhận cảm xúc, hỏi 1 câu mở, đưa proof phù hợp.","[""plumbing"", ""automotive""]"
INT-000976,Busy #976,busy_0976,Khách đang bận,"[""đang bận"", ""gọi lại"", ""biến thể ngữ cảnh 10""]","[""Muốn demo ngay"", ""Không phải Busy: ngữ cảnh khác 976""]",confidence>= 0.71 nếu khớp >=1 trigger và không khớp counter,"Khi gặp Busy: xác nhận cảm xúc, hỏi 1 câu mở, đưa proof phù hợp.","[""repair"", ""food""]"
INT-000977,Interested #977,interested_0977,Khách quan tâm,"[""hay"", ""cho xem"", ""biến thể ngữ cảnh 11""]","[""Từ chối cứng"", ""Không phải Interested: ngữ cảnh khác 977""]",confidence>= 0.72 nếu khớp >=1 trigger và không khớp counter,"Khi gặp Interested: xác nhận cảm xúc, hỏi 1 câu mở, đưa proof phù hợp.","[""camera"", ""logistics""]"
INT-000978,Ready To Buy #978,ready_to_buy_0978,Sẵn sàng mua,"[""chốt"", ""thanh toán"", ""biến thể ngữ cảnh 12""]","[""Chỉ hỏi cho vui"", ""Không phải Ready To Buy: ngữ cảnh khác 978""]",confidence>= 0.73 nếu khớp >=1 trigger và không khớp counter,"Khi gặp Ready To Buy: xác nhận cảm xúc, hỏi 1 câu mở, đưa proof phù hợp.","[""medical_devices"", ""fitness""]"
INT-000979,Fake Agreement #979,fake_agreement_0979,Đồng ý giả để kết thúc,"[""để xem đã"", ""ok nhưng"", ""biến thể ngữ cảnh 13""]","[""Yêu cầu hợp đồng ngay"", ""Không phải Fake Agreement: ngữ cảnh khác 979""]",confidence>= 0.74 nếu khớp >=1 trigger và không khớp counter,"Khi gặp Fake Agreement: xác nhận cảm xúc, hỏi 1 câu mở, đưa proof phù hợp.","[""b2b_services"", ""camera""]"
INT-000980,Soft Rejection #980,soft_rejection_0980,Từ chối mềm,"[""chưa cần"", ""để sau"", ""biến thể ngữ cảnh 14""]","[""Hỏi lịch lắp đặt"", ""Không phải Soft Rejection: ngữ cảnh khác 980""]",confidence>= 0.75 nếu khớp >=1 trigger và không khớp counter,"Khi gặp Soft Rejection: xác nhận cảm xúc, hỏi 1 câu mở, đưa proof phù hợp.","[""real_estate"", ""real_estate""]"
INT-000981,Price Concern #981,price_concern_0981,Khách lo về giá hoặc ngân sách,"[""đắt"", ""mắc"", ""giảm giá"", ""biến thể ngữ cảnh 15""]","[""Chỉ hỏi cấu phần gói, không nhắc giá"", ""Không phải Price Concern: ngữ cảnh khác 981""]",confidence>= 0.76 nếu khớp >=1 trigger và không khớp counter,"Khi gặp Price Concern: xác nhận cảm xúc, hỏi 1 câu mở, đưa proof phù hợp.","[""spa"", ""insurance""]"
INT-000982,Need More Time #982,need_more_time_0982,Khách muốn trì hoãn quyết định,"[""để hôm khác"", ""cuối tháng"", ""biến thể ngữ cảnh 16""]","[""Đồng ý chốt ngay"", ""Không phải Need More Time: ngữ cảnh khác 982""]",confidence>= 0.77 nếu khớp >=1 trigger và không khớp counter,"Khi gặp Need More Time: xác nhận cảm xúc, hỏi 1 câu mở, đưa proof phù hợp.","[""dental"", ""cosmetics""]"
INT-000983,Trust Issue #983,trust_issue_0983,Khách nghi ngờ uy tín,"[""lừa"", ""công ty ở đâu"", ""biến thể ngữ cảnh 17""]","[""Hỏi lịch giao hàng"", ""Không phải Trust Issue: ngữ cảnh khác 983""]",confidence>= 0.78 nếu khớp >=1 trigger và không khớp counter,"Khi gặp Trust Issue: xác nhận cảm xúc, hỏi 1 câu mở, đưa proof phù hợp.","[""insurance"", ""electronics""]"
INT-000984,Decision Maker Missing #984,decision_maker_missing_0984,Thiếu người quyết định,"[""hỏi vợ"", ""hỏi sếp"", ""biến thể ngữ cảnh 18""]","[""Tự chốt một mình"", ""Không phải Decision Maker Missing: ngữ cảnh khác 984""]",confidence>= 0.79 nếu khớp >=1 trigger và không khớp counter,"Khi gặp Decision Maker Missing: xác nhận cảm xúc, hỏi 1 câu mở, đưa proof phù hợp.","[""education"", ""travel""]"
INT-000985,Competitor Comparison #985,competitor_comparison_0985,So sánh đối thủ,"[""bên kia"", ""rẻ hơn"", ""biến thể ngữ cảnh 19""]","[""Chỉ hỏi bảo hành"", ""Không phải Competitor Comparison: ngữ cảnh khác 985""]",confidence>= 0.80 nếu khớp >=1 trigger và không khớp counter,"Khi gặp Competitor Comparison: xác nhận cảm xúc, hỏi 1 câu mở, đưa proof phù hợp.","[""automotive"", ""plumbing""]"
INT-000986,Busy #986,busy_0986,Khách đang bận,"[""đang bận"", ""gọi lại"", ""biến thể ngữ cảnh 20""]","[""Muốn demo ngay"", ""Không phải Busy: ngữ cảnh khác 986""]",confidence>= 0.81 nếu khớp >=1 trigger và không khớp counter,"Khi gặp Busy: xác nhận cảm xúc, hỏi 1 câu mở, đưa proof phù hợp.","[""cosmetics"", ""medical_devices""]"
INT-000987,Interested #987,interested_0987,Khách quan tâm,"[""hay"", ""cho xem"", ""biến thể ngữ cảnh 21""]","[""Từ chối cứng"", ""Không phải Interested: ngữ cảnh khác 987""]",confidence>= 0.82 nếu khớp >=1 trigger và không khớp counter,"Khi gặp Interested: xác nhận cảm xúc, hỏi 1 câu mở, đưa proof phù hợp.","[""home_appliances"", ""spa""]"
INT-000988,Ready To Buy #988,ready_to_buy_0988,Sẵn sàng mua,"[""chốt"", ""thanh toán"", ""biến thể ngữ cảnh 22""]","[""Chỉ hỏi cho vui"", ""Không phải Ready To Buy: ngữ cảnh khác 988""]",confidence>= 0.83 nếu khớp >=1 trigger và không khớp counter,"Khi gặp Ready To Buy: xác nhận cảm xúc, hỏi 1 câu mở, đưa proof phù hợp.","[""food"", ""education""]"
INT-000989,Fake Agreement #989,fake_agreement_0989,Đồng ý giả để kết thúc,"[""để xem đã"", ""ok nhưng"", ""biến thể ngữ cảnh 0""]","[""Yêu cầu hợp đồng ngay"", ""Không phải Fake Agreement: ngữ cảnh khác 989""]",confidence>= 0.84 nếu khớp >=1 trigger và không khớp counter,"Khi gặp Fake Agreement: xác nhận cảm xúc, hỏi 1 câu mở, đưa proof phù hợp.","[""electronics"", ""home_appliances""]"
INT-000990,Soft Rejection #990,soft_rejection_0990,Từ chối mềm,"[""chưa cần"", ""để sau"", ""biến thể ngữ cảnh 1""]","[""Hỏi lịch lắp đặt"", ""Không phải Soft Rejection: ngữ cảnh khác 990""]",confidence>= 0.55 nếu khớp >=1 trigger và không khớp counter,"Khi gặp Soft Rejection: xác nhận cảm xúc, hỏi 1 câu mở, đưa proof phù hợp.","[""furniture"", ""furniture""]"
INT-000991,Price Concern #991,price_concern_0991,Khách lo về giá hoặc ngân sách,"[""đắt"", ""mắc"", ""giảm giá"", ""biến thể ngữ cảnh 2""]","[""Chỉ hỏi cấu phần gói, không nhắc giá"", ""Không phải Price Concern: ngữ cảnh khác 991""]",confidence>= 0.56 nếu khớp >=1 trigger và không khớp counter,"Khi gặp Price Concern: xác nhận cảm xúc, hỏi 1 câu mở, đưa proof phù hợp.","[""logistics"", ""finance""]"
INT-000992,Need More Time #992,need_more_time_0992,Khách muốn trì hoãn quyết định,"[""để hôm khác"", ""cuối tháng"", ""biến thể ngữ cảnh 3""]","[""Đồng ý chốt ngay"", ""Không phải Need More Time: ngữ cảnh khác 992""]",confidence>= 0.57 nếu khớp >=1 trigger và không khớp counter,"Khi gặp Need More Time: xác nhận cảm xúc, hỏi 1 câu mở, đưa proof phù hợp.","[""travel"", ""repair""]"
INT-000993,Trust Issue #993,trust_issue_0993,Khách nghi ngờ uy tín,"[""lừa"", ""công ty ở đâu"", ""biến thể ngữ cảnh 4""]","[""Hỏi lịch giao hàng"", ""Không phải Trust Issue: ngữ cảnh khác 993""]",confidence>= 0.58 nếu khớp >=1 trigger và không khớp counter,"Khi gặp Trust Issue: xác nhận cảm xúc, hỏi 1 câu mở, đưa proof phù hợp.","[""finance"", ""b2b_services""]"
INT-000994,Decision Maker Missing #994,decision_maker_missing_0994,Thiếu người quyết định,"[""hỏi vợ"", ""hỏi sếp"", ""biến thể ngữ cảnh 5""]","[""Tự chốt một mình"", ""Không phải Decision Maker Missing: ngữ cảnh khác 994""]",confidence>= 0.59 nếu khớp >=1 trigger và không khớp counter,"Khi gặp Decision Maker Missing: xác nhận cảm xúc, hỏi 1 câu mở, đưa proof phù hợp.","[""fitness"", ""dental""]"
INT-000995,Competitor Comparison #995,competitor_comparison_0995,So sánh đối thủ,"[""bên kia"", ""rẻ hơn"", ""biến thể ngữ cảnh 6""]","[""Chỉ hỏi bảo hành"", ""Không phải Competitor Comparison: ngữ cảnh khác 995""]",confidence>= 0.60 nếu khớp >=1 trigger và không khớp counter,"Khi gặp Competitor Comparison: xác nhận cảm xúc, hỏi 1 câu mở, đưa proof phù hợp.","[""plumbing"", ""automotive""]"
INT-000996,Busy #996,busy_0996,Khách đang bận,"[""đang bận"", ""gọi lại"", ""biến thể ngữ cảnh 7""]","[""Muốn demo ngay"", ""Không phải Busy: ngữ cảnh khác 996""]",confidence>= 0.61 nếu khớp >=1 trigger và không khớp counter,"Khi gặp Busy: xác nhận cảm xúc, hỏi 1 câu mở, đưa proof phù hợp.","[""repair"", ""food""]"
INT-000997,Interested #997,interested_0997,Khách quan tâm,"[""hay"", ""cho xem"", ""biến thể ngữ cảnh 8""]","[""Từ chối cứng"", ""Không phải Interested: ngữ cảnh khác 997""]",confidence>= 0.62 nếu khớp >=1 trigger và không khớp counter,"Khi gặp Interested: xác nhận cảm xúc, hỏi 1 câu mở, đưa proof phù hợp.","[""camera"", ""logistics""]"
INT-000998,Ready To Buy #998,ready_to_buy_0998,Sẵn sàng mua,"[""chốt"", ""thanh toán"", ""biến thể ngữ cảnh 9""]","[""Chỉ hỏi cho vui"", ""Không phải Ready To Buy: ngữ cảnh khác 998""]",confidence>= 0.63 nếu khớp >=1 trigger và không khớp counter,"Khi gặp Ready To Buy: xác nhận cảm xúc, hỏi 1 câu mở, đưa proof phù hợp.","[""medical_devices"", ""fitness""]"
INT-000999,Fake Agreement #999,fake_agreement_0999,Đồng ý giả để kết thúc,"[""để xem đã"", ""ok nhưng"", ""biến thể ngữ cảnh 10""]","[""Yêu cầu hợp đồng ngay"", ""Không phải Fake Agreement: ngữ cảnh khác 999""]",confidence>= 0.64 nếu khớp >=1 trigger và không khớp counter,"Khi gặp Fake Agreement: xác nhận cảm xúc, hỏi 1 câu mở, đưa proof phù hợp.","[""b2b_services"", ""camera""]"
INT-001000,Soft Rejection #1000,soft_rejection_1000,Từ chối mềm,"[""chưa cần"", ""để sau"", ""biến thể ngữ cảnh 11""]","[""Hỏi lịch lắp đặt"", ""Không phải Soft Rejection: ngữ cảnh khác 1000""]",confidence>= 0.65 nếu khớp >=1 trigger và không khớp counter,"Khi gặp Soft Rejection: xác nhận cảm xúc, hỏi 1 câu mở, đưa proof phù hợp.","[""real_estate"", ""real_estate""]"
