id,name,code,trigger,voice_pattern,text_pattern,coaching
EMO-000001,Interested,interested,Tín hiệu interested xuất hiện ở stage rapport,"tempo tăng nhẹ, pitch ổn","[""hay đó"", ""cho xem"", ""nghe ổn""]","Khi interested: điều chỉnh nhịp, đồng cảm, xác nhận nhu cầu trước khi pitch."
EMO-000002,Curious,curious,Tín hiệu curious xuất hiện ở stage discovery,"nhiều câu hỏi, ngắt ngắn","[""là sao"", ""ví dụ"", ""khác gì""]","Khi curious: điều chỉnh nhịp, đồng cảm, xác nhận nhu cầu trước khi pitch."
EMO-000003,Hesitation,hesitation,Tín hiệu hesitation xuất hiện ở stage qualification,"pause dài, filler ừ/à","[""để xem"", ""chưa chắc"", ""phân vân""]","Khi hesitation: điều chỉnh nhịp, đồng cảm, xác nhận nhu cầu trước khi pitch."
EMO-000004,Frustration,frustration,Tín hiệu frustration xuất hiện ở stage presentation,"cường độ cao, cắt lời","[""nói mãi"", ""phiền"", ""không rõ""]","Khi frustration: điều chỉnh nhịp, đồng cảm, xác nhận nhu cầu trước khi pitch."
EMO-000005,Angry,angry,Tín hiệu angry xuất hiện ở stage pricing,"âm lượng tăng, từ phủ định","[""đừng gọi nữa"", ""làm phiền"", ""tức""]","Khi angry: điều chỉnh nhịp, đồng cảm, xác nhận nhu cầu trước khi pitch."
EMO-000006,Trust,trust,Tín hiệu trust xuất hiện ở stage objection,"nhịp chậm, khẳng định","[""tin"", ""ok"", ""được""]","Khi trust: điều chỉnh nhịp, đồng cảm, xác nhận nhu cầu trước khi pitch."
EMO-000007,Excited,excited,Tín hiệu excited xuất hiện ở stage closing,"nói nhanh, từ tích cực","[""tuyệt"", ""chốt luôn"", ""thích""]","Khi excited: điều chỉnh nhịp, đồng cảm, xác nhận nhu cầu trước khi pitch."
EMO-000008,Neutral,neutral,Tín hiệu neutral xuất hiện ở stage follow_up,"đều, ít cảm thán","[""ừ"", ""vâng"", ""ok""]","Khi neutral: điều chỉnh nhịp, đồng cảm, xác nhận nhu cầu trước khi pitch."
EMO-000009,Exit Intent,exit_intent,Tín hiệu exit_intent xuất hiện ở stage opening,"muốn kết thúc, ngắn","[""thôi"", ""không cần"", ""cúp máy""]","Khi exit_intent: điều chỉnh nhịp, đồng cảm, xác nhận nhu cầu trước khi pitch."
EMO-000010,Confused,confused,Tín hiệu confused xuất hiện ở stage rapport,"hỏi lại, mâu thuẫn nhẹ","[""không hiểu"", ""ý gì"", ""lại một lần""]","Khi confused: điều chỉnh nhịp, đồng cảm, xác nhận nhu cầu trước khi pitch."
EMO-000011,Interested,interested,Tín hiệu interested xuất hiện ở stage discovery,"tempo tăng nhẹ, pitch ổn","[""hay đó"", ""cho xem"", ""nghe ổn""]","Khi interested: điều chỉnh nhịp, đồng cảm, xác nhận nhu cầu trước khi pitch."
EMO-000012,Curious,curious,Tín hiệu curious xuất hiện ở stage qualification,"nhiều câu hỏi, ngắt ngắn","[""là sao"", ""ví dụ"", ""khác gì""]","Khi curious: điều chỉnh nhịp, đồng cảm, xác nhận nhu cầu trước khi pitch."
EMO-000013,Hesitation,hesitation,Tín hiệu hesitation xuất hiện ở stage presentation,"pause dài, filler ừ/à","[""để xem"", ""chưa chắc"", ""phân vân""]","Khi hesitation: điều chỉnh nhịp, đồng cảm, xác nhận nhu cầu trước khi pitch."
EMO-000014,Frustration,frustration,Tín hiệu frustration xuất hiện ở stage pricing,"cường độ cao, cắt lời","[""nói mãi"", ""phiền"", ""không rõ""]","Khi frustration: điều chỉnh nhịp, đồng cảm, xác nhận nhu cầu trước khi pitch."
EMO-000015,Angry,angry,Tín hiệu angry xuất hiện ở stage objection,"âm lượng tăng, từ phủ định","[""đừng gọi nữa"", ""làm phiền"", ""tức""]","Khi angry: điều chỉnh nhịp, đồng cảm, xác nhận nhu cầu trước khi pitch."
EMO-000016,Trust,trust,Tín hiệu trust xuất hiện ở stage closing,"nhịp chậm, khẳng định","[""tin"", ""ok"", ""được""]","Khi trust: điều chỉnh nhịp, đồng cảm, xác nhận nhu cầu trước khi pitch."
EMO-000017,Excited,excited,Tín hiệu excited xuất hiện ở stage follow_up,"nói nhanh, từ tích cực","[""tuyệt"", ""chốt luôn"", ""thích""]","Khi excited: điều chỉnh nhịp, đồng cảm, xác nhận nhu cầu trước khi pitch."
EMO-000018,Neutral,neutral,Tín hiệu neutral xuất hiện ở stage opening,"đều, ít cảm thán","[""ừ"", ""vâng"", ""ok""]","Khi neutral: điều chỉnh nhịp, đồng cảm, xác nhận nhu cầu trước khi pitch."
EMO-000019,Exit Intent,exit_intent,Tín hiệu exit_intent xuất hiện ở stage rapport,"muốn kết thúc, ngắn","[""thôi"", ""không cần"", ""cúp máy""]","Khi exit_intent: điều chỉnh nhịp, đồng cảm, xác nhận nhu cầu trước khi pitch."
EMO-000020,Confused,confused,Tín hiệu confused xuất hiện ở stage discovery,"hỏi lại, mâu thuẫn nhẹ","[""không hiểu"", ""ý gì"", ""lại một lần""]","Khi confused: điều chỉnh nhịp, đồng cảm, xác nhận nhu cầu trước khi pitch."
EMO-000021,Interested,interested,Tín hiệu interested xuất hiện ở stage qualification,"tempo tăng nhẹ, pitch ổn","[""hay đó"", ""cho xem"", ""nghe ổn""]","Khi interested: điều chỉnh nhịp, đồng cảm, xác nhận nhu cầu trước khi pitch."
EMO-000022,Curious,curious,Tín hiệu curious xuất hiện ở stage presentation,"nhiều câu hỏi, ngắt ngắn","[""là sao"", ""ví dụ"", ""khác gì""]","Khi curious: điều chỉnh nhịp, đồng cảm, xác nhận nhu cầu trước khi pitch."
EMO-000023,Hesitation,hesitation,Tín hiệu hesitation xuất hiện ở stage pricing,"pause dài, filler ừ/à","[""để xem"", ""chưa chắc"", ""phân vân""]","Khi hesitation: điều chỉnh nhịp, đồng cảm, xác nhận nhu cầu trước khi pitch."
EMO-000024,Frustration,frustration,Tín hiệu frustration xuất hiện ở stage objection,"cường độ cao, cắt lời","[""nói mãi"", ""phiền"", ""không rõ""]","Khi frustration: điều chỉnh nhịp, đồng cảm, xác nhận nhu cầu trước khi pitch."
EMO-000025,Angry,angry,Tín hiệu angry xuất hiện ở stage closing,"âm lượng tăng, từ phủ định","[""đừng gọi nữa"", ""làm phiền"", ""tức""]","Khi angry: điều chỉnh nhịp, đồng cảm, xác nhận nhu cầu trước khi pitch."
EMO-000026,Trust,trust,Tín hiệu trust xuất hiện ở stage follow_up,"nhịp chậm, khẳng định","[""tin"", ""ok"", ""được""]","Khi trust: điều chỉnh nhịp, đồng cảm, xác nhận nhu cầu trước khi pitch."
EMO-000027,Excited,excited,Tín hiệu excited xuất hiện ở stage opening,"nói nhanh, từ tích cực","[""tuyệt"", ""chốt luôn"", ""thích""]","Khi excited: điều chỉnh nhịp, đồng cảm, xác nhận nhu cầu trước khi pitch."
EMO-000028,Neutral,neutral,Tín hiệu neutral xuất hiện ở stage rapport,"đều, ít cảm thán","[""ừ"", ""vâng"", ""ok""]","Khi neutral: điều chỉnh nhịp, đồng cảm, xác nhận nhu cầu trước khi pitch."
EMO-000029,Exit Intent,exit_intent,Tín hiệu exit_intent xuất hiện ở stage discovery,"muốn kết thúc, ngắn","[""thôi"", ""không cần"", ""cúp máy""]","Khi exit_intent: điều chỉnh nhịp, đồng cảm, xác nhận nhu cầu trước khi pitch."
EMO-000030,Confused,confused,Tín hiệu confused xuất hiện ở stage qualification,"hỏi lại, mâu thuẫn nhẹ","[""không hiểu"", ""ý gì"", ""lại một lần""]","Khi confused: điều chỉnh nhịp, đồng cảm, xác nhận nhu cầu trước khi pitch."
EMO-000031,Interested,interested,Tín hiệu interested xuất hiện ở stage presentation,"tempo tăng nhẹ, pitch ổn","[""hay đó"", ""cho xem"", ""nghe ổn""]","Khi interested: điều chỉnh nhịp, đồng cảm, xác nhận nhu cầu trước khi pitch."
EMO-000032,Curious,curious,Tín hiệu curious xuất hiện ở stage pricing,"nhiều câu hỏi, ngắt ngắn","[""là sao"", ""ví dụ"", ""khác gì""]","Khi curious: điều chỉnh nhịp, đồng cảm, xác nhận nhu cầu trước khi pitch."
EMO-000033,Hesitation,hesitation,Tín hiệu hesitation xuất hiện ở stage objection,"pause dài, filler ừ/à","[""để xem"", ""chưa chắc"", ""phân vân""]","Khi hesitation: điều chỉnh nhịp, đồng cảm, xác nhận nhu cầu trước khi pitch."
EMO-000034,Frustration,frustration,Tín hiệu frustration xuất hiện ở stage closing,"cường độ cao, cắt lời","[""nói mãi"", ""phiền"", ""không rõ""]","Khi frustration: điều chỉnh nhịp, đồng cảm, xác nhận nhu cầu trước khi pitch."
EMO-000035,Angry,angry,Tín hiệu angry xuất hiện ở stage follow_up,"âm lượng tăng, từ phủ định","[""đừng gọi nữa"", ""làm phiền"", ""tức""]","Khi angry: điều chỉnh nhịp, đồng cảm, xác nhận nhu cầu trước khi pitch."
EMO-000036,Trust,trust,Tín hiệu trust xuất hiện ở stage opening,"nhịp chậm, khẳng định","[""tin"", ""ok"", ""được""]","Khi trust: điều chỉnh nhịp, đồng cảm, xác nhận nhu cầu trước khi pitch."
EMO-000037,Excited,excited,Tín hiệu excited xuất hiện ở stage rapport,"nói nhanh, từ tích cực","[""tuyệt"", ""chốt luôn"", ""thích""]","Khi excited: điều chỉnh nhịp, đồng cảm, xác nhận nhu cầu trước khi pitch."
EMO-000038,Neutral,neutral,Tín hiệu neutral xuất hiện ở stage discovery,"đều, ít cảm thán","[""ừ"", ""vâng"", ""ok""]","Khi neutral: điều chỉnh nhịp, đồng cảm, xác nhận nhu cầu trước khi pitch."
EMO-000039,Exit Intent,exit_intent,Tín hiệu exit_intent xuất hiện ở stage qualification,"muốn kết thúc, ngắn","[""thôi"", ""không cần"", ""cúp máy""]","Khi exit_intent: điều chỉnh nhịp, đồng cảm, xác nhận nhu cầu trước khi pitch."
EMO-000040,Confused,confused,Tín hiệu confused xuất hiện ở stage presentation,"hỏi lại, mâu thuẫn nhẹ","[""không hiểu"", ""ý gì"", ""lại một lần""]","Khi confused: điều chỉnh nhịp, đồng cảm, xác nhận nhu cầu trước khi pitch."
EMO-000041,Interested,interested,Tín hiệu interested xuất hiện ở stage pricing,"tempo tăng nhẹ, pitch ổn","[""hay đó"", ""cho xem"", ""nghe ổn""]","Khi interested: điều chỉnh nhịp, đồng cảm, xác nhận nhu cầu trước khi pitch."
EMO-000042,Curious,curious,Tín hiệu curious xuất hiện ở stage objection,"nhiều câu hỏi, ngắt ngắn","[""là sao"", ""ví dụ"", ""khác gì""]","Khi curious: điều chỉnh nhịp, đồng cảm, xác nhận nhu cầu trước khi pitch."
EMO-000043,Hesitation,hesitation,Tín hiệu hesitation xuất hiện ở stage closing,"pause dài, filler ừ/à","[""để xem"", ""chưa chắc"", ""phân vân""]","Khi hesitation: điều chỉnh nhịp, đồng cảm, xác nhận nhu cầu trước khi pitch."
EMO-000044,Frustration,frustration,Tín hiệu frustration xuất hiện ở stage follow_up,"cường độ cao, cắt lời","[""nói mãi"", ""phiền"", ""không rõ""]","Khi frustration: điều chỉnh nhịp, đồng cảm, xác nhận nhu cầu trước khi pitch."
EMO-000045,Angry,angry,Tín hiệu angry xuất hiện ở stage opening,"âm lượng tăng, từ phủ định","[""đừng gọi nữa"", ""làm phiền"", ""tức""]","Khi angry: điều chỉnh nhịp, đồng cảm, xác nhận nhu cầu trước khi pitch."
EMO-000046,Trust,trust,Tín hiệu trust xuất hiện ở stage rapport,"nhịp chậm, khẳng định","[""tin"", ""ok"", ""được""]","Khi trust: điều chỉnh nhịp, đồng cảm, xác nhận nhu cầu trước khi pitch."
EMO-000047,Excited,excited,Tín hiệu excited xuất hiện ở stage discovery,"nói nhanh, từ tích cực","[""tuyệt"", ""chốt luôn"", ""thích""]","Khi excited: điều chỉnh nhịp, đồng cảm, xác nhận nhu cầu trước khi pitch."
EMO-000048,Neutral,neutral,Tín hiệu neutral xuất hiện ở stage qualification,"đều, ít cảm thán","[""ừ"", ""vâng"", ""ok""]","Khi neutral: điều chỉnh nhịp, đồng cảm, xác nhận nhu cầu trước khi pitch."
EMO-000049,Exit Intent,exit_intent,Tín hiệu exit_intent xuất hiện ở stage presentation,"muốn kết thúc, ngắn","[""thôi"", ""không cần"", ""cúp máy""]","Khi exit_intent: điều chỉnh nhịp, đồng cảm, xác nhận nhu cầu trước khi pitch."
EMO-000050,Confused,confused,Tín hiệu confused xuất hiện ở stage pricing,"hỏi lại, mâu thuẫn nhẹ","[""không hiểu"", ""ý gì"", ""lại một lần""]","Khi confused: điều chỉnh nhịp, đồng cảm, xác nhận nhu cầu trước khi pitch."
EMO-000051,Interested,interested,Tín hiệu interested xuất hiện ở stage objection,"tempo tăng nhẹ, pitch ổn","[""hay đó"", ""cho xem"", ""nghe ổn""]","Khi interested: điều chỉnh nhịp, đồng cảm, xác nhận nhu cầu trước khi pitch."
EMO-000052,Curious,curious,Tín hiệu curious xuất hiện ở stage closing,"nhiều câu hỏi, ngắt ngắn","[""là sao"", ""ví dụ"", ""khác gì""]","Khi curious: điều chỉnh nhịp, đồng cảm, xác nhận nhu cầu trước khi pitch."
EMO-000053,Hesitation,hesitation,Tín hiệu hesitation xuất hiện ở stage follow_up,"pause dài, filler ừ/à","[""để xem"", ""chưa chắc"", ""phân vân""]","Khi hesitation: điều chỉnh nhịp, đồng cảm, xác nhận nhu cầu trước khi pitch."
EMO-000054,Frustration,frustration,Tín hiệu frustration xuất hiện ở stage opening,"cường độ cao, cắt lời","[""nói mãi"", ""phiền"", ""không rõ""]","Khi frustration: điều chỉnh nhịp, đồng cảm, xác nhận nhu cầu trước khi pitch."
EMO-000055,Angry,angry,Tín hiệu angry xuất hiện ở stage rapport,"âm lượng tăng, từ phủ định","[""đừng gọi nữa"", ""làm phiền"", ""tức""]","Khi angry: điều chỉnh nhịp, đồng cảm, xác nhận nhu cầu trước khi pitch."
EMO-000056,Trust,trust,Tín hiệu trust xuất hiện ở stage discovery,"nhịp chậm, khẳng định","[""tin"", ""ok"", ""được""]","Khi trust: điều chỉnh nhịp, đồng cảm, xác nhận nhu cầu trước khi pitch."
EMO-000057,Excited,excited,Tín hiệu excited xuất hiện ở stage qualification,"nói nhanh, từ tích cực","[""tuyệt"", ""chốt luôn"", ""thích""]","Khi excited: điều chỉnh nhịp, đồng cảm, xác nhận nhu cầu trước khi pitch."
EMO-000058,Neutral,neutral,Tín hiệu neutral xuất hiện ở stage presentation,"đều, ít cảm thán","[""ừ"", ""vâng"", ""ok""]","Khi neutral: điều chỉnh nhịp, đồng cảm, xác nhận nhu cầu trước khi pitch."
EMO-000059,Exit Intent,exit_intent,Tín hiệu exit_intent xuất hiện ở stage pricing,"muốn kết thúc, ngắn","[""thôi"", ""không cần"", ""cúp máy""]","Khi exit_intent: điều chỉnh nhịp, đồng cảm, xác nhận nhu cầu trước khi pitch."
EMO-000060,Confused,confused,Tín hiệu confused xuất hiện ở stage objection,"hỏi lại, mâu thuẫn nhẹ","[""không hiểu"", ""ý gì"", ""lại một lần""]","Khi confused: điều chỉnh nhịp, đồng cảm, xác nhận nhu cầu trước khi pitch."
EMO-000061,Interested,interested,Tín hiệu interested xuất hiện ở stage closing,"tempo tăng nhẹ, pitch ổn","[""hay đó"", ""cho xem"", ""nghe ổn""]","Khi interested: điều chỉnh nhịp, đồng cảm, xác nhận nhu cầu trước khi pitch."
EMO-000062,Curious,curious,Tín hiệu curious xuất hiện ở stage follow_up,"nhiều câu hỏi, ngắt ngắn","[""là sao"", ""ví dụ"", ""khác gì""]","Khi curious: điều chỉnh nhịp, đồng cảm, xác nhận nhu cầu trước khi pitch."
EMO-000063,Hesitation,hesitation,Tín hiệu hesitation xuất hiện ở stage opening,"pause dài, filler ừ/à","[""để xem"", ""chưa chắc"", ""phân vân""]","Khi hesitation: điều chỉnh nhịp, đồng cảm, xác nhận nhu cầu trước khi pitch."
EMO-000064,Frustration,frustration,Tín hiệu frustration xuất hiện ở stage rapport,"cường độ cao, cắt lời","[""nói mãi"", ""phiền"", ""không rõ""]","Khi frustration: điều chỉnh nhịp, đồng cảm, xác nhận nhu cầu trước khi pitch."
EMO-000065,Angry,angry,Tín hiệu angry xuất hiện ở stage discovery,"âm lượng tăng, từ phủ định","[""đừng gọi nữa"", ""làm phiền"", ""tức""]","Khi angry: điều chỉnh nhịp, đồng cảm, xác nhận nhu cầu trước khi pitch."
EMO-000066,Trust,trust,Tín hiệu trust xuất hiện ở stage qualification,"nhịp chậm, khẳng định","[""tin"", ""ok"", ""được""]","Khi trust: điều chỉnh nhịp, đồng cảm, xác nhận nhu cầu trước khi pitch."
EMO-000067,Excited,excited,Tín hiệu excited xuất hiện ở stage presentation,"nói nhanh, từ tích cực","[""tuyệt"", ""chốt luôn"", ""thích""]","Khi excited: điều chỉnh nhịp, đồng cảm, xác nhận nhu cầu trước khi pitch."
EMO-000068,Neutral,neutral,Tín hiệu neutral xuất hiện ở stage pricing,"đều, ít cảm thán","[""ừ"", ""vâng"", ""ok""]","Khi neutral: điều chỉnh nhịp, đồng cảm, xác nhận nhu cầu trước khi pitch."
EMO-000069,Exit Intent,exit_intent,Tín hiệu exit_intent xuất hiện ở stage objection,"muốn kết thúc, ngắn","[""thôi"", ""không cần"", ""cúp máy""]","Khi exit_intent: điều chỉnh nhịp, đồng cảm, xác nhận nhu cầu trước khi pitch."
EMO-000070,Confused,confused,Tín hiệu confused xuất hiện ở stage closing,"hỏi lại, mâu thuẫn nhẹ","[""không hiểu"", ""ý gì"", ""lại một lần""]","Khi confused: điều chỉnh nhịp, đồng cảm, xác nhận nhu cầu trước khi pitch."
EMO-000071,Interested,interested,Tín hiệu interested xuất hiện ở stage follow_up,"tempo tăng nhẹ, pitch ổn","[""hay đó"", ""cho xem"", ""nghe ổn""]","Khi interested: điều chỉnh nhịp, đồng cảm, xác nhận nhu cầu trước khi pitch."
EMO-000072,Curious,curious,Tín hiệu curious xuất hiện ở stage opening,"nhiều câu hỏi, ngắt ngắn","[""là sao"", ""ví dụ"", ""khác gì""]","Khi curious: điều chỉnh nhịp, đồng cảm, xác nhận nhu cầu trước khi pitch."
EMO-000073,Hesitation,hesitation,Tín hiệu hesitation xuất hiện ở stage rapport,"pause dài, filler ừ/à","[""để xem"", ""chưa chắc"", ""phân vân""]","Khi hesitation: điều chỉnh nhịp, đồng cảm, xác nhận nhu cầu trước khi pitch."
EMO-000074,Frustration,frustration,Tín hiệu frustration xuất hiện ở stage discovery,"cường độ cao, cắt lời","[""nói mãi"", ""phiền"", ""không rõ""]","Khi frustration: điều chỉnh nhịp, đồng cảm, xác nhận nhu cầu trước khi pitch."
EMO-000075,Angry,angry,Tín hiệu angry xuất hiện ở stage qualification,"âm lượng tăng, từ phủ định","[""đừng gọi nữa"", ""làm phiền"", ""tức""]","Khi angry: điều chỉnh nhịp, đồng cảm, xác nhận nhu cầu trước khi pitch."
EMO-000076,Trust,trust,Tín hiệu trust xuất hiện ở stage presentation,"nhịp chậm, khẳng định","[""tin"", ""ok"", ""được""]","Khi trust: điều chỉnh nhịp, đồng cảm, xác nhận nhu cầu trước khi pitch."
EMO-000077,Excited,excited,Tín hiệu excited xuất hiện ở stage pricing,"nói nhanh, từ tích cực","[""tuyệt"", ""chốt luôn"", ""thích""]","Khi excited: điều chỉnh nhịp, đồng cảm, xác nhận nhu cầu trước khi pitch."
EMO-000078,Neutral,neutral,Tín hiệu neutral xuất hiện ở stage objection,"đều, ít cảm thán","[""ừ"", ""vâng"", ""ok""]","Khi neutral: điều chỉnh nhịp, đồng cảm, xác nhận nhu cầu trước khi pitch."
EMO-000079,Exit Intent,exit_intent,Tín hiệu exit_intent xuất hiện ở stage closing,"muốn kết thúc, ngắn","[""thôi"", ""không cần"", ""cúp máy""]","Khi exit_intent: điều chỉnh nhịp, đồng cảm, xác nhận nhu cầu trước khi pitch."
EMO-000080,Confused,confused,Tín hiệu confused xuất hiện ở stage follow_up,"hỏi lại, mâu thuẫn nhẹ","[""không hiểu"", ""ý gì"", ""lại một lần""]","Khi confused: điều chỉnh nhịp, đồng cảm, xác nhận nhu cầu trước khi pitch."
EMO-000081,Interested,interested,Tín hiệu interested xuất hiện ở stage opening,"tempo tăng nhẹ, pitch ổn","[""hay đó"", ""cho xem"", ""nghe ổn""]","Khi interested: điều chỉnh nhịp, đồng cảm, xác nhận nhu cầu trước khi pitch."
EMO-000082,Curious,curious,Tín hiệu curious xuất hiện ở stage rapport,"nhiều câu hỏi, ngắt ngắn","[""là sao"", ""ví dụ"", ""khác gì""]","Khi curious: điều chỉnh nhịp, đồng cảm, xác nhận nhu cầu trước khi pitch."
EMO-000083,Hesitation,hesitation,Tín hiệu hesitation xuất hiện ở stage discovery,"pause dài, filler ừ/à","[""để xem"", ""chưa chắc"", ""phân vân""]","Khi hesitation: điều chỉnh nhịp, đồng cảm, xác nhận nhu cầu trước khi pitch."
EMO-000084,Frustration,frustration,Tín hiệu frustration xuất hiện ở stage qualification,"cường độ cao, cắt lời","[""nói mãi"", ""phiền"", ""không rõ""]","Khi frustration: điều chỉnh nhịp, đồng cảm, xác nhận nhu cầu trước khi pitch."
EMO-000085,Angry,angry,Tín hiệu angry xuất hiện ở stage presentation,"âm lượng tăng, từ phủ định","[""đừng gọi nữa"", ""làm phiền"", ""tức""]","Khi angry: điều chỉnh nhịp, đồng cảm, xác nhận nhu cầu trước khi pitch."
EMO-000086,Trust,trust,Tín hiệu trust xuất hiện ở stage pricing,"nhịp chậm, khẳng định","[""tin"", ""ok"", ""được""]","Khi trust: điều chỉnh nhịp, đồng cảm, xác nhận nhu cầu trước khi pitch."
EMO-000087,Excited,excited,Tín hiệu excited xuất hiện ở stage objection,"nói nhanh, từ tích cực","[""tuyệt"", ""chốt luôn"", ""thích""]","Khi excited: điều chỉnh nhịp, đồng cảm, xác nhận nhu cầu trước khi pitch."
EMO-000088,Neutral,neutral,Tín hiệu neutral xuất hiện ở stage closing,"đều, ít cảm thán","[""ừ"", ""vâng"", ""ok""]","Khi neutral: điều chỉnh nhịp, đồng cảm, xác nhận nhu cầu trước khi pitch."
EMO-000089,Exit Intent,exit_intent,Tín hiệu exit_intent xuất hiện ở stage follow_up,"muốn kết thúc, ngắn","[""thôi"", ""không cần"", ""cúp máy""]","Khi exit_intent: điều chỉnh nhịp, đồng cảm, xác nhận nhu cầu trước khi pitch."
EMO-000090,Confused,confused,Tín hiệu confused xuất hiện ở stage opening,"hỏi lại, mâu thuẫn nhẹ","[""không hiểu"", ""ý gì"", ""lại một lần""]","Khi confused: điều chỉnh nhịp, đồng cảm, xác nhận nhu cầu trước khi pitch."
EMO-000091,Interested,interested,Tín hiệu interested xuất hiện ở stage rapport,"tempo tăng nhẹ, pitch ổn","[""hay đó"", ""cho xem"", ""nghe ổn""]","Khi interested: điều chỉnh nhịp, đồng cảm, xác nhận nhu cầu trước khi pitch."
EMO-000092,Curious,curious,Tín hiệu curious xuất hiện ở stage discovery,"nhiều câu hỏi, ngắt ngắn","[""là sao"", ""ví dụ"", ""khác gì""]","Khi curious: điều chỉnh nhịp, đồng cảm, xác nhận nhu cầu trước khi pitch."
EMO-000093,Hesitation,hesitation,Tín hiệu hesitation xuất hiện ở stage qualification,"pause dài, filler ừ/à","[""để xem"", ""chưa chắc"", ""phân vân""]","Khi hesitation: điều chỉnh nhịp, đồng cảm, xác nhận nhu cầu trước khi pitch."
EMO-000094,Frustration,frustration,Tín hiệu frustration xuất hiện ở stage presentation,"cường độ cao, cắt lời","[""nói mãi"", ""phiền"", ""không rõ""]","Khi frustration: điều chỉnh nhịp, đồng cảm, xác nhận nhu cầu trước khi pitch."
EMO-000095,Angry,angry,Tín hiệu angry xuất hiện ở stage pricing,"âm lượng tăng, từ phủ định","[""đừng gọi nữa"", ""làm phiền"", ""tức""]","Khi angry: điều chỉnh nhịp, đồng cảm, xác nhận nhu cầu trước khi pitch."
EMO-000096,Trust,trust,Tín hiệu trust xuất hiện ở stage objection,"nhịp chậm, khẳng định","[""tin"", ""ok"", ""được""]","Khi trust: điều chỉnh nhịp, đồng cảm, xác nhận nhu cầu trước khi pitch."
EMO-000097,Excited,excited,Tín hiệu excited xuất hiện ở stage closing,"nói nhanh, từ tích cực","[""tuyệt"", ""chốt luôn"", ""thích""]","Khi excited: điều chỉnh nhịp, đồng cảm, xác nhận nhu cầu trước khi pitch."
EMO-000098,Neutral,neutral,Tín hiệu neutral xuất hiện ở stage follow_up,"đều, ít cảm thán","[""ừ"", ""vâng"", ""ok""]","Khi neutral: điều chỉnh nhịp, đồng cảm, xác nhận nhu cầu trước khi pitch."
EMO-000099,Exit Intent,exit_intent,Tín hiệu exit_intent xuất hiện ở stage opening,"muốn kết thúc, ngắn","[""thôi"", ""không cần"", ""cúp máy""]","Khi exit_intent: điều chỉnh nhịp, đồng cảm, xác nhận nhu cầu trước khi pitch."
EMO-000100,Confused,confused,Tín hiệu confused xuất hiện ở stage rapport,"hỏi lại, mâu thuẫn nhẹ","[""không hiểu"", ""ý gì"", ""lại một lần""]","Khi confused: điều chỉnh nhịp, đồng cảm, xác nhận nhu cầu trước khi pitch."
EMO-000101,Interested,interested,Tín hiệu interested xuất hiện ở stage discovery,"tempo tăng nhẹ, pitch ổn","[""hay đó"", ""cho xem"", ""nghe ổn""]","Khi interested: điều chỉnh nhịp, đồng cảm, xác nhận nhu cầu trước khi pitch."
EMO-000102,Curious,curious,Tín hiệu curious xuất hiện ở stage qualification,"nhiều câu hỏi, ngắt ngắn","[""là sao"", ""ví dụ"", ""khác gì""]","Khi curious: điều chỉnh nhịp, đồng cảm, xác nhận nhu cầu trước khi pitch."
EMO-000103,Hesitation,hesitation,Tín hiệu hesitation xuất hiện ở stage presentation,"pause dài, filler ừ/à","[""để xem"", ""chưa chắc"", ""phân vân""]","Khi hesitation: điều chỉnh nhịp, đồng cảm, xác nhận nhu cầu trước khi pitch."
EMO-000104,Frustration,frustration,Tín hiệu frustration xuất hiện ở stage pricing,"cường độ cao, cắt lời","[""nói mãi"", ""phiền"", ""không rõ""]","Khi frustration: điều chỉnh nhịp, đồng cảm, xác nhận nhu cầu trước khi pitch."
EMO-000105,Angry,angry,Tín hiệu angry xuất hiện ở stage objection,"âm lượng tăng, từ phủ định","[""đừng gọi nữa"", ""làm phiền"", ""tức""]","Khi angry: điều chỉnh nhịp, đồng cảm, xác nhận nhu cầu trước khi pitch."
EMO-000106,Trust,trust,Tín hiệu trust xuất hiện ở stage closing,"nhịp chậm, khẳng định","[""tin"", ""ok"", ""được""]","Khi trust: điều chỉnh nhịp, đồng cảm, xác nhận nhu cầu trước khi pitch."
EMO-000107,Excited,excited,Tín hiệu excited xuất hiện ở stage follow_up,"nói nhanh, từ tích cực","[""tuyệt"", ""chốt luôn"", ""thích""]","Khi excited: điều chỉnh nhịp, đồng cảm, xác nhận nhu cầu trước khi pitch."
EMO-000108,Neutral,neutral,Tín hiệu neutral xuất hiện ở stage opening,"đều, ít cảm thán","[""ừ"", ""vâng"", ""ok""]","Khi neutral: điều chỉnh nhịp, đồng cảm, xác nhận nhu cầu trước khi pitch."
EMO-000109,Exit Intent,exit_intent,Tín hiệu exit_intent xuất hiện ở stage rapport,"muốn kết thúc, ngắn","[""thôi"", ""không cần"", ""cúp máy""]","Khi exit_intent: điều chỉnh nhịp, đồng cảm, xác nhận nhu cầu trước khi pitch."
EMO-000110,Confused,confused,Tín hiệu confused xuất hiện ở stage discovery,"hỏi lại, mâu thuẫn nhẹ","[""không hiểu"", ""ý gì"", ""lại một lần""]","Khi confused: điều chỉnh nhịp, đồng cảm, xác nhận nhu cầu trước khi pitch."
EMO-000111,Interested,interested,Tín hiệu interested xuất hiện ở stage qualification,"tempo tăng nhẹ, pitch ổn","[""hay đó"", ""cho xem"", ""nghe ổn""]","Khi interested: điều chỉnh nhịp, đồng cảm, xác nhận nhu cầu trước khi pitch."
EMO-000112,Curious,curious,Tín hiệu curious xuất hiện ở stage presentation,"nhiều câu hỏi, ngắt ngắn","[""là sao"", ""ví dụ"", ""khác gì""]","Khi curious: điều chỉnh nhịp, đồng cảm, xác nhận nhu cầu trước khi pitch."
EMO-000113,Hesitation,hesitation,Tín hiệu hesitation xuất hiện ở stage pricing,"pause dài, filler ừ/à","[""để xem"", ""chưa chắc"", ""phân vân""]","Khi hesitation: điều chỉnh nhịp, đồng cảm, xác nhận nhu cầu trước khi pitch."
EMO-000114,Frustration,frustration,Tín hiệu frustration xuất hiện ở stage objection,"cường độ cao, cắt lời","[""nói mãi"", ""phiền"", ""không rõ""]","Khi frustration: điều chỉnh nhịp, đồng cảm, xác nhận nhu cầu trước khi pitch."
EMO-000115,Angry,angry,Tín hiệu angry xuất hiện ở stage closing,"âm lượng tăng, từ phủ định","[""đừng gọi nữa"", ""làm phiền"", ""tức""]","Khi angry: điều chỉnh nhịp, đồng cảm, xác nhận nhu cầu trước khi pitch."
EMO-000116,Trust,trust,Tín hiệu trust xuất hiện ở stage follow_up,"nhịp chậm, khẳng định","[""tin"", ""ok"", ""được""]","Khi trust: điều chỉnh nhịp, đồng cảm, xác nhận nhu cầu trước khi pitch."
EMO-000117,Excited,excited,Tín hiệu excited xuất hiện ở stage opening,"nói nhanh, từ tích cực","[""tuyệt"", ""chốt luôn"", ""thích""]","Khi excited: điều chỉnh nhịp, đồng cảm, xác nhận nhu cầu trước khi pitch."
EMO-000118,Neutral,neutral,Tín hiệu neutral xuất hiện ở stage rapport,"đều, ít cảm thán","[""ừ"", ""vâng"", ""ok""]","Khi neutral: điều chỉnh nhịp, đồng cảm, xác nhận nhu cầu trước khi pitch."
EMO-000119,Exit Intent,exit_intent,Tín hiệu exit_intent xuất hiện ở stage discovery,"muốn kết thúc, ngắn","[""thôi"", ""không cần"", ""cúp máy""]","Khi exit_intent: điều chỉnh nhịp, đồng cảm, xác nhận nhu cầu trước khi pitch."
EMO-000120,Confused,confused,Tín hiệu confused xuất hiện ở stage qualification,"hỏi lại, mâu thuẫn nhẹ","[""không hiểu"", ""ý gì"", ""lại một lần""]","Khi confused: điều chỉnh nhịp, đồng cảm, xác nhận nhu cầu trước khi pitch."
EMO-000121,Interested,interested,Tín hiệu interested xuất hiện ở stage presentation,"tempo tăng nhẹ, pitch ổn","[""hay đó"", ""cho xem"", ""nghe ổn""]","Khi interested: điều chỉnh nhịp, đồng cảm, xác nhận nhu cầu trước khi pitch."
EMO-000122,Curious,curious,Tín hiệu curious xuất hiện ở stage pricing,"nhiều câu hỏi, ngắt ngắn","[""là sao"", ""ví dụ"", ""khác gì""]","Khi curious: điều chỉnh nhịp, đồng cảm, xác nhận nhu cầu trước khi pitch."
EMO-000123,Hesitation,hesitation,Tín hiệu hesitation xuất hiện ở stage objection,"pause dài, filler ừ/à","[""để xem"", ""chưa chắc"", ""phân vân""]","Khi hesitation: điều chỉnh nhịp, đồng cảm, xác nhận nhu cầu trước khi pitch."
EMO-000124,Frustration,frustration,Tín hiệu frustration xuất hiện ở stage closing,"cường độ cao, cắt lời","[""nói mãi"", ""phiền"", ""không rõ""]","Khi frustration: điều chỉnh nhịp, đồng cảm, xác nhận nhu cầu trước khi pitch."
EMO-000125,Angry,angry,Tín hiệu angry xuất hiện ở stage follow_up,"âm lượng tăng, từ phủ định","[""đừng gọi nữa"", ""làm phiền"", ""tức""]","Khi angry: điều chỉnh nhịp, đồng cảm, xác nhận nhu cầu trước khi pitch."
EMO-000126,Trust,trust,Tín hiệu trust xuất hiện ở stage opening,"nhịp chậm, khẳng định","[""tin"", ""ok"", ""được""]","Khi trust: điều chỉnh nhịp, đồng cảm, xác nhận nhu cầu trước khi pitch."
EMO-000127,Excited,excited,Tín hiệu excited xuất hiện ở stage rapport,"nói nhanh, từ tích cực","[""tuyệt"", ""chốt luôn"", ""thích""]","Khi excited: điều chỉnh nhịp, đồng cảm, xác nhận nhu cầu trước khi pitch."
EMO-000128,Neutral,neutral,Tín hiệu neutral xuất hiện ở stage discovery,"đều, ít cảm thán","[""ừ"", ""vâng"", ""ok""]","Khi neutral: điều chỉnh nhịp, đồng cảm, xác nhận nhu cầu trước khi pitch."
EMO-000129,Exit Intent,exit_intent,Tín hiệu exit_intent xuất hiện ở stage qualification,"muốn kết thúc, ngắn","[""thôi"", ""không cần"", ""cúp máy""]","Khi exit_intent: điều chỉnh nhịp, đồng cảm, xác nhận nhu cầu trước khi pitch."
EMO-000130,Confused,confused,Tín hiệu confused xuất hiện ở stage presentation,"hỏi lại, mâu thuẫn nhẹ","[""không hiểu"", ""ý gì"", ""lại một lần""]","Khi confused: điều chỉnh nhịp, đồng cảm, xác nhận nhu cầu trước khi pitch."
EMO-000131,Interested,interested,Tín hiệu interested xuất hiện ở stage pricing,"tempo tăng nhẹ, pitch ổn","[""hay đó"", ""cho xem"", ""nghe ổn""]","Khi interested: điều chỉnh nhịp, đồng cảm, xác nhận nhu cầu trước khi pitch."
EMO-000132,Curious,curious,Tín hiệu curious xuất hiện ở stage objection,"nhiều câu hỏi, ngắt ngắn","[""là sao"", ""ví dụ"", ""khác gì""]","Khi curious: điều chỉnh nhịp, đồng cảm, xác nhận nhu cầu trước khi pitch."
EMO-000133,Hesitation,hesitation,Tín hiệu hesitation xuất hiện ở stage closing,"pause dài, filler ừ/à","[""để xem"", ""chưa chắc"", ""phân vân""]","Khi hesitation: điều chỉnh nhịp, đồng cảm, xác nhận nhu cầu trước khi pitch."
EMO-000134,Frustration,frustration,Tín hiệu frustration xuất hiện ở stage follow_up,"cường độ cao, cắt lời","[""nói mãi"", ""phiền"", ""không rõ""]","Khi frustration: điều chỉnh nhịp, đồng cảm, xác nhận nhu cầu trước khi pitch."
EMO-000135,Angry,angry,Tín hiệu angry xuất hiện ở stage opening,"âm lượng tăng, từ phủ định","[""đừng gọi nữa"", ""làm phiền"", ""tức""]","Khi angry: điều chỉnh nhịp, đồng cảm, xác nhận nhu cầu trước khi pitch."
EMO-000136,Trust,trust,Tín hiệu trust xuất hiện ở stage rapport,"nhịp chậm, khẳng định","[""tin"", ""ok"", ""được""]","Khi trust: điều chỉnh nhịp, đồng cảm, xác nhận nhu cầu trước khi pitch."
EMO-000137,Excited,excited,Tín hiệu excited xuất hiện ở stage discovery,"nói nhanh, từ tích cực","[""tuyệt"", ""chốt luôn"", ""thích""]","Khi excited: điều chỉnh nhịp, đồng cảm, xác nhận nhu cầu trước khi pitch."
EMO-000138,Neutral,neutral,Tín hiệu neutral xuất hiện ở stage qualification,"đều, ít cảm thán","[""ừ"", ""vâng"", ""ok""]","Khi neutral: điều chỉnh nhịp, đồng cảm, xác nhận nhu cầu trước khi pitch."
EMO-000139,Exit Intent,exit_intent,Tín hiệu exit_intent xuất hiện ở stage presentation,"muốn kết thúc, ngắn","[""thôi"", ""không cần"", ""cúp máy""]","Khi exit_intent: điều chỉnh nhịp, đồng cảm, xác nhận nhu cầu trước khi pitch."
EMO-000140,Confused,confused,Tín hiệu confused xuất hiện ở stage pricing,"hỏi lại, mâu thuẫn nhẹ","[""không hiểu"", ""ý gì"", ""lại một lần""]","Khi confused: điều chỉnh nhịp, đồng cảm, xác nhận nhu cầu trước khi pitch."
EMO-000141,Interested,interested,Tín hiệu interested xuất hiện ở stage objection,"tempo tăng nhẹ, pitch ổn","[""hay đó"", ""cho xem"", ""nghe ổn""]","Khi interested: điều chỉnh nhịp, đồng cảm, xác nhận nhu cầu trước khi pitch."
EMO-000142,Curious,curious,Tín hiệu curious xuất hiện ở stage closing,"nhiều câu hỏi, ngắt ngắn","[""là sao"", ""ví dụ"", ""khác gì""]","Khi curious: điều chỉnh nhịp, đồng cảm, xác nhận nhu cầu trước khi pitch."
EMO-000143,Hesitation,hesitation,Tín hiệu hesitation xuất hiện ở stage follow_up,"pause dài, filler ừ/à","[""để xem"", ""chưa chắc"", ""phân vân""]","Khi hesitation: điều chỉnh nhịp, đồng cảm, xác nhận nhu cầu trước khi pitch."
EMO-000144,Frustration,frustration,Tín hiệu frustration xuất hiện ở stage opening,"cường độ cao, cắt lời","[""nói mãi"", ""phiền"", ""không rõ""]","Khi frustration: điều chỉnh nhịp, đồng cảm, xác nhận nhu cầu trước khi pitch."
EMO-000145,Angry,angry,Tín hiệu angry xuất hiện ở stage rapport,"âm lượng tăng, từ phủ định","[""đừng gọi nữa"", ""làm phiền"", ""tức""]","Khi angry: điều chỉnh nhịp, đồng cảm, xác nhận nhu cầu trước khi pitch."
EMO-000146,Trust,trust,Tín hiệu trust xuất hiện ở stage discovery,"nhịp chậm, khẳng định","[""tin"", ""ok"", ""được""]","Khi trust: điều chỉnh nhịp, đồng cảm, xác nhận nhu cầu trước khi pitch."
EMO-000147,Excited,excited,Tín hiệu excited xuất hiện ở stage qualification,"nói nhanh, từ tích cực","[""tuyệt"", ""chốt luôn"", ""thích""]","Khi excited: điều chỉnh nhịp, đồng cảm, xác nhận nhu cầu trước khi pitch."
EMO-000148,Neutral,neutral,Tín hiệu neutral xuất hiện ở stage presentation,"đều, ít cảm thán","[""ừ"", ""vâng"", ""ok""]","Khi neutral: điều chỉnh nhịp, đồng cảm, xác nhận nhu cầu trước khi pitch."
EMO-000149,Exit Intent,exit_intent,Tín hiệu exit_intent xuất hiện ở stage pricing,"muốn kết thúc, ngắn","[""thôi"", ""không cần"", ""cúp máy""]","Khi exit_intent: điều chỉnh nhịp, đồng cảm, xác nhận nhu cầu trước khi pitch."
EMO-000150,Confused,confused,Tín hiệu confused xuất hiện ở stage objection,"hỏi lại, mâu thuẫn nhẹ","[""không hiểu"", ""ý gì"", ""lại một lần""]","Khi confused: điều chỉnh nhịp, đồng cảm, xác nhận nhu cầu trước khi pitch."
EMO-000151,Interested,interested,Tín hiệu interested xuất hiện ở stage closing,"tempo tăng nhẹ, pitch ổn","[""hay đó"", ""cho xem"", ""nghe ổn""]","Khi interested: điều chỉnh nhịp, đồng cảm, xác nhận nhu cầu trước khi pitch."
EMO-000152,Curious,curious,Tín hiệu curious xuất hiện ở stage follow_up,"nhiều câu hỏi, ngắt ngắn","[""là sao"", ""ví dụ"", ""khác gì""]","Khi curious: điều chỉnh nhịp, đồng cảm, xác nhận nhu cầu trước khi pitch."
EMO-000153,Hesitation,hesitation,Tín hiệu hesitation xuất hiện ở stage opening,"pause dài, filler ừ/à","[""để xem"", ""chưa chắc"", ""phân vân""]","Khi hesitation: điều chỉnh nhịp, đồng cảm, xác nhận nhu cầu trước khi pitch."
EMO-000154,Frustration,frustration,Tín hiệu frustration xuất hiện ở stage rapport,"cường độ cao, cắt lời","[""nói mãi"", ""phiền"", ""không rõ""]","Khi frustration: điều chỉnh nhịp, đồng cảm, xác nhận nhu cầu trước khi pitch."
EMO-000155,Angry,angry,Tín hiệu angry xuất hiện ở stage discovery,"âm lượng tăng, từ phủ định","[""đừng gọi nữa"", ""làm phiền"", ""tức""]","Khi angry: điều chỉnh nhịp, đồng cảm, xác nhận nhu cầu trước khi pitch."
EMO-000156,Trust,trust,Tín hiệu trust xuất hiện ở stage qualification,"nhịp chậm, khẳng định","[""tin"", ""ok"", ""được""]","Khi trust: điều chỉnh nhịp, đồng cảm, xác nhận nhu cầu trước khi pitch."
EMO-000157,Excited,excited,Tín hiệu excited xuất hiện ở stage presentation,"nói nhanh, từ tích cực","[""tuyệt"", ""chốt luôn"", ""thích""]","Khi excited: điều chỉnh nhịp, đồng cảm, xác nhận nhu cầu trước khi pitch."
EMO-000158,Neutral,neutral,Tín hiệu neutral xuất hiện ở stage pricing,"đều, ít cảm thán","[""ừ"", ""vâng"", ""ok""]","Khi neutral: điều chỉnh nhịp, đồng cảm, xác nhận nhu cầu trước khi pitch."
EMO-000159,Exit Intent,exit_intent,Tín hiệu exit_intent xuất hiện ở stage objection,"muốn kết thúc, ngắn","[""thôi"", ""không cần"", ""cúp máy""]","Khi exit_intent: điều chỉnh nhịp, đồng cảm, xác nhận nhu cầu trước khi pitch."
EMO-000160,Confused,confused,Tín hiệu confused xuất hiện ở stage closing,"hỏi lại, mâu thuẫn nhẹ","[""không hiểu"", ""ý gì"", ""lại một lần""]","Khi confused: điều chỉnh nhịp, đồng cảm, xác nhận nhu cầu trước khi pitch."
EMO-000161,Interested,interested,Tín hiệu interested xuất hiện ở stage follow_up,"tempo tăng nhẹ, pitch ổn","[""hay đó"", ""cho xem"", ""nghe ổn""]","Khi interested: điều chỉnh nhịp, đồng cảm, xác nhận nhu cầu trước khi pitch."
EMO-000162,Curious,curious,Tín hiệu curious xuất hiện ở stage opening,"nhiều câu hỏi, ngắt ngắn","[""là sao"", ""ví dụ"", ""khác gì""]","Khi curious: điều chỉnh nhịp, đồng cảm, xác nhận nhu cầu trước khi pitch."
EMO-000163,Hesitation,hesitation,Tín hiệu hesitation xuất hiện ở stage rapport,"pause dài, filler ừ/à","[""để xem"", ""chưa chắc"", ""phân vân""]","Khi hesitation: điều chỉnh nhịp, đồng cảm, xác nhận nhu cầu trước khi pitch."
EMO-000164,Frustration,frustration,Tín hiệu frustration xuất hiện ở stage discovery,"cường độ cao, cắt lời","[""nói mãi"", ""phiền"", ""không rõ""]","Khi frustration: điều chỉnh nhịp, đồng cảm, xác nhận nhu cầu trước khi pitch."
EMO-000165,Angry,angry,Tín hiệu angry xuất hiện ở stage qualification,"âm lượng tăng, từ phủ định","[""đừng gọi nữa"", ""làm phiền"", ""tức""]","Khi angry: điều chỉnh nhịp, đồng cảm, xác nhận nhu cầu trước khi pitch."
EMO-000166,Trust,trust,Tín hiệu trust xuất hiện ở stage presentation,"nhịp chậm, khẳng định","[""tin"", ""ok"", ""được""]","Khi trust: điều chỉnh nhịp, đồng cảm, xác nhận nhu cầu trước khi pitch."
EMO-000167,Excited,excited,Tín hiệu excited xuất hiện ở stage pricing,"nói nhanh, từ tích cực","[""tuyệt"", ""chốt luôn"", ""thích""]","Khi excited: điều chỉnh nhịp, đồng cảm, xác nhận nhu cầu trước khi pitch."
EMO-000168,Neutral,neutral,Tín hiệu neutral xuất hiện ở stage objection,"đều, ít cảm thán","[""ừ"", ""vâng"", ""ok""]","Khi neutral: điều chỉnh nhịp, đồng cảm, xác nhận nhu cầu trước khi pitch."
EMO-000169,Exit Intent,exit_intent,Tín hiệu exit_intent xuất hiện ở stage closing,"muốn kết thúc, ngắn","[""thôi"", ""không cần"", ""cúp máy""]","Khi exit_intent: điều chỉnh nhịp, đồng cảm, xác nhận nhu cầu trước khi pitch."
EMO-000170,Confused,confused,Tín hiệu confused xuất hiện ở stage follow_up,"hỏi lại, mâu thuẫn nhẹ","[""không hiểu"", ""ý gì"", ""lại một lần""]","Khi confused: điều chỉnh nhịp, đồng cảm, xác nhận nhu cầu trước khi pitch."
EMO-000171,Interested,interested,Tín hiệu interested xuất hiện ở stage opening,"tempo tăng nhẹ, pitch ổn","[""hay đó"", ""cho xem"", ""nghe ổn""]","Khi interested: điều chỉnh nhịp, đồng cảm, xác nhận nhu cầu trước khi pitch."
EMO-000172,Curious,curious,Tín hiệu curious xuất hiện ở stage rapport,"nhiều câu hỏi, ngắt ngắn","[""là sao"", ""ví dụ"", ""khác gì""]","Khi curious: điều chỉnh nhịp, đồng cảm, xác nhận nhu cầu trước khi pitch."
EMO-000173,Hesitation,hesitation,Tín hiệu hesitation xuất hiện ở stage discovery,"pause dài, filler ừ/à","[""để xem"", ""chưa chắc"", ""phân vân""]","Khi hesitation: điều chỉnh nhịp, đồng cảm, xác nhận nhu cầu trước khi pitch."
EMO-000174,Frustration,frustration,Tín hiệu frustration xuất hiện ở stage qualification,"cường độ cao, cắt lời","[""nói mãi"", ""phiền"", ""không rõ""]","Khi frustration: điều chỉnh nhịp, đồng cảm, xác nhận nhu cầu trước khi pitch."
EMO-000175,Angry,angry,Tín hiệu angry xuất hiện ở stage presentation,"âm lượng tăng, từ phủ định","[""đừng gọi nữa"", ""làm phiền"", ""tức""]","Khi angry: điều chỉnh nhịp, đồng cảm, xác nhận nhu cầu trước khi pitch."
EMO-000176,Trust,trust,Tín hiệu trust xuất hiện ở stage pricing,"nhịp chậm, khẳng định","[""tin"", ""ok"", ""được""]","Khi trust: điều chỉnh nhịp, đồng cảm, xác nhận nhu cầu trước khi pitch."
EMO-000177,Excited,excited,Tín hiệu excited xuất hiện ở stage objection,"nói nhanh, từ tích cực","[""tuyệt"", ""chốt luôn"", ""thích""]","Khi excited: điều chỉnh nhịp, đồng cảm, xác nhận nhu cầu trước khi pitch."
EMO-000178,Neutral,neutral,Tín hiệu neutral xuất hiện ở stage closing,"đều, ít cảm thán","[""ừ"", ""vâng"", ""ok""]","Khi neutral: điều chỉnh nhịp, đồng cảm, xác nhận nhu cầu trước khi pitch."
EMO-000179,Exit Intent,exit_intent,Tín hiệu exit_intent xuất hiện ở stage follow_up,"muốn kết thúc, ngắn","[""thôi"", ""không cần"", ""cúp máy""]","Khi exit_intent: điều chỉnh nhịp, đồng cảm, xác nhận nhu cầu trước khi pitch."
EMO-000180,Confused,confused,Tín hiệu confused xuất hiện ở stage opening,"hỏi lại, mâu thuẫn nhẹ","[""không hiểu"", ""ý gì"", ""lại một lần""]","Khi confused: điều chỉnh nhịp, đồng cảm, xác nhận nhu cầu trước khi pitch."
EMO-000181,Interested,interested,Tín hiệu interested xuất hiện ở stage rapport,"tempo tăng nhẹ, pitch ổn","[""hay đó"", ""cho xem"", ""nghe ổn""]","Khi interested: điều chỉnh nhịp, đồng cảm, xác nhận nhu cầu trước khi pitch."
EMO-000182,Curious,curious,Tín hiệu curious xuất hiện ở stage discovery,"nhiều câu hỏi, ngắt ngắn","[""là sao"", ""ví dụ"", ""khác gì""]","Khi curious: điều chỉnh nhịp, đồng cảm, xác nhận nhu cầu trước khi pitch."
EMO-000183,Hesitation,hesitation,Tín hiệu hesitation xuất hiện ở stage qualification,"pause dài, filler ừ/à","[""để xem"", ""chưa chắc"", ""phân vân""]","Khi hesitation: điều chỉnh nhịp, đồng cảm, xác nhận nhu cầu trước khi pitch."
EMO-000184,Frustration,frustration,Tín hiệu frustration xuất hiện ở stage presentation,"cường độ cao, cắt lời","[""nói mãi"", ""phiền"", ""không rõ""]","Khi frustration: điều chỉnh nhịp, đồng cảm, xác nhận nhu cầu trước khi pitch."
EMO-000185,Angry,angry,Tín hiệu angry xuất hiện ở stage pricing,"âm lượng tăng, từ phủ định","[""đừng gọi nữa"", ""làm phiền"", ""tức""]","Khi angry: điều chỉnh nhịp, đồng cảm, xác nhận nhu cầu trước khi pitch."
EMO-000186,Trust,trust,Tín hiệu trust xuất hiện ở stage objection,"nhịp chậm, khẳng định","[""tin"", ""ok"", ""được""]","Khi trust: điều chỉnh nhịp, đồng cảm, xác nhận nhu cầu trước khi pitch."
EMO-000187,Excited,excited,Tín hiệu excited xuất hiện ở stage closing,"nói nhanh, từ tích cực","[""tuyệt"", ""chốt luôn"", ""thích""]","Khi excited: điều chỉnh nhịp, đồng cảm, xác nhận nhu cầu trước khi pitch."
EMO-000188,Neutral,neutral,Tín hiệu neutral xuất hiện ở stage follow_up,"đều, ít cảm thán","[""ừ"", ""vâng"", ""ok""]","Khi neutral: điều chỉnh nhịp, đồng cảm, xác nhận nhu cầu trước khi pitch."
EMO-000189,Exit Intent,exit_intent,Tín hiệu exit_intent xuất hiện ở stage opening,"muốn kết thúc, ngắn","[""thôi"", ""không cần"", ""cúp máy""]","Khi exit_intent: điều chỉnh nhịp, đồng cảm, xác nhận nhu cầu trước khi pitch."
EMO-000190,Confused,confused,Tín hiệu confused xuất hiện ở stage rapport,"hỏi lại, mâu thuẫn nhẹ","[""không hiểu"", ""ý gì"", ""lại một lần""]","Khi confused: điều chỉnh nhịp, đồng cảm, xác nhận nhu cầu trước khi pitch."
EMO-000191,Interested,interested,Tín hiệu interested xuất hiện ở stage discovery,"tempo tăng nhẹ, pitch ổn","[""hay đó"", ""cho xem"", ""nghe ổn""]","Khi interested: điều chỉnh nhịp, đồng cảm, xác nhận nhu cầu trước khi pitch."
EMO-000192,Curious,curious,Tín hiệu curious xuất hiện ở stage qualification,"nhiều câu hỏi, ngắt ngắn","[""là sao"", ""ví dụ"", ""khác gì""]","Khi curious: điều chỉnh nhịp, đồng cảm, xác nhận nhu cầu trước khi pitch."
EMO-000193,Hesitation,hesitation,Tín hiệu hesitation xuất hiện ở stage presentation,"pause dài, filler ừ/à","[""để xem"", ""chưa chắc"", ""phân vân""]","Khi hesitation: điều chỉnh nhịp, đồng cảm, xác nhận nhu cầu trước khi pitch."
EMO-000194,Frustration,frustration,Tín hiệu frustration xuất hiện ở stage pricing,"cường độ cao, cắt lời","[""nói mãi"", ""phiền"", ""không rõ""]","Khi frustration: điều chỉnh nhịp, đồng cảm, xác nhận nhu cầu trước khi pitch."
EMO-000195,Angry,angry,Tín hiệu angry xuất hiện ở stage objection,"âm lượng tăng, từ phủ định","[""đừng gọi nữa"", ""làm phiền"", ""tức""]","Khi angry: điều chỉnh nhịp, đồng cảm, xác nhận nhu cầu trước khi pitch."
EMO-000196,Trust,trust,Tín hiệu trust xuất hiện ở stage closing,"nhịp chậm, khẳng định","[""tin"", ""ok"", ""được""]","Khi trust: điều chỉnh nhịp, đồng cảm, xác nhận nhu cầu trước khi pitch."
EMO-000197,Excited,excited,Tín hiệu excited xuất hiện ở stage follow_up,"nói nhanh, từ tích cực","[""tuyệt"", ""chốt luôn"", ""thích""]","Khi excited: điều chỉnh nhịp, đồng cảm, xác nhận nhu cầu trước khi pitch."
EMO-000198,Neutral,neutral,Tín hiệu neutral xuất hiện ở stage opening,"đều, ít cảm thán","[""ừ"", ""vâng"", ""ok""]","Khi neutral: điều chỉnh nhịp, đồng cảm, xác nhận nhu cầu trước khi pitch."
EMO-000199,Exit Intent,exit_intent,Tín hiệu exit_intent xuất hiện ở stage rapport,"muốn kết thúc, ngắn","[""thôi"", ""không cần"", ""cúp máy""]","Khi exit_intent: điều chỉnh nhịp, đồng cảm, xác nhận nhu cầu trước khi pitch."
EMO-000200,Confused,confused,Tín hiệu confused xuất hiện ở stage discovery,"hỏi lại, mâu thuẫn nhẹ","[""không hiểu"", ""ý gì"", ""lại một lần""]","Khi confused: điều chỉnh nhịp, đồng cảm, xác nhận nhu cầu trước khi pitch."
EMO-000201,Interested,interested,Tín hiệu interested xuất hiện ở stage qualification,"tempo tăng nhẹ, pitch ổn","[""hay đó"", ""cho xem"", ""nghe ổn""]","Khi interested: điều chỉnh nhịp, đồng cảm, xác nhận nhu cầu trước khi pitch."
EMO-000202,Curious,curious,Tín hiệu curious xuất hiện ở stage presentation,"nhiều câu hỏi, ngắt ngắn","[""là sao"", ""ví dụ"", ""khác gì""]","Khi curious: điều chỉnh nhịp, đồng cảm, xác nhận nhu cầu trước khi pitch."
EMO-000203,Hesitation,hesitation,Tín hiệu hesitation xuất hiện ở stage pricing,"pause dài, filler ừ/à","[""để xem"", ""chưa chắc"", ""phân vân""]","Khi hesitation: điều chỉnh nhịp, đồng cảm, xác nhận nhu cầu trước khi pitch."
EMO-000204,Frustration,frustration,Tín hiệu frustration xuất hiện ở stage objection,"cường độ cao, cắt lời","[""nói mãi"", ""phiền"", ""không rõ""]","Khi frustration: điều chỉnh nhịp, đồng cảm, xác nhận nhu cầu trước khi pitch."
EMO-000205,Angry,angry,Tín hiệu angry xuất hiện ở stage closing,"âm lượng tăng, từ phủ định","[""đừng gọi nữa"", ""làm phiền"", ""tức""]","Khi angry: điều chỉnh nhịp, đồng cảm, xác nhận nhu cầu trước khi pitch."
EMO-000206,Trust,trust,Tín hiệu trust xuất hiện ở stage follow_up,"nhịp chậm, khẳng định","[""tin"", ""ok"", ""được""]","Khi trust: điều chỉnh nhịp, đồng cảm, xác nhận nhu cầu trước khi pitch."
EMO-000207,Excited,excited,Tín hiệu excited xuất hiện ở stage opening,"nói nhanh, từ tích cực","[""tuyệt"", ""chốt luôn"", ""thích""]","Khi excited: điều chỉnh nhịp, đồng cảm, xác nhận nhu cầu trước khi pitch."
EMO-000208,Neutral,neutral,Tín hiệu neutral xuất hiện ở stage rapport,"đều, ít cảm thán","[""ừ"", ""vâng"", ""ok""]","Khi neutral: điều chỉnh nhịp, đồng cảm, xác nhận nhu cầu trước khi pitch."
EMO-000209,Exit Intent,exit_intent,Tín hiệu exit_intent xuất hiện ở stage discovery,"muốn kết thúc, ngắn","[""thôi"", ""không cần"", ""cúp máy""]","Khi exit_intent: điều chỉnh nhịp, đồng cảm, xác nhận nhu cầu trước khi pitch."
EMO-000210,Confused,confused,Tín hiệu confused xuất hiện ở stage qualification,"hỏi lại, mâu thuẫn nhẹ","[""không hiểu"", ""ý gì"", ""lại một lần""]","Khi confused: điều chỉnh nhịp, đồng cảm, xác nhận nhu cầu trước khi pitch."
EMO-000211,Interested,interested,Tín hiệu interested xuất hiện ở stage presentation,"tempo tăng nhẹ, pitch ổn","[""hay đó"", ""cho xem"", ""nghe ổn""]","Khi interested: điều chỉnh nhịp, đồng cảm, xác nhận nhu cầu trước khi pitch."
EMO-000212,Curious,curious,Tín hiệu curious xuất hiện ở stage pricing,"nhiều câu hỏi, ngắt ngắn","[""là sao"", ""ví dụ"", ""khác gì""]","Khi curious: điều chỉnh nhịp, đồng cảm, xác nhận nhu cầu trước khi pitch."
EMO-000213,Hesitation,hesitation,Tín hiệu hesitation xuất hiện ở stage objection,"pause dài, filler ừ/à","[""để xem"", ""chưa chắc"", ""phân vân""]","Khi hesitation: điều chỉnh nhịp, đồng cảm, xác nhận nhu cầu trước khi pitch."
EMO-000214,Frustration,frustration,Tín hiệu frustration xuất hiện ở stage closing,"cường độ cao, cắt lời","[""nói mãi"", ""phiền"", ""không rõ""]","Khi frustration: điều chỉnh nhịp, đồng cảm, xác nhận nhu cầu trước khi pitch."
EMO-000215,Angry,angry,Tín hiệu angry xuất hiện ở stage follow_up,"âm lượng tăng, từ phủ định","[""đừng gọi nữa"", ""làm phiền"", ""tức""]","Khi angry: điều chỉnh nhịp, đồng cảm, xác nhận nhu cầu trước khi pitch."
EMO-000216,Trust,trust,Tín hiệu trust xuất hiện ở stage opening,"nhịp chậm, khẳng định","[""tin"", ""ok"", ""được""]","Khi trust: điều chỉnh nhịp, đồng cảm, xác nhận nhu cầu trước khi pitch."
EMO-000217,Excited,excited,Tín hiệu excited xuất hiện ở stage rapport,"nói nhanh, từ tích cực","[""tuyệt"", ""chốt luôn"", ""thích""]","Khi excited: điều chỉnh nhịp, đồng cảm, xác nhận nhu cầu trước khi pitch."
EMO-000218,Neutral,neutral,Tín hiệu neutral xuất hiện ở stage discovery,"đều, ít cảm thán","[""ừ"", ""vâng"", ""ok""]","Khi neutral: điều chỉnh nhịp, đồng cảm, xác nhận nhu cầu trước khi pitch."
EMO-000219,Exit Intent,exit_intent,Tín hiệu exit_intent xuất hiện ở stage qualification,"muốn kết thúc, ngắn","[""thôi"", ""không cần"", ""cúp máy""]","Khi exit_intent: điều chỉnh nhịp, đồng cảm, xác nhận nhu cầu trước khi pitch."
EMO-000220,Confused,confused,Tín hiệu confused xuất hiện ở stage presentation,"hỏi lại, mâu thuẫn nhẹ","[""không hiểu"", ""ý gì"", ""lại một lần""]","Khi confused: điều chỉnh nhịp, đồng cảm, xác nhận nhu cầu trước khi pitch."
EMO-000221,Interested,interested,Tín hiệu interested xuất hiện ở stage pricing,"tempo tăng nhẹ, pitch ổn","[""hay đó"", ""cho xem"", ""nghe ổn""]","Khi interested: điều chỉnh nhịp, đồng cảm, xác nhận nhu cầu trước khi pitch."
EMO-000222,Curious,curious,Tín hiệu curious xuất hiện ở stage objection,"nhiều câu hỏi, ngắt ngắn","[""là sao"", ""ví dụ"", ""khác gì""]","Khi curious: điều chỉnh nhịp, đồng cảm, xác nhận nhu cầu trước khi pitch."
EMO-000223,Hesitation,hesitation,Tín hiệu hesitation xuất hiện ở stage closing,"pause dài, filler ừ/à","[""để xem"", ""chưa chắc"", ""phân vân""]","Khi hesitation: điều chỉnh nhịp, đồng cảm, xác nhận nhu cầu trước khi pitch."
EMO-000224,Frustration,frustration,Tín hiệu frustration xuất hiện ở stage follow_up,"cường độ cao, cắt lời","[""nói mãi"", ""phiền"", ""không rõ""]","Khi frustration: điều chỉnh nhịp, đồng cảm, xác nhận nhu cầu trước khi pitch."
EMO-000225,Angry,angry,Tín hiệu angry xuất hiện ở stage opening,"âm lượng tăng, từ phủ định","[""đừng gọi nữa"", ""làm phiền"", ""tức""]","Khi angry: điều chỉnh nhịp, đồng cảm, xác nhận nhu cầu trước khi pitch."
EMO-000226,Trust,trust,Tín hiệu trust xuất hiện ở stage rapport,"nhịp chậm, khẳng định","[""tin"", ""ok"", ""được""]","Khi trust: điều chỉnh nhịp, đồng cảm, xác nhận nhu cầu trước khi pitch."
EMO-000227,Excited,excited,Tín hiệu excited xuất hiện ở stage discovery,"nói nhanh, từ tích cực","[""tuyệt"", ""chốt luôn"", ""thích""]","Khi excited: điều chỉnh nhịp, đồng cảm, xác nhận nhu cầu trước khi pitch."
EMO-000228,Neutral,neutral,Tín hiệu neutral xuất hiện ở stage qualification,"đều, ít cảm thán","[""ừ"", ""vâng"", ""ok""]","Khi neutral: điều chỉnh nhịp, đồng cảm, xác nhận nhu cầu trước khi pitch."
EMO-000229,Exit Intent,exit_intent,Tín hiệu exit_intent xuất hiện ở stage presentation,"muốn kết thúc, ngắn","[""thôi"", ""không cần"", ""cúp máy""]","Khi exit_intent: điều chỉnh nhịp, đồng cảm, xác nhận nhu cầu trước khi pitch."
EMO-000230,Confused,confused,Tín hiệu confused xuất hiện ở stage pricing,"hỏi lại, mâu thuẫn nhẹ","[""không hiểu"", ""ý gì"", ""lại một lần""]","Khi confused: điều chỉnh nhịp, đồng cảm, xác nhận nhu cầu trước khi pitch."
EMO-000231,Interested,interested,Tín hiệu interested xuất hiện ở stage objection,"tempo tăng nhẹ, pitch ổn","[""hay đó"", ""cho xem"", ""nghe ổn""]","Khi interested: điều chỉnh nhịp, đồng cảm, xác nhận nhu cầu trước khi pitch."
EMO-000232,Curious,curious,Tín hiệu curious xuất hiện ở stage closing,"nhiều câu hỏi, ngắt ngắn","[""là sao"", ""ví dụ"", ""khác gì""]","Khi curious: điều chỉnh nhịp, đồng cảm, xác nhận nhu cầu trước khi pitch."
EMO-000233,Hesitation,hesitation,Tín hiệu hesitation xuất hiện ở stage follow_up,"pause dài, filler ừ/à","[""để xem"", ""chưa chắc"", ""phân vân""]","Khi hesitation: điều chỉnh nhịp, đồng cảm, xác nhận nhu cầu trước khi pitch."
EMO-000234,Frustration,frustration,Tín hiệu frustration xuất hiện ở stage opening,"cường độ cao, cắt lời","[""nói mãi"", ""phiền"", ""không rõ""]","Khi frustration: điều chỉnh nhịp, đồng cảm, xác nhận nhu cầu trước khi pitch."
EMO-000235,Angry,angry,Tín hiệu angry xuất hiện ở stage rapport,"âm lượng tăng, từ phủ định","[""đừng gọi nữa"", ""làm phiền"", ""tức""]","Khi angry: điều chỉnh nhịp, đồng cảm, xác nhận nhu cầu trước khi pitch."
EMO-000236,Trust,trust,Tín hiệu trust xuất hiện ở stage discovery,"nhịp chậm, khẳng định","[""tin"", ""ok"", ""được""]","Khi trust: điều chỉnh nhịp, đồng cảm, xác nhận nhu cầu trước khi pitch."
EMO-000237,Excited,excited,Tín hiệu excited xuất hiện ở stage qualification,"nói nhanh, từ tích cực","[""tuyệt"", ""chốt luôn"", ""thích""]","Khi excited: điều chỉnh nhịp, đồng cảm, xác nhận nhu cầu trước khi pitch."
EMO-000238,Neutral,neutral,Tín hiệu neutral xuất hiện ở stage presentation,"đều, ít cảm thán","[""ừ"", ""vâng"", ""ok""]","Khi neutral: điều chỉnh nhịp, đồng cảm, xác nhận nhu cầu trước khi pitch."
EMO-000239,Exit Intent,exit_intent,Tín hiệu exit_intent xuất hiện ở stage pricing,"muốn kết thúc, ngắn","[""thôi"", ""không cần"", ""cúp máy""]","Khi exit_intent: điều chỉnh nhịp, đồng cảm, xác nhận nhu cầu trước khi pitch."
EMO-000240,Confused,confused,Tín hiệu confused xuất hiện ở stage objection,"hỏi lại, mâu thuẫn nhẹ","[""không hiểu"", ""ý gì"", ""lại một lần""]","Khi confused: điều chỉnh nhịp, đồng cảm, xác nhận nhu cầu trước khi pitch."
EMO-000241,Interested,interested,Tín hiệu interested xuất hiện ở stage closing,"tempo tăng nhẹ, pitch ổn","[""hay đó"", ""cho xem"", ""nghe ổn""]","Khi interested: điều chỉnh nhịp, đồng cảm, xác nhận nhu cầu trước khi pitch."
EMO-000242,Curious,curious,Tín hiệu curious xuất hiện ở stage follow_up,"nhiều câu hỏi, ngắt ngắn","[""là sao"", ""ví dụ"", ""khác gì""]","Khi curious: điều chỉnh nhịp, đồng cảm, xác nhận nhu cầu trước khi pitch."
EMO-000243,Hesitation,hesitation,Tín hiệu hesitation xuất hiện ở stage opening,"pause dài, filler ừ/à","[""để xem"", ""chưa chắc"", ""phân vân""]","Khi hesitation: điều chỉnh nhịp, đồng cảm, xác nhận nhu cầu trước khi pitch."
EMO-000244,Frustration,frustration,Tín hiệu frustration xuất hiện ở stage rapport,"cường độ cao, cắt lời","[""nói mãi"", ""phiền"", ""không rõ""]","Khi frustration: điều chỉnh nhịp, đồng cảm, xác nhận nhu cầu trước khi pitch."
EMO-000245,Angry,angry,Tín hiệu angry xuất hiện ở stage discovery,"âm lượng tăng, từ phủ định","[""đừng gọi nữa"", ""làm phiền"", ""tức""]","Khi angry: điều chỉnh nhịp, đồng cảm, xác nhận nhu cầu trước khi pitch."
EMO-000246,Trust,trust,Tín hiệu trust xuất hiện ở stage qualification,"nhịp chậm, khẳng định","[""tin"", ""ok"", ""được""]","Khi trust: điều chỉnh nhịp, đồng cảm, xác nhận nhu cầu trước khi pitch."
EMO-000247,Excited,excited,Tín hiệu excited xuất hiện ở stage presentation,"nói nhanh, từ tích cực","[""tuyệt"", ""chốt luôn"", ""thích""]","Khi excited: điều chỉnh nhịp, đồng cảm, xác nhận nhu cầu trước khi pitch."
EMO-000248,Neutral,neutral,Tín hiệu neutral xuất hiện ở stage pricing,"đều, ít cảm thán","[""ừ"", ""vâng"", ""ok""]","Khi neutral: điều chỉnh nhịp, đồng cảm, xác nhận nhu cầu trước khi pitch."
EMO-000249,Exit Intent,exit_intent,Tín hiệu exit_intent xuất hiện ở stage objection,"muốn kết thúc, ngắn","[""thôi"", ""không cần"", ""cúp máy""]","Khi exit_intent: điều chỉnh nhịp, đồng cảm, xác nhận nhu cầu trước khi pitch."
EMO-000250,Confused,confused,Tín hiệu confused xuất hiện ở stage closing,"hỏi lại, mâu thuẫn nhẹ","[""không hiểu"", ""ý gì"", ""lại một lần""]","Khi confused: điều chỉnh nhịp, đồng cảm, xác nhận nhu cầu trước khi pitch."
EMO-000251,Interested,interested,Tín hiệu interested xuất hiện ở stage follow_up,"tempo tăng nhẹ, pitch ổn","[""hay đó"", ""cho xem"", ""nghe ổn""]","Khi interested: điều chỉnh nhịp, đồng cảm, xác nhận nhu cầu trước khi pitch."
EMO-000252,Curious,curious,Tín hiệu curious xuất hiện ở stage opening,"nhiều câu hỏi, ngắt ngắn","[""là sao"", ""ví dụ"", ""khác gì""]","Khi curious: điều chỉnh nhịp, đồng cảm, xác nhận nhu cầu trước khi pitch."
EMO-000253,Hesitation,hesitation,Tín hiệu hesitation xuất hiện ở stage rapport,"pause dài, filler ừ/à","[""để xem"", ""chưa chắc"", ""phân vân""]","Khi hesitation: điều chỉnh nhịp, đồng cảm, xác nhận nhu cầu trước khi pitch."
EMO-000254,Frustration,frustration,Tín hiệu frustration xuất hiện ở stage discovery,"cường độ cao, cắt lời","[""nói mãi"", ""phiền"", ""không rõ""]","Khi frustration: điều chỉnh nhịp, đồng cảm, xác nhận nhu cầu trước khi pitch."
EMO-000255,Angry,angry,Tín hiệu angry xuất hiện ở stage qualification,"âm lượng tăng, từ phủ định","[""đừng gọi nữa"", ""làm phiền"", ""tức""]","Khi angry: điều chỉnh nhịp, đồng cảm, xác nhận nhu cầu trước khi pitch."
EMO-000256,Trust,trust,Tín hiệu trust xuất hiện ở stage presentation,"nhịp chậm, khẳng định","[""tin"", ""ok"", ""được""]","Khi trust: điều chỉnh nhịp, đồng cảm, xác nhận nhu cầu trước khi pitch."
EMO-000257,Excited,excited,Tín hiệu excited xuất hiện ở stage pricing,"nói nhanh, từ tích cực","[""tuyệt"", ""chốt luôn"", ""thích""]","Khi excited: điều chỉnh nhịp, đồng cảm, xác nhận nhu cầu trước khi pitch."
EMO-000258,Neutral,neutral,Tín hiệu neutral xuất hiện ở stage objection,"đều, ít cảm thán","[""ừ"", ""vâng"", ""ok""]","Khi neutral: điều chỉnh nhịp, đồng cảm, xác nhận nhu cầu trước khi pitch."
EMO-000259,Exit Intent,exit_intent,Tín hiệu exit_intent xuất hiện ở stage closing,"muốn kết thúc, ngắn","[""thôi"", ""không cần"", ""cúp máy""]","Khi exit_intent: điều chỉnh nhịp, đồng cảm, xác nhận nhu cầu trước khi pitch."
EMO-000260,Confused,confused,Tín hiệu confused xuất hiện ở stage follow_up,"hỏi lại, mâu thuẫn nhẹ","[""không hiểu"", ""ý gì"", ""lại một lần""]","Khi confused: điều chỉnh nhịp, đồng cảm, xác nhận nhu cầu trước khi pitch."
EMO-000261,Interested,interested,Tín hiệu interested xuất hiện ở stage opening,"tempo tăng nhẹ, pitch ổn","[""hay đó"", ""cho xem"", ""nghe ổn""]","Khi interested: điều chỉnh nhịp, đồng cảm, xác nhận nhu cầu trước khi pitch."
EMO-000262,Curious,curious,Tín hiệu curious xuất hiện ở stage rapport,"nhiều câu hỏi, ngắt ngắn","[""là sao"", ""ví dụ"", ""khác gì""]","Khi curious: điều chỉnh nhịp, đồng cảm, xác nhận nhu cầu trước khi pitch."
EMO-000263,Hesitation,hesitation,Tín hiệu hesitation xuất hiện ở stage discovery,"pause dài, filler ừ/à","[""để xem"", ""chưa chắc"", ""phân vân""]","Khi hesitation: điều chỉnh nhịp, đồng cảm, xác nhận nhu cầu trước khi pitch."
EMO-000264,Frustration,frustration,Tín hiệu frustration xuất hiện ở stage qualification,"cường độ cao, cắt lời","[""nói mãi"", ""phiền"", ""không rõ""]","Khi frustration: điều chỉnh nhịp, đồng cảm, xác nhận nhu cầu trước khi pitch."
EMO-000265,Angry,angry,Tín hiệu angry xuất hiện ở stage presentation,"âm lượng tăng, từ phủ định","[""đừng gọi nữa"", ""làm phiền"", ""tức""]","Khi angry: điều chỉnh nhịp, đồng cảm, xác nhận nhu cầu trước khi pitch."
EMO-000266,Trust,trust,Tín hiệu trust xuất hiện ở stage pricing,"nhịp chậm, khẳng định","[""tin"", ""ok"", ""được""]","Khi trust: điều chỉnh nhịp, đồng cảm, xác nhận nhu cầu trước khi pitch."
EMO-000267,Excited,excited,Tín hiệu excited xuất hiện ở stage objection,"nói nhanh, từ tích cực","[""tuyệt"", ""chốt luôn"", ""thích""]","Khi excited: điều chỉnh nhịp, đồng cảm, xác nhận nhu cầu trước khi pitch."
EMO-000268,Neutral,neutral,Tín hiệu neutral xuất hiện ở stage closing,"đều, ít cảm thán","[""ừ"", ""vâng"", ""ok""]","Khi neutral: điều chỉnh nhịp, đồng cảm, xác nhận nhu cầu trước khi pitch."
EMO-000269,Exit Intent,exit_intent,Tín hiệu exit_intent xuất hiện ở stage follow_up,"muốn kết thúc, ngắn","[""thôi"", ""không cần"", ""cúp máy""]","Khi exit_intent: điều chỉnh nhịp, đồng cảm, xác nhận nhu cầu trước khi pitch."
EMO-000270,Confused,confused,Tín hiệu confused xuất hiện ở stage opening,"hỏi lại, mâu thuẫn nhẹ","[""không hiểu"", ""ý gì"", ""lại một lần""]","Khi confused: điều chỉnh nhịp, đồng cảm, xác nhận nhu cầu trước khi pitch."
EMO-000271,Interested,interested,Tín hiệu interested xuất hiện ở stage rapport,"tempo tăng nhẹ, pitch ổn","[""hay đó"", ""cho xem"", ""nghe ổn""]","Khi interested: điều chỉnh nhịp, đồng cảm, xác nhận nhu cầu trước khi pitch."
EMO-000272,Curious,curious,Tín hiệu curious xuất hiện ở stage discovery,"nhiều câu hỏi, ngắt ngắn","[""là sao"", ""ví dụ"", ""khác gì""]","Khi curious: điều chỉnh nhịp, đồng cảm, xác nhận nhu cầu trước khi pitch."
EMO-000273,Hesitation,hesitation,Tín hiệu hesitation xuất hiện ở stage qualification,"pause dài, filler ừ/à","[""để xem"", ""chưa chắc"", ""phân vân""]","Khi hesitation: điều chỉnh nhịp, đồng cảm, xác nhận nhu cầu trước khi pitch."
EMO-000274,Frustration,frustration,Tín hiệu frustration xuất hiện ở stage presentation,"cường độ cao, cắt lời","[""nói mãi"", ""phiền"", ""không rõ""]","Khi frustration: điều chỉnh nhịp, đồng cảm, xác nhận nhu cầu trước khi pitch."
EMO-000275,Angry,angry,Tín hiệu angry xuất hiện ở stage pricing,"âm lượng tăng, từ phủ định","[""đừng gọi nữa"", ""làm phiền"", ""tức""]","Khi angry: điều chỉnh nhịp, đồng cảm, xác nhận nhu cầu trước khi pitch."
EMO-000276,Trust,trust,Tín hiệu trust xuất hiện ở stage objection,"nhịp chậm, khẳng định","[""tin"", ""ok"", ""được""]","Khi trust: điều chỉnh nhịp, đồng cảm, xác nhận nhu cầu trước khi pitch."
EMO-000277,Excited,excited,Tín hiệu excited xuất hiện ở stage closing,"nói nhanh, từ tích cực","[""tuyệt"", ""chốt luôn"", ""thích""]","Khi excited: điều chỉnh nhịp, đồng cảm, xác nhận nhu cầu trước khi pitch."
EMO-000278,Neutral,neutral,Tín hiệu neutral xuất hiện ở stage follow_up,"đều, ít cảm thán","[""ừ"", ""vâng"", ""ok""]","Khi neutral: điều chỉnh nhịp, đồng cảm, xác nhận nhu cầu trước khi pitch."
EMO-000279,Exit Intent,exit_intent,Tín hiệu exit_intent xuất hiện ở stage opening,"muốn kết thúc, ngắn","[""thôi"", ""không cần"", ""cúp máy""]","Khi exit_intent: điều chỉnh nhịp, đồng cảm, xác nhận nhu cầu trước khi pitch."
EMO-000280,Confused,confused,Tín hiệu confused xuất hiện ở stage rapport,"hỏi lại, mâu thuẫn nhẹ","[""không hiểu"", ""ý gì"", ""lại một lần""]","Khi confused: điều chỉnh nhịp, đồng cảm, xác nhận nhu cầu trước khi pitch."
EMO-000281,Interested,interested,Tín hiệu interested xuất hiện ở stage discovery,"tempo tăng nhẹ, pitch ổn","[""hay đó"", ""cho xem"", ""nghe ổn""]","Khi interested: điều chỉnh nhịp, đồng cảm, xác nhận nhu cầu trước khi pitch."
EMO-000282,Curious,curious,Tín hiệu curious xuất hiện ở stage qualification,"nhiều câu hỏi, ngắt ngắn","[""là sao"", ""ví dụ"", ""khác gì""]","Khi curious: điều chỉnh nhịp, đồng cảm, xác nhận nhu cầu trước khi pitch."
EMO-000283,Hesitation,hesitation,Tín hiệu hesitation xuất hiện ở stage presentation,"pause dài, filler ừ/à","[""để xem"", ""chưa chắc"", ""phân vân""]","Khi hesitation: điều chỉnh nhịp, đồng cảm, xác nhận nhu cầu trước khi pitch."
EMO-000284,Frustration,frustration,Tín hiệu frustration xuất hiện ở stage pricing,"cường độ cao, cắt lời","[""nói mãi"", ""phiền"", ""không rõ""]","Khi frustration: điều chỉnh nhịp, đồng cảm, xác nhận nhu cầu trước khi pitch."
EMO-000285,Angry,angry,Tín hiệu angry xuất hiện ở stage objection,"âm lượng tăng, từ phủ định","[""đừng gọi nữa"", ""làm phiền"", ""tức""]","Khi angry: điều chỉnh nhịp, đồng cảm, xác nhận nhu cầu trước khi pitch."
EMO-000286,Trust,trust,Tín hiệu trust xuất hiện ở stage closing,"nhịp chậm, khẳng định","[""tin"", ""ok"", ""được""]","Khi trust: điều chỉnh nhịp, đồng cảm, xác nhận nhu cầu trước khi pitch."
EMO-000287,Excited,excited,Tín hiệu excited xuất hiện ở stage follow_up,"nói nhanh, từ tích cực","[""tuyệt"", ""chốt luôn"", ""thích""]","Khi excited: điều chỉnh nhịp, đồng cảm, xác nhận nhu cầu trước khi pitch."
EMO-000288,Neutral,neutral,Tín hiệu neutral xuất hiện ở stage opening,"đều, ít cảm thán","[""ừ"", ""vâng"", ""ok""]","Khi neutral: điều chỉnh nhịp, đồng cảm, xác nhận nhu cầu trước khi pitch."
EMO-000289,Exit Intent,exit_intent,Tín hiệu exit_intent xuất hiện ở stage rapport,"muốn kết thúc, ngắn","[""thôi"", ""không cần"", ""cúp máy""]","Khi exit_intent: điều chỉnh nhịp, đồng cảm, xác nhận nhu cầu trước khi pitch."
EMO-000290,Confused,confused,Tín hiệu confused xuất hiện ở stage discovery,"hỏi lại, mâu thuẫn nhẹ","[""không hiểu"", ""ý gì"", ""lại một lần""]","Khi confused: điều chỉnh nhịp, đồng cảm, xác nhận nhu cầu trước khi pitch."
EMO-000291,Interested,interested,Tín hiệu interested xuất hiện ở stage qualification,"tempo tăng nhẹ, pitch ổn","[""hay đó"", ""cho xem"", ""nghe ổn""]","Khi interested: điều chỉnh nhịp, đồng cảm, xác nhận nhu cầu trước khi pitch."
EMO-000292,Curious,curious,Tín hiệu curious xuất hiện ở stage presentation,"nhiều câu hỏi, ngắt ngắn","[""là sao"", ""ví dụ"", ""khác gì""]","Khi curious: điều chỉnh nhịp, đồng cảm, xác nhận nhu cầu trước khi pitch."
EMO-000293,Hesitation,hesitation,Tín hiệu hesitation xuất hiện ở stage pricing,"pause dài, filler ừ/à","[""để xem"", ""chưa chắc"", ""phân vân""]","Khi hesitation: điều chỉnh nhịp, đồng cảm, xác nhận nhu cầu trước khi pitch."
EMO-000294,Frustration,frustration,Tín hiệu frustration xuất hiện ở stage objection,"cường độ cao, cắt lời","[""nói mãi"", ""phiền"", ""không rõ""]","Khi frustration: điều chỉnh nhịp, đồng cảm, xác nhận nhu cầu trước khi pitch."
EMO-000295,Angry,angry,Tín hiệu angry xuất hiện ở stage closing,"âm lượng tăng, từ phủ định","[""đừng gọi nữa"", ""làm phiền"", ""tức""]","Khi angry: điều chỉnh nhịp, đồng cảm, xác nhận nhu cầu trước khi pitch."
EMO-000296,Trust,trust,Tín hiệu trust xuất hiện ở stage follow_up,"nhịp chậm, khẳng định","[""tin"", ""ok"", ""được""]","Khi trust: điều chỉnh nhịp, đồng cảm, xác nhận nhu cầu trước khi pitch."
EMO-000297,Excited,excited,Tín hiệu excited xuất hiện ở stage opening,"nói nhanh, từ tích cực","[""tuyệt"", ""chốt luôn"", ""thích""]","Khi excited: điều chỉnh nhịp, đồng cảm, xác nhận nhu cầu trước khi pitch."
EMO-000298,Neutral,neutral,Tín hiệu neutral xuất hiện ở stage rapport,"đều, ít cảm thán","[""ừ"", ""vâng"", ""ok""]","Khi neutral: điều chỉnh nhịp, đồng cảm, xác nhận nhu cầu trước khi pitch."
EMO-000299,Exit Intent,exit_intent,Tín hiệu exit_intent xuất hiện ở stage discovery,"muốn kết thúc, ngắn","[""thôi"", ""không cần"", ""cúp máy""]","Khi exit_intent: điều chỉnh nhịp, đồng cảm, xác nhận nhu cầu trước khi pitch."
EMO-000300,Confused,confused,Tín hiệu confused xuất hiện ở stage qualification,"hỏi lại, mâu thuẫn nhẹ","[""không hiểu"", ""ý gì"", ""lại một lần""]","Khi confused: điều chỉnh nhịp, đồng cảm, xác nhận nhu cầu trước khi pitch."
EMO-000301,Interested,interested,Tín hiệu interested xuất hiện ở stage presentation,"tempo tăng nhẹ, pitch ổn","[""hay đó"", ""cho xem"", ""nghe ổn""]","Khi interested: điều chỉnh nhịp, đồng cảm, xác nhận nhu cầu trước khi pitch."
EMO-000302,Curious,curious,Tín hiệu curious xuất hiện ở stage pricing,"nhiều câu hỏi, ngắt ngắn","[""là sao"", ""ví dụ"", ""khác gì""]","Khi curious: điều chỉnh nhịp, đồng cảm, xác nhận nhu cầu trước khi pitch."
EMO-000303,Hesitation,hesitation,Tín hiệu hesitation xuất hiện ở stage objection,"pause dài, filler ừ/à","[""để xem"", ""chưa chắc"", ""phân vân""]","Khi hesitation: điều chỉnh nhịp, đồng cảm, xác nhận nhu cầu trước khi pitch."
EMO-000304,Frustration,frustration,Tín hiệu frustration xuất hiện ở stage closing,"cường độ cao, cắt lời","[""nói mãi"", ""phiền"", ""không rõ""]","Khi frustration: điều chỉnh nhịp, đồng cảm, xác nhận nhu cầu trước khi pitch."
EMO-000305,Angry,angry,Tín hiệu angry xuất hiện ở stage follow_up,"âm lượng tăng, từ phủ định","[""đừng gọi nữa"", ""làm phiền"", ""tức""]","Khi angry: điều chỉnh nhịp, đồng cảm, xác nhận nhu cầu trước khi pitch."
EMO-000306,Trust,trust,Tín hiệu trust xuất hiện ở stage opening,"nhịp chậm, khẳng định","[""tin"", ""ok"", ""được""]","Khi trust: điều chỉnh nhịp, đồng cảm, xác nhận nhu cầu trước khi pitch."
EMO-000307,Excited,excited,Tín hiệu excited xuất hiện ở stage rapport,"nói nhanh, từ tích cực","[""tuyệt"", ""chốt luôn"", ""thích""]","Khi excited: điều chỉnh nhịp, đồng cảm, xác nhận nhu cầu trước khi pitch."
EMO-000308,Neutral,neutral,Tín hiệu neutral xuất hiện ở stage discovery,"đều, ít cảm thán","[""ừ"", ""vâng"", ""ok""]","Khi neutral: điều chỉnh nhịp, đồng cảm, xác nhận nhu cầu trước khi pitch."
EMO-000309,Exit Intent,exit_intent,Tín hiệu exit_intent xuất hiện ở stage qualification,"muốn kết thúc, ngắn","[""thôi"", ""không cần"", ""cúp máy""]","Khi exit_intent: điều chỉnh nhịp, đồng cảm, xác nhận nhu cầu trước khi pitch."
EMO-000310,Confused,confused,Tín hiệu confused xuất hiện ở stage presentation,"hỏi lại, mâu thuẫn nhẹ","[""không hiểu"", ""ý gì"", ""lại một lần""]","Khi confused: điều chỉnh nhịp, đồng cảm, xác nhận nhu cầu trước khi pitch."
EMO-000311,Interested,interested,Tín hiệu interested xuất hiện ở stage pricing,"tempo tăng nhẹ, pitch ổn","[""hay đó"", ""cho xem"", ""nghe ổn""]","Khi interested: điều chỉnh nhịp, đồng cảm, xác nhận nhu cầu trước khi pitch."
EMO-000312,Curious,curious,Tín hiệu curious xuất hiện ở stage objection,"nhiều câu hỏi, ngắt ngắn","[""là sao"", ""ví dụ"", ""khác gì""]","Khi curious: điều chỉnh nhịp, đồng cảm, xác nhận nhu cầu trước khi pitch."
EMO-000313,Hesitation,hesitation,Tín hiệu hesitation xuất hiện ở stage closing,"pause dài, filler ừ/à","[""để xem"", ""chưa chắc"", ""phân vân""]","Khi hesitation: điều chỉnh nhịp, đồng cảm, xác nhận nhu cầu trước khi pitch."
EMO-000314,Frustration,frustration,Tín hiệu frustration xuất hiện ở stage follow_up,"cường độ cao, cắt lời","[""nói mãi"", ""phiền"", ""không rõ""]","Khi frustration: điều chỉnh nhịp, đồng cảm, xác nhận nhu cầu trước khi pitch."
EMO-000315,Angry,angry,Tín hiệu angry xuất hiện ở stage opening,"âm lượng tăng, từ phủ định","[""đừng gọi nữa"", ""làm phiền"", ""tức""]","Khi angry: điều chỉnh nhịp, đồng cảm, xác nhận nhu cầu trước khi pitch."
EMO-000316,Trust,trust,Tín hiệu trust xuất hiện ở stage rapport,"nhịp chậm, khẳng định","[""tin"", ""ok"", ""được""]","Khi trust: điều chỉnh nhịp, đồng cảm, xác nhận nhu cầu trước khi pitch."
EMO-000317,Excited,excited,Tín hiệu excited xuất hiện ở stage discovery,"nói nhanh, từ tích cực","[""tuyệt"", ""chốt luôn"", ""thích""]","Khi excited: điều chỉnh nhịp, đồng cảm, xác nhận nhu cầu trước khi pitch."
EMO-000318,Neutral,neutral,Tín hiệu neutral xuất hiện ở stage qualification,"đều, ít cảm thán","[""ừ"", ""vâng"", ""ok""]","Khi neutral: điều chỉnh nhịp, đồng cảm, xác nhận nhu cầu trước khi pitch."
EMO-000319,Exit Intent,exit_intent,Tín hiệu exit_intent xuất hiện ở stage presentation,"muốn kết thúc, ngắn","[""thôi"", ""không cần"", ""cúp máy""]","Khi exit_intent: điều chỉnh nhịp, đồng cảm, xác nhận nhu cầu trước khi pitch."
EMO-000320,Confused,confused,Tín hiệu confused xuất hiện ở stage pricing,"hỏi lại, mâu thuẫn nhẹ","[""không hiểu"", ""ý gì"", ""lại một lần""]","Khi confused: điều chỉnh nhịp, đồng cảm, xác nhận nhu cầu trước khi pitch."
EMO-000321,Interested,interested,Tín hiệu interested xuất hiện ở stage objection,"tempo tăng nhẹ, pitch ổn","[""hay đó"", ""cho xem"", ""nghe ổn""]","Khi interested: điều chỉnh nhịp, đồng cảm, xác nhận nhu cầu trước khi pitch."
EMO-000322,Curious,curious,Tín hiệu curious xuất hiện ở stage closing,"nhiều câu hỏi, ngắt ngắn","[""là sao"", ""ví dụ"", ""khác gì""]","Khi curious: điều chỉnh nhịp, đồng cảm, xác nhận nhu cầu trước khi pitch."
EMO-000323,Hesitation,hesitation,Tín hiệu hesitation xuất hiện ở stage follow_up,"pause dài, filler ừ/à","[""để xem"", ""chưa chắc"", ""phân vân""]","Khi hesitation: điều chỉnh nhịp, đồng cảm, xác nhận nhu cầu trước khi pitch."
EMO-000324,Frustration,frustration,Tín hiệu frustration xuất hiện ở stage opening,"cường độ cao, cắt lời","[""nói mãi"", ""phiền"", ""không rõ""]","Khi frustration: điều chỉnh nhịp, đồng cảm, xác nhận nhu cầu trước khi pitch."
EMO-000325,Angry,angry,Tín hiệu angry xuất hiện ở stage rapport,"âm lượng tăng, từ phủ định","[""đừng gọi nữa"", ""làm phiền"", ""tức""]","Khi angry: điều chỉnh nhịp, đồng cảm, xác nhận nhu cầu trước khi pitch."
EMO-000326,Trust,trust,Tín hiệu trust xuất hiện ở stage discovery,"nhịp chậm, khẳng định","[""tin"", ""ok"", ""được""]","Khi trust: điều chỉnh nhịp, đồng cảm, xác nhận nhu cầu trước khi pitch."
EMO-000327,Excited,excited,Tín hiệu excited xuất hiện ở stage qualification,"nói nhanh, từ tích cực","[""tuyệt"", ""chốt luôn"", ""thích""]","Khi excited: điều chỉnh nhịp, đồng cảm, xác nhận nhu cầu trước khi pitch."
EMO-000328,Neutral,neutral,Tín hiệu neutral xuất hiện ở stage presentation,"đều, ít cảm thán","[""ừ"", ""vâng"", ""ok""]","Khi neutral: điều chỉnh nhịp, đồng cảm, xác nhận nhu cầu trước khi pitch."
EMO-000329,Exit Intent,exit_intent,Tín hiệu exit_intent xuất hiện ở stage pricing,"muốn kết thúc, ngắn","[""thôi"", ""không cần"", ""cúp máy""]","Khi exit_intent: điều chỉnh nhịp, đồng cảm, xác nhận nhu cầu trước khi pitch."
EMO-000330,Confused,confused,Tín hiệu confused xuất hiện ở stage objection,"hỏi lại, mâu thuẫn nhẹ","[""không hiểu"", ""ý gì"", ""lại một lần""]","Khi confused: điều chỉnh nhịp, đồng cảm, xác nhận nhu cầu trước khi pitch."
EMO-000331,Interested,interested,Tín hiệu interested xuất hiện ở stage closing,"tempo tăng nhẹ, pitch ổn","[""hay đó"", ""cho xem"", ""nghe ổn""]","Khi interested: điều chỉnh nhịp, đồng cảm, xác nhận nhu cầu trước khi pitch."
EMO-000332,Curious,curious,Tín hiệu curious xuất hiện ở stage follow_up,"nhiều câu hỏi, ngắt ngắn","[""là sao"", ""ví dụ"", ""khác gì""]","Khi curious: điều chỉnh nhịp, đồng cảm, xác nhận nhu cầu trước khi pitch."
EMO-000333,Hesitation,hesitation,Tín hiệu hesitation xuất hiện ở stage opening,"pause dài, filler ừ/à","[""để xem"", ""chưa chắc"", ""phân vân""]","Khi hesitation: điều chỉnh nhịp, đồng cảm, xác nhận nhu cầu trước khi pitch."
EMO-000334,Frustration,frustration,Tín hiệu frustration xuất hiện ở stage rapport,"cường độ cao, cắt lời","[""nói mãi"", ""phiền"", ""không rõ""]","Khi frustration: điều chỉnh nhịp, đồng cảm, xác nhận nhu cầu trước khi pitch."
EMO-000335,Angry,angry,Tín hiệu angry xuất hiện ở stage discovery,"âm lượng tăng, từ phủ định","[""đừng gọi nữa"", ""làm phiền"", ""tức""]","Khi angry: điều chỉnh nhịp, đồng cảm, xác nhận nhu cầu trước khi pitch."
EMO-000336,Trust,trust,Tín hiệu trust xuất hiện ở stage qualification,"nhịp chậm, khẳng định","[""tin"", ""ok"", ""được""]","Khi trust: điều chỉnh nhịp, đồng cảm, xác nhận nhu cầu trước khi pitch."
EMO-000337,Excited,excited,Tín hiệu excited xuất hiện ở stage presentation,"nói nhanh, từ tích cực","[""tuyệt"", ""chốt luôn"", ""thích""]","Khi excited: điều chỉnh nhịp, đồng cảm, xác nhận nhu cầu trước khi pitch."
EMO-000338,Neutral,neutral,Tín hiệu neutral xuất hiện ở stage pricing,"đều, ít cảm thán","[""ừ"", ""vâng"", ""ok""]","Khi neutral: điều chỉnh nhịp, đồng cảm, xác nhận nhu cầu trước khi pitch."
EMO-000339,Exit Intent,exit_intent,Tín hiệu exit_intent xuất hiện ở stage objection,"muốn kết thúc, ngắn","[""thôi"", ""không cần"", ""cúp máy""]","Khi exit_intent: điều chỉnh nhịp, đồng cảm, xác nhận nhu cầu trước khi pitch."
EMO-000340,Confused,confused,Tín hiệu confused xuất hiện ở stage closing,"hỏi lại, mâu thuẫn nhẹ","[""không hiểu"", ""ý gì"", ""lại một lần""]","Khi confused: điều chỉnh nhịp, đồng cảm, xác nhận nhu cầu trước khi pitch."
EMO-000341,Interested,interested,Tín hiệu interested xuất hiện ở stage follow_up,"tempo tăng nhẹ, pitch ổn","[""hay đó"", ""cho xem"", ""nghe ổn""]","Khi interested: điều chỉnh nhịp, đồng cảm, xác nhận nhu cầu trước khi pitch."
EMO-000342,Curious,curious,Tín hiệu curious xuất hiện ở stage opening,"nhiều câu hỏi, ngắt ngắn","[""là sao"", ""ví dụ"", ""khác gì""]","Khi curious: điều chỉnh nhịp, đồng cảm, xác nhận nhu cầu trước khi pitch."
EMO-000343,Hesitation,hesitation,Tín hiệu hesitation xuất hiện ở stage rapport,"pause dài, filler ừ/à","[""để xem"", ""chưa chắc"", ""phân vân""]","Khi hesitation: điều chỉnh nhịp, đồng cảm, xác nhận nhu cầu trước khi pitch."
EMO-000344,Frustration,frustration,Tín hiệu frustration xuất hiện ở stage discovery,"cường độ cao, cắt lời","[""nói mãi"", ""phiền"", ""không rõ""]","Khi frustration: điều chỉnh nhịp, đồng cảm, xác nhận nhu cầu trước khi pitch."
EMO-000345,Angry,angry,Tín hiệu angry xuất hiện ở stage qualification,"âm lượng tăng, từ phủ định","[""đừng gọi nữa"", ""làm phiền"", ""tức""]","Khi angry: điều chỉnh nhịp, đồng cảm, xác nhận nhu cầu trước khi pitch."
EMO-000346,Trust,trust,Tín hiệu trust xuất hiện ở stage presentation,"nhịp chậm, khẳng định","[""tin"", ""ok"", ""được""]","Khi trust: điều chỉnh nhịp, đồng cảm, xác nhận nhu cầu trước khi pitch."
EMO-000347,Excited,excited,Tín hiệu excited xuất hiện ở stage pricing,"nói nhanh, từ tích cực","[""tuyệt"", ""chốt luôn"", ""thích""]","Khi excited: điều chỉnh nhịp, đồng cảm, xác nhận nhu cầu trước khi pitch."
EMO-000348,Neutral,neutral,Tín hiệu neutral xuất hiện ở stage objection,"đều, ít cảm thán","[""ừ"", ""vâng"", ""ok""]","Khi neutral: điều chỉnh nhịp, đồng cảm, xác nhận nhu cầu trước khi pitch."
EMO-000349,Exit Intent,exit_intent,Tín hiệu exit_intent xuất hiện ở stage closing,"muốn kết thúc, ngắn","[""thôi"", ""không cần"", ""cúp máy""]","Khi exit_intent: điều chỉnh nhịp, đồng cảm, xác nhận nhu cầu trước khi pitch."
EMO-000350,Confused,confused,Tín hiệu confused xuất hiện ở stage follow_up,"hỏi lại, mâu thuẫn nhẹ","[""không hiểu"", ""ý gì"", ""lại một lần""]","Khi confused: điều chỉnh nhịp, đồng cảm, xác nhận nhu cầu trước khi pitch."
EMO-000351,Interested,interested,Tín hiệu interested xuất hiện ở stage opening,"tempo tăng nhẹ, pitch ổn","[""hay đó"", ""cho xem"", ""nghe ổn""]","Khi interested: điều chỉnh nhịp, đồng cảm, xác nhận nhu cầu trước khi pitch."
EMO-000352,Curious,curious,Tín hiệu curious xuất hiện ở stage rapport,"nhiều câu hỏi, ngắt ngắn","[""là sao"", ""ví dụ"", ""khác gì""]","Khi curious: điều chỉnh nhịp, đồng cảm, xác nhận nhu cầu trước khi pitch."
EMO-000353,Hesitation,hesitation,Tín hiệu hesitation xuất hiện ở stage discovery,"pause dài, filler ừ/à","[""để xem"", ""chưa chắc"", ""phân vân""]","Khi hesitation: điều chỉnh nhịp, đồng cảm, xác nhận nhu cầu trước khi pitch."
EMO-000354,Frustration,frustration,Tín hiệu frustration xuất hiện ở stage qualification,"cường độ cao, cắt lời","[""nói mãi"", ""phiền"", ""không rõ""]","Khi frustration: điều chỉnh nhịp, đồng cảm, xác nhận nhu cầu trước khi pitch."
EMO-000355,Angry,angry,Tín hiệu angry xuất hiện ở stage presentation,"âm lượng tăng, từ phủ định","[""đừng gọi nữa"", ""làm phiền"", ""tức""]","Khi angry: điều chỉnh nhịp, đồng cảm, xác nhận nhu cầu trước khi pitch."
EMO-000356,Trust,trust,Tín hiệu trust xuất hiện ở stage pricing,"nhịp chậm, khẳng định","[""tin"", ""ok"", ""được""]","Khi trust: điều chỉnh nhịp, đồng cảm, xác nhận nhu cầu trước khi pitch."
EMO-000357,Excited,excited,Tín hiệu excited xuất hiện ở stage objection,"nói nhanh, từ tích cực","[""tuyệt"", ""chốt luôn"", ""thích""]","Khi excited: điều chỉnh nhịp, đồng cảm, xác nhận nhu cầu trước khi pitch."
EMO-000358,Neutral,neutral,Tín hiệu neutral xuất hiện ở stage closing,"đều, ít cảm thán","[""ừ"", ""vâng"", ""ok""]","Khi neutral: điều chỉnh nhịp, đồng cảm, xác nhận nhu cầu trước khi pitch."
EMO-000359,Exit Intent,exit_intent,Tín hiệu exit_intent xuất hiện ở stage follow_up,"muốn kết thúc, ngắn","[""thôi"", ""không cần"", ""cúp máy""]","Khi exit_intent: điều chỉnh nhịp, đồng cảm, xác nhận nhu cầu trước khi pitch."
EMO-000360,Confused,confused,Tín hiệu confused xuất hiện ở stage opening,"hỏi lại, mâu thuẫn nhẹ","[""không hiểu"", ""ý gì"", ""lại một lần""]","Khi confused: điều chỉnh nhịp, đồng cảm, xác nhận nhu cầu trước khi pitch."
EMO-000361,Interested,interested,Tín hiệu interested xuất hiện ở stage rapport,"tempo tăng nhẹ, pitch ổn","[""hay đó"", ""cho xem"", ""nghe ổn""]","Khi interested: điều chỉnh nhịp, đồng cảm, xác nhận nhu cầu trước khi pitch."
EMO-000362,Curious,curious,Tín hiệu curious xuất hiện ở stage discovery,"nhiều câu hỏi, ngắt ngắn","[""là sao"", ""ví dụ"", ""khác gì""]","Khi curious: điều chỉnh nhịp, đồng cảm, xác nhận nhu cầu trước khi pitch."
EMO-000363,Hesitation,hesitation,Tín hiệu hesitation xuất hiện ở stage qualification,"pause dài, filler ừ/à","[""để xem"", ""chưa chắc"", ""phân vân""]","Khi hesitation: điều chỉnh nhịp, đồng cảm, xác nhận nhu cầu trước khi pitch."
EMO-000364,Frustration,frustration,Tín hiệu frustration xuất hiện ở stage presentation,"cường độ cao, cắt lời","[""nói mãi"", ""phiền"", ""không rõ""]","Khi frustration: điều chỉnh nhịp, đồng cảm, xác nhận nhu cầu trước khi pitch."
EMO-000365,Angry,angry,Tín hiệu angry xuất hiện ở stage pricing,"âm lượng tăng, từ phủ định","[""đừng gọi nữa"", ""làm phiền"", ""tức""]","Khi angry: điều chỉnh nhịp, đồng cảm, xác nhận nhu cầu trước khi pitch."
EMO-000366,Trust,trust,Tín hiệu trust xuất hiện ở stage objection,"nhịp chậm, khẳng định","[""tin"", ""ok"", ""được""]","Khi trust: điều chỉnh nhịp, đồng cảm, xác nhận nhu cầu trước khi pitch."
EMO-000367,Excited,excited,Tín hiệu excited xuất hiện ở stage closing,"nói nhanh, từ tích cực","[""tuyệt"", ""chốt luôn"", ""thích""]","Khi excited: điều chỉnh nhịp, đồng cảm, xác nhận nhu cầu trước khi pitch."
EMO-000368,Neutral,neutral,Tín hiệu neutral xuất hiện ở stage follow_up,"đều, ít cảm thán","[""ừ"", ""vâng"", ""ok""]","Khi neutral: điều chỉnh nhịp, đồng cảm, xác nhận nhu cầu trước khi pitch."
EMO-000369,Exit Intent,exit_intent,Tín hiệu exit_intent xuất hiện ở stage opening,"muốn kết thúc, ngắn","[""thôi"", ""không cần"", ""cúp máy""]","Khi exit_intent: điều chỉnh nhịp, đồng cảm, xác nhận nhu cầu trước khi pitch."
EMO-000370,Confused,confused,Tín hiệu confused xuất hiện ở stage rapport,"hỏi lại, mâu thuẫn nhẹ","[""không hiểu"", ""ý gì"", ""lại một lần""]","Khi confused: điều chỉnh nhịp, đồng cảm, xác nhận nhu cầu trước khi pitch."
EMO-000371,Interested,interested,Tín hiệu interested xuất hiện ở stage discovery,"tempo tăng nhẹ, pitch ổn","[""hay đó"", ""cho xem"", ""nghe ổn""]","Khi interested: điều chỉnh nhịp, đồng cảm, xác nhận nhu cầu trước khi pitch."
EMO-000372,Curious,curious,Tín hiệu curious xuất hiện ở stage qualification,"nhiều câu hỏi, ngắt ngắn","[""là sao"", ""ví dụ"", ""khác gì""]","Khi curious: điều chỉnh nhịp, đồng cảm, xác nhận nhu cầu trước khi pitch."
EMO-000373,Hesitation,hesitation,Tín hiệu hesitation xuất hiện ở stage presentation,"pause dài, filler ừ/à","[""để xem"", ""chưa chắc"", ""phân vân""]","Khi hesitation: điều chỉnh nhịp, đồng cảm, xác nhận nhu cầu trước khi pitch."
EMO-000374,Frustration,frustration,Tín hiệu frustration xuất hiện ở stage pricing,"cường độ cao, cắt lời","[""nói mãi"", ""phiền"", ""không rõ""]","Khi frustration: điều chỉnh nhịp, đồng cảm, xác nhận nhu cầu trước khi pitch."
EMO-000375,Angry,angry,Tín hiệu angry xuất hiện ở stage objection,"âm lượng tăng, từ phủ định","[""đừng gọi nữa"", ""làm phiền"", ""tức""]","Khi angry: điều chỉnh nhịp, đồng cảm, xác nhận nhu cầu trước khi pitch."
EMO-000376,Trust,trust,Tín hiệu trust xuất hiện ở stage closing,"nhịp chậm, khẳng định","[""tin"", ""ok"", ""được""]","Khi trust: điều chỉnh nhịp, đồng cảm, xác nhận nhu cầu trước khi pitch."
EMO-000377,Excited,excited,Tín hiệu excited xuất hiện ở stage follow_up,"nói nhanh, từ tích cực","[""tuyệt"", ""chốt luôn"", ""thích""]","Khi excited: điều chỉnh nhịp, đồng cảm, xác nhận nhu cầu trước khi pitch."
EMO-000378,Neutral,neutral,Tín hiệu neutral xuất hiện ở stage opening,"đều, ít cảm thán","[""ừ"", ""vâng"", ""ok""]","Khi neutral: điều chỉnh nhịp, đồng cảm, xác nhận nhu cầu trước khi pitch."
EMO-000379,Exit Intent,exit_intent,Tín hiệu exit_intent xuất hiện ở stage rapport,"muốn kết thúc, ngắn","[""thôi"", ""không cần"", ""cúp máy""]","Khi exit_intent: điều chỉnh nhịp, đồng cảm, xác nhận nhu cầu trước khi pitch."
EMO-000380,Confused,confused,Tín hiệu confused xuất hiện ở stage discovery,"hỏi lại, mâu thuẫn nhẹ","[""không hiểu"", ""ý gì"", ""lại một lần""]","Khi confused: điều chỉnh nhịp, đồng cảm, xác nhận nhu cầu trước khi pitch."
EMO-000381,Interested,interested,Tín hiệu interested xuất hiện ở stage qualification,"tempo tăng nhẹ, pitch ổn","[""hay đó"", ""cho xem"", ""nghe ổn""]","Khi interested: điều chỉnh nhịp, đồng cảm, xác nhận nhu cầu trước khi pitch."
EMO-000382,Curious,curious,Tín hiệu curious xuất hiện ở stage presentation,"nhiều câu hỏi, ngắt ngắn","[""là sao"", ""ví dụ"", ""khác gì""]","Khi curious: điều chỉnh nhịp, đồng cảm, xác nhận nhu cầu trước khi pitch."
EMO-000383,Hesitation,hesitation,Tín hiệu hesitation xuất hiện ở stage pricing,"pause dài, filler ừ/à","[""để xem"", ""chưa chắc"", ""phân vân""]","Khi hesitation: điều chỉnh nhịp, đồng cảm, xác nhận nhu cầu trước khi pitch."
EMO-000384,Frustration,frustration,Tín hiệu frustration xuất hiện ở stage objection,"cường độ cao, cắt lời","[""nói mãi"", ""phiền"", ""không rõ""]","Khi frustration: điều chỉnh nhịp, đồng cảm, xác nhận nhu cầu trước khi pitch."
EMO-000385,Angry,angry,Tín hiệu angry xuất hiện ở stage closing,"âm lượng tăng, từ phủ định","[""đừng gọi nữa"", ""làm phiền"", ""tức""]","Khi angry: điều chỉnh nhịp, đồng cảm, xác nhận nhu cầu trước khi pitch."
EMO-000386,Trust,trust,Tín hiệu trust xuất hiện ở stage follow_up,"nhịp chậm, khẳng định","[""tin"", ""ok"", ""được""]","Khi trust: điều chỉnh nhịp, đồng cảm, xác nhận nhu cầu trước khi pitch."
EMO-000387,Excited,excited,Tín hiệu excited xuất hiện ở stage opening,"nói nhanh, từ tích cực","[""tuyệt"", ""chốt luôn"", ""thích""]","Khi excited: điều chỉnh nhịp, đồng cảm, xác nhận nhu cầu trước khi pitch."
EMO-000388,Neutral,neutral,Tín hiệu neutral xuất hiện ở stage rapport,"đều, ít cảm thán","[""ừ"", ""vâng"", ""ok""]","Khi neutral: điều chỉnh nhịp, đồng cảm, xác nhận nhu cầu trước khi pitch."
EMO-000389,Exit Intent,exit_intent,Tín hiệu exit_intent xuất hiện ở stage discovery,"muốn kết thúc, ngắn","[""thôi"", ""không cần"", ""cúp máy""]","Khi exit_intent: điều chỉnh nhịp, đồng cảm, xác nhận nhu cầu trước khi pitch."
EMO-000390,Confused,confused,Tín hiệu confused xuất hiện ở stage qualification,"hỏi lại, mâu thuẫn nhẹ","[""không hiểu"", ""ý gì"", ""lại một lần""]","Khi confused: điều chỉnh nhịp, đồng cảm, xác nhận nhu cầu trước khi pitch."
EMO-000391,Interested,interested,Tín hiệu interested xuất hiện ở stage presentation,"tempo tăng nhẹ, pitch ổn","[""hay đó"", ""cho xem"", ""nghe ổn""]","Khi interested: điều chỉnh nhịp, đồng cảm, xác nhận nhu cầu trước khi pitch."
EMO-000392,Curious,curious,Tín hiệu curious xuất hiện ở stage pricing,"nhiều câu hỏi, ngắt ngắn","[""là sao"", ""ví dụ"", ""khác gì""]","Khi curious: điều chỉnh nhịp, đồng cảm, xác nhận nhu cầu trước khi pitch."
EMO-000393,Hesitation,hesitation,Tín hiệu hesitation xuất hiện ở stage objection,"pause dài, filler ừ/à","[""để xem"", ""chưa chắc"", ""phân vân""]","Khi hesitation: điều chỉnh nhịp, đồng cảm, xác nhận nhu cầu trước khi pitch."
EMO-000394,Frustration,frustration,Tín hiệu frustration xuất hiện ở stage closing,"cường độ cao, cắt lời","[""nói mãi"", ""phiền"", ""không rõ""]","Khi frustration: điều chỉnh nhịp, đồng cảm, xác nhận nhu cầu trước khi pitch."
EMO-000395,Angry,angry,Tín hiệu angry xuất hiện ở stage follow_up,"âm lượng tăng, từ phủ định","[""đừng gọi nữa"", ""làm phiền"", ""tức""]","Khi angry: điều chỉnh nhịp, đồng cảm, xác nhận nhu cầu trước khi pitch."
EMO-000396,Trust,trust,Tín hiệu trust xuất hiện ở stage opening,"nhịp chậm, khẳng định","[""tin"", ""ok"", ""được""]","Khi trust: điều chỉnh nhịp, đồng cảm, xác nhận nhu cầu trước khi pitch."
EMO-000397,Excited,excited,Tín hiệu excited xuất hiện ở stage rapport,"nói nhanh, từ tích cực","[""tuyệt"", ""chốt luôn"", ""thích""]","Khi excited: điều chỉnh nhịp, đồng cảm, xác nhận nhu cầu trước khi pitch."
EMO-000398,Neutral,neutral,Tín hiệu neutral xuất hiện ở stage discovery,"đều, ít cảm thán","[""ừ"", ""vâng"", ""ok""]","Khi neutral: điều chỉnh nhịp, đồng cảm, xác nhận nhu cầu trước khi pitch."
EMO-000399,Exit Intent,exit_intent,Tín hiệu exit_intent xuất hiện ở stage qualification,"muốn kết thúc, ngắn","[""thôi"", ""không cần"", ""cúp máy""]","Khi exit_intent: điều chỉnh nhịp, đồng cảm, xác nhận nhu cầu trước khi pitch."
EMO-000400,Confused,confused,Tín hiệu confused xuất hiện ở stage presentation,"hỏi lại, mâu thuẫn nhẹ","[""không hiểu"", ""ý gì"", ""lại một lần""]","Khi confused: điều chỉnh nhịp, đồng cảm, xác nhận nhu cầu trước khi pitch."
EMO-000401,Interested,interested,Tín hiệu interested xuất hiện ở stage pricing,"tempo tăng nhẹ, pitch ổn","[""hay đó"", ""cho xem"", ""nghe ổn""]","Khi interested: điều chỉnh nhịp, đồng cảm, xác nhận nhu cầu trước khi pitch."
EMO-000402,Curious,curious,Tín hiệu curious xuất hiện ở stage objection,"nhiều câu hỏi, ngắt ngắn","[""là sao"", ""ví dụ"", ""khác gì""]","Khi curious: điều chỉnh nhịp, đồng cảm, xác nhận nhu cầu trước khi pitch."
EMO-000403,Hesitation,hesitation,Tín hiệu hesitation xuất hiện ở stage closing,"pause dài, filler ừ/à","[""để xem"", ""chưa chắc"", ""phân vân""]","Khi hesitation: điều chỉnh nhịp, đồng cảm, xác nhận nhu cầu trước khi pitch."
EMO-000404,Frustration,frustration,Tín hiệu frustration xuất hiện ở stage follow_up,"cường độ cao, cắt lời","[""nói mãi"", ""phiền"", ""không rõ""]","Khi frustration: điều chỉnh nhịp, đồng cảm, xác nhận nhu cầu trước khi pitch."
EMO-000405,Angry,angry,Tín hiệu angry xuất hiện ở stage opening,"âm lượng tăng, từ phủ định","[""đừng gọi nữa"", ""làm phiền"", ""tức""]","Khi angry: điều chỉnh nhịp, đồng cảm, xác nhận nhu cầu trước khi pitch."
EMO-000406,Trust,trust,Tín hiệu trust xuất hiện ở stage rapport,"nhịp chậm, khẳng định","[""tin"", ""ok"", ""được""]","Khi trust: điều chỉnh nhịp, đồng cảm, xác nhận nhu cầu trước khi pitch."
EMO-000407,Excited,excited,Tín hiệu excited xuất hiện ở stage discovery,"nói nhanh, từ tích cực","[""tuyệt"", ""chốt luôn"", ""thích""]","Khi excited: điều chỉnh nhịp, đồng cảm, xác nhận nhu cầu trước khi pitch."
EMO-000408,Neutral,neutral,Tín hiệu neutral xuất hiện ở stage qualification,"đều, ít cảm thán","[""ừ"", ""vâng"", ""ok""]","Khi neutral: điều chỉnh nhịp, đồng cảm, xác nhận nhu cầu trước khi pitch."
EMO-000409,Exit Intent,exit_intent,Tín hiệu exit_intent xuất hiện ở stage presentation,"muốn kết thúc, ngắn","[""thôi"", ""không cần"", ""cúp máy""]","Khi exit_intent: điều chỉnh nhịp, đồng cảm, xác nhận nhu cầu trước khi pitch."
EMO-000410,Confused,confused,Tín hiệu confused xuất hiện ở stage pricing,"hỏi lại, mâu thuẫn nhẹ","[""không hiểu"", ""ý gì"", ""lại một lần""]","Khi confused: điều chỉnh nhịp, đồng cảm, xác nhận nhu cầu trước khi pitch."
EMO-000411,Interested,interested,Tín hiệu interested xuất hiện ở stage objection,"tempo tăng nhẹ, pitch ổn","[""hay đó"", ""cho xem"", ""nghe ổn""]","Khi interested: điều chỉnh nhịp, đồng cảm, xác nhận nhu cầu trước khi pitch."
EMO-000412,Curious,curious,Tín hiệu curious xuất hiện ở stage closing,"nhiều câu hỏi, ngắt ngắn","[""là sao"", ""ví dụ"", ""khác gì""]","Khi curious: điều chỉnh nhịp, đồng cảm, xác nhận nhu cầu trước khi pitch."
EMO-000413,Hesitation,hesitation,Tín hiệu hesitation xuất hiện ở stage follow_up,"pause dài, filler ừ/à","[""để xem"", ""chưa chắc"", ""phân vân""]","Khi hesitation: điều chỉnh nhịp, đồng cảm, xác nhận nhu cầu trước khi pitch."
EMO-000414,Frustration,frustration,Tín hiệu frustration xuất hiện ở stage opening,"cường độ cao, cắt lời","[""nói mãi"", ""phiền"", ""không rõ""]","Khi frustration: điều chỉnh nhịp, đồng cảm, xác nhận nhu cầu trước khi pitch."
EMO-000415,Angry,angry,Tín hiệu angry xuất hiện ở stage rapport,"âm lượng tăng, từ phủ định","[""đừng gọi nữa"", ""làm phiền"", ""tức""]","Khi angry: điều chỉnh nhịp, đồng cảm, xác nhận nhu cầu trước khi pitch."
EMO-000416,Trust,trust,Tín hiệu trust xuất hiện ở stage discovery,"nhịp chậm, khẳng định","[""tin"", ""ok"", ""được""]","Khi trust: điều chỉnh nhịp, đồng cảm, xác nhận nhu cầu trước khi pitch."
EMO-000417,Excited,excited,Tín hiệu excited xuất hiện ở stage qualification,"nói nhanh, từ tích cực","[""tuyệt"", ""chốt luôn"", ""thích""]","Khi excited: điều chỉnh nhịp, đồng cảm, xác nhận nhu cầu trước khi pitch."
EMO-000418,Neutral,neutral,Tín hiệu neutral xuất hiện ở stage presentation,"đều, ít cảm thán","[""ừ"", ""vâng"", ""ok""]","Khi neutral: điều chỉnh nhịp, đồng cảm, xác nhận nhu cầu trước khi pitch."
EMO-000419,Exit Intent,exit_intent,Tín hiệu exit_intent xuất hiện ở stage pricing,"muốn kết thúc, ngắn","[""thôi"", ""không cần"", ""cúp máy""]","Khi exit_intent: điều chỉnh nhịp, đồng cảm, xác nhận nhu cầu trước khi pitch."
EMO-000420,Confused,confused,Tín hiệu confused xuất hiện ở stage objection,"hỏi lại, mâu thuẫn nhẹ","[""không hiểu"", ""ý gì"", ""lại một lần""]","Khi confused: điều chỉnh nhịp, đồng cảm, xác nhận nhu cầu trước khi pitch."
EMO-000421,Interested,interested,Tín hiệu interested xuất hiện ở stage closing,"tempo tăng nhẹ, pitch ổn","[""hay đó"", ""cho xem"", ""nghe ổn""]","Khi interested: điều chỉnh nhịp, đồng cảm, xác nhận nhu cầu trước khi pitch."
EMO-000422,Curious,curious,Tín hiệu curious xuất hiện ở stage follow_up,"nhiều câu hỏi, ngắt ngắn","[""là sao"", ""ví dụ"", ""khác gì""]","Khi curious: điều chỉnh nhịp, đồng cảm, xác nhận nhu cầu trước khi pitch."
EMO-000423,Hesitation,hesitation,Tín hiệu hesitation xuất hiện ở stage opening,"pause dài, filler ừ/à","[""để xem"", ""chưa chắc"", ""phân vân""]","Khi hesitation: điều chỉnh nhịp, đồng cảm, xác nhận nhu cầu trước khi pitch."
EMO-000424,Frustration,frustration,Tín hiệu frustration xuất hiện ở stage rapport,"cường độ cao, cắt lời","[""nói mãi"", ""phiền"", ""không rõ""]","Khi frustration: điều chỉnh nhịp, đồng cảm, xác nhận nhu cầu trước khi pitch."
EMO-000425,Angry,angry,Tín hiệu angry xuất hiện ở stage discovery,"âm lượng tăng, từ phủ định","[""đừng gọi nữa"", ""làm phiền"", ""tức""]","Khi angry: điều chỉnh nhịp, đồng cảm, xác nhận nhu cầu trước khi pitch."
EMO-000426,Trust,trust,Tín hiệu trust xuất hiện ở stage qualification,"nhịp chậm, khẳng định","[""tin"", ""ok"", ""được""]","Khi trust: điều chỉnh nhịp, đồng cảm, xác nhận nhu cầu trước khi pitch."
EMO-000427,Excited,excited,Tín hiệu excited xuất hiện ở stage presentation,"nói nhanh, từ tích cực","[""tuyệt"", ""chốt luôn"", ""thích""]","Khi excited: điều chỉnh nhịp, đồng cảm, xác nhận nhu cầu trước khi pitch."
EMO-000428,Neutral,neutral,Tín hiệu neutral xuất hiện ở stage pricing,"đều, ít cảm thán","[""ừ"", ""vâng"", ""ok""]","Khi neutral: điều chỉnh nhịp, đồng cảm, xác nhận nhu cầu trước khi pitch."
EMO-000429,Exit Intent,exit_intent,Tín hiệu exit_intent xuất hiện ở stage objection,"muốn kết thúc, ngắn","[""thôi"", ""không cần"", ""cúp máy""]","Khi exit_intent: điều chỉnh nhịp, đồng cảm, xác nhận nhu cầu trước khi pitch."
EMO-000430,Confused,confused,Tín hiệu confused xuất hiện ở stage closing,"hỏi lại, mâu thuẫn nhẹ","[""không hiểu"", ""ý gì"", ""lại một lần""]","Khi confused: điều chỉnh nhịp, đồng cảm, xác nhận nhu cầu trước khi pitch."
EMO-000431,Interested,interested,Tín hiệu interested xuất hiện ở stage follow_up,"tempo tăng nhẹ, pitch ổn","[""hay đó"", ""cho xem"", ""nghe ổn""]","Khi interested: điều chỉnh nhịp, đồng cảm, xác nhận nhu cầu trước khi pitch."
EMO-000432,Curious,curious,Tín hiệu curious xuất hiện ở stage opening,"nhiều câu hỏi, ngắt ngắn","[""là sao"", ""ví dụ"", ""khác gì""]","Khi curious: điều chỉnh nhịp, đồng cảm, xác nhận nhu cầu trước khi pitch."
EMO-000433,Hesitation,hesitation,Tín hiệu hesitation xuất hiện ở stage rapport,"pause dài, filler ừ/à","[""để xem"", ""chưa chắc"", ""phân vân""]","Khi hesitation: điều chỉnh nhịp, đồng cảm, xác nhận nhu cầu trước khi pitch."
EMO-000434,Frustration,frustration,Tín hiệu frustration xuất hiện ở stage discovery,"cường độ cao, cắt lời","[""nói mãi"", ""phiền"", ""không rõ""]","Khi frustration: điều chỉnh nhịp, đồng cảm, xác nhận nhu cầu trước khi pitch."
EMO-000435,Angry,angry,Tín hiệu angry xuất hiện ở stage qualification,"âm lượng tăng, từ phủ định","[""đừng gọi nữa"", ""làm phiền"", ""tức""]","Khi angry: điều chỉnh nhịp, đồng cảm, xác nhận nhu cầu trước khi pitch."
EMO-000436,Trust,trust,Tín hiệu trust xuất hiện ở stage presentation,"nhịp chậm, khẳng định","[""tin"", ""ok"", ""được""]","Khi trust: điều chỉnh nhịp, đồng cảm, xác nhận nhu cầu trước khi pitch."
EMO-000437,Excited,excited,Tín hiệu excited xuất hiện ở stage pricing,"nói nhanh, từ tích cực","[""tuyệt"", ""chốt luôn"", ""thích""]","Khi excited: điều chỉnh nhịp, đồng cảm, xác nhận nhu cầu trước khi pitch."
EMO-000438,Neutral,neutral,Tín hiệu neutral xuất hiện ở stage objection,"đều, ít cảm thán","[""ừ"", ""vâng"", ""ok""]","Khi neutral: điều chỉnh nhịp, đồng cảm, xác nhận nhu cầu trước khi pitch."
EMO-000439,Exit Intent,exit_intent,Tín hiệu exit_intent xuất hiện ở stage closing,"muốn kết thúc, ngắn","[""thôi"", ""không cần"", ""cúp máy""]","Khi exit_intent: điều chỉnh nhịp, đồng cảm, xác nhận nhu cầu trước khi pitch."
EMO-000440,Confused,confused,Tín hiệu confused xuất hiện ở stage follow_up,"hỏi lại, mâu thuẫn nhẹ","[""không hiểu"", ""ý gì"", ""lại một lần""]","Khi confused: điều chỉnh nhịp, đồng cảm, xác nhận nhu cầu trước khi pitch."
EMO-000441,Interested,interested,Tín hiệu interested xuất hiện ở stage opening,"tempo tăng nhẹ, pitch ổn","[""hay đó"", ""cho xem"", ""nghe ổn""]","Khi interested: điều chỉnh nhịp, đồng cảm, xác nhận nhu cầu trước khi pitch."
EMO-000442,Curious,curious,Tín hiệu curious xuất hiện ở stage rapport,"nhiều câu hỏi, ngắt ngắn","[""là sao"", ""ví dụ"", ""khác gì""]","Khi curious: điều chỉnh nhịp, đồng cảm, xác nhận nhu cầu trước khi pitch."
EMO-000443,Hesitation,hesitation,Tín hiệu hesitation xuất hiện ở stage discovery,"pause dài, filler ừ/à","[""để xem"", ""chưa chắc"", ""phân vân""]","Khi hesitation: điều chỉnh nhịp, đồng cảm, xác nhận nhu cầu trước khi pitch."
EMO-000444,Frustration,frustration,Tín hiệu frustration xuất hiện ở stage qualification,"cường độ cao, cắt lời","[""nói mãi"", ""phiền"", ""không rõ""]","Khi frustration: điều chỉnh nhịp, đồng cảm, xác nhận nhu cầu trước khi pitch."
EMO-000445,Angry,angry,Tín hiệu angry xuất hiện ở stage presentation,"âm lượng tăng, từ phủ định","[""đừng gọi nữa"", ""làm phiền"", ""tức""]","Khi angry: điều chỉnh nhịp, đồng cảm, xác nhận nhu cầu trước khi pitch."
EMO-000446,Trust,trust,Tín hiệu trust xuất hiện ở stage pricing,"nhịp chậm, khẳng định","[""tin"", ""ok"", ""được""]","Khi trust: điều chỉnh nhịp, đồng cảm, xác nhận nhu cầu trước khi pitch."
EMO-000447,Excited,excited,Tín hiệu excited xuất hiện ở stage objection,"nói nhanh, từ tích cực","[""tuyệt"", ""chốt luôn"", ""thích""]","Khi excited: điều chỉnh nhịp, đồng cảm, xác nhận nhu cầu trước khi pitch."
EMO-000448,Neutral,neutral,Tín hiệu neutral xuất hiện ở stage closing,"đều, ít cảm thán","[""ừ"", ""vâng"", ""ok""]","Khi neutral: điều chỉnh nhịp, đồng cảm, xác nhận nhu cầu trước khi pitch."
EMO-000449,Exit Intent,exit_intent,Tín hiệu exit_intent xuất hiện ở stage follow_up,"muốn kết thúc, ngắn","[""thôi"", ""không cần"", ""cúp máy""]","Khi exit_intent: điều chỉnh nhịp, đồng cảm, xác nhận nhu cầu trước khi pitch."
EMO-000450,Confused,confused,Tín hiệu confused xuất hiện ở stage opening,"hỏi lại, mâu thuẫn nhẹ","[""không hiểu"", ""ý gì"", ""lại một lần""]","Khi confused: điều chỉnh nhịp, đồng cảm, xác nhận nhu cầu trước khi pitch."
EMO-000451,Interested,interested,Tín hiệu interested xuất hiện ở stage rapport,"tempo tăng nhẹ, pitch ổn","[""hay đó"", ""cho xem"", ""nghe ổn""]","Khi interested: điều chỉnh nhịp, đồng cảm, xác nhận nhu cầu trước khi pitch."
EMO-000452,Curious,curious,Tín hiệu curious xuất hiện ở stage discovery,"nhiều câu hỏi, ngắt ngắn","[""là sao"", ""ví dụ"", ""khác gì""]","Khi curious: điều chỉnh nhịp, đồng cảm, xác nhận nhu cầu trước khi pitch."
EMO-000453,Hesitation,hesitation,Tín hiệu hesitation xuất hiện ở stage qualification,"pause dài, filler ừ/à","[""để xem"", ""chưa chắc"", ""phân vân""]","Khi hesitation: điều chỉnh nhịp, đồng cảm, xác nhận nhu cầu trước khi pitch."
EMO-000454,Frustration,frustration,Tín hiệu frustration xuất hiện ở stage presentation,"cường độ cao, cắt lời","[""nói mãi"", ""phiền"", ""không rõ""]","Khi frustration: điều chỉnh nhịp, đồng cảm, xác nhận nhu cầu trước khi pitch."
EMO-000455,Angry,angry,Tín hiệu angry xuất hiện ở stage pricing,"âm lượng tăng, từ phủ định","[""đừng gọi nữa"", ""làm phiền"", ""tức""]","Khi angry: điều chỉnh nhịp, đồng cảm, xác nhận nhu cầu trước khi pitch."
EMO-000456,Trust,trust,Tín hiệu trust xuất hiện ở stage objection,"nhịp chậm, khẳng định","[""tin"", ""ok"", ""được""]","Khi trust: điều chỉnh nhịp, đồng cảm, xác nhận nhu cầu trước khi pitch."
EMO-000457,Excited,excited,Tín hiệu excited xuất hiện ở stage closing,"nói nhanh, từ tích cực","[""tuyệt"", ""chốt luôn"", ""thích""]","Khi excited: điều chỉnh nhịp, đồng cảm, xác nhận nhu cầu trước khi pitch."
EMO-000458,Neutral,neutral,Tín hiệu neutral xuất hiện ở stage follow_up,"đều, ít cảm thán","[""ừ"", ""vâng"", ""ok""]","Khi neutral: điều chỉnh nhịp, đồng cảm, xác nhận nhu cầu trước khi pitch."
EMO-000459,Exit Intent,exit_intent,Tín hiệu exit_intent xuất hiện ở stage opening,"muốn kết thúc, ngắn","[""thôi"", ""không cần"", ""cúp máy""]","Khi exit_intent: điều chỉnh nhịp, đồng cảm, xác nhận nhu cầu trước khi pitch."
EMO-000460,Confused,confused,Tín hiệu confused xuất hiện ở stage rapport,"hỏi lại, mâu thuẫn nhẹ","[""không hiểu"", ""ý gì"", ""lại một lần""]","Khi confused: điều chỉnh nhịp, đồng cảm, xác nhận nhu cầu trước khi pitch."
EMO-000461,Interested,interested,Tín hiệu interested xuất hiện ở stage discovery,"tempo tăng nhẹ, pitch ổn","[""hay đó"", ""cho xem"", ""nghe ổn""]","Khi interested: điều chỉnh nhịp, đồng cảm, xác nhận nhu cầu trước khi pitch."
EMO-000462,Curious,curious,Tín hiệu curious xuất hiện ở stage qualification,"nhiều câu hỏi, ngắt ngắn","[""là sao"", ""ví dụ"", ""khác gì""]","Khi curious: điều chỉnh nhịp, đồng cảm, xác nhận nhu cầu trước khi pitch."
EMO-000463,Hesitation,hesitation,Tín hiệu hesitation xuất hiện ở stage presentation,"pause dài, filler ừ/à","[""để xem"", ""chưa chắc"", ""phân vân""]","Khi hesitation: điều chỉnh nhịp, đồng cảm, xác nhận nhu cầu trước khi pitch."
EMO-000464,Frustration,frustration,Tín hiệu frustration xuất hiện ở stage pricing,"cường độ cao, cắt lời","[""nói mãi"", ""phiền"", ""không rõ""]","Khi frustration: điều chỉnh nhịp, đồng cảm, xác nhận nhu cầu trước khi pitch."
EMO-000465,Angry,angry,Tín hiệu angry xuất hiện ở stage objection,"âm lượng tăng, từ phủ định","[""đừng gọi nữa"", ""làm phiền"", ""tức""]","Khi angry: điều chỉnh nhịp, đồng cảm, xác nhận nhu cầu trước khi pitch."
EMO-000466,Trust,trust,Tín hiệu trust xuất hiện ở stage closing,"nhịp chậm, khẳng định","[""tin"", ""ok"", ""được""]","Khi trust: điều chỉnh nhịp, đồng cảm, xác nhận nhu cầu trước khi pitch."
EMO-000467,Excited,excited,Tín hiệu excited xuất hiện ở stage follow_up,"nói nhanh, từ tích cực","[""tuyệt"", ""chốt luôn"", ""thích""]","Khi excited: điều chỉnh nhịp, đồng cảm, xác nhận nhu cầu trước khi pitch."
EMO-000468,Neutral,neutral,Tín hiệu neutral xuất hiện ở stage opening,"đều, ít cảm thán","[""ừ"", ""vâng"", ""ok""]","Khi neutral: điều chỉnh nhịp, đồng cảm, xác nhận nhu cầu trước khi pitch."
EMO-000469,Exit Intent,exit_intent,Tín hiệu exit_intent xuất hiện ở stage rapport,"muốn kết thúc, ngắn","[""thôi"", ""không cần"", ""cúp máy""]","Khi exit_intent: điều chỉnh nhịp, đồng cảm, xác nhận nhu cầu trước khi pitch."
EMO-000470,Confused,confused,Tín hiệu confused xuất hiện ở stage discovery,"hỏi lại, mâu thuẫn nhẹ","[""không hiểu"", ""ý gì"", ""lại một lần""]","Khi confused: điều chỉnh nhịp, đồng cảm, xác nhận nhu cầu trước khi pitch."
EMO-000471,Interested,interested,Tín hiệu interested xuất hiện ở stage qualification,"tempo tăng nhẹ, pitch ổn","[""hay đó"", ""cho xem"", ""nghe ổn""]","Khi interested: điều chỉnh nhịp, đồng cảm, xác nhận nhu cầu trước khi pitch."
EMO-000472,Curious,curious,Tín hiệu curious xuất hiện ở stage presentation,"nhiều câu hỏi, ngắt ngắn","[""là sao"", ""ví dụ"", ""khác gì""]","Khi curious: điều chỉnh nhịp, đồng cảm, xác nhận nhu cầu trước khi pitch."
EMO-000473,Hesitation,hesitation,Tín hiệu hesitation xuất hiện ở stage pricing,"pause dài, filler ừ/à","[""để xem"", ""chưa chắc"", ""phân vân""]","Khi hesitation: điều chỉnh nhịp, đồng cảm, xác nhận nhu cầu trước khi pitch."
EMO-000474,Frustration,frustration,Tín hiệu frustration xuất hiện ở stage objection,"cường độ cao, cắt lời","[""nói mãi"", ""phiền"", ""không rõ""]","Khi frustration: điều chỉnh nhịp, đồng cảm, xác nhận nhu cầu trước khi pitch."
EMO-000475,Angry,angry,Tín hiệu angry xuất hiện ở stage closing,"âm lượng tăng, từ phủ định","[""đừng gọi nữa"", ""làm phiền"", ""tức""]","Khi angry: điều chỉnh nhịp, đồng cảm, xác nhận nhu cầu trước khi pitch."
EMO-000476,Trust,trust,Tín hiệu trust xuất hiện ở stage follow_up,"nhịp chậm, khẳng định","[""tin"", ""ok"", ""được""]","Khi trust: điều chỉnh nhịp, đồng cảm, xác nhận nhu cầu trước khi pitch."
EMO-000477,Excited,excited,Tín hiệu excited xuất hiện ở stage opening,"nói nhanh, từ tích cực","[""tuyệt"", ""chốt luôn"", ""thích""]","Khi excited: điều chỉnh nhịp, đồng cảm, xác nhận nhu cầu trước khi pitch."
EMO-000478,Neutral,neutral,Tín hiệu neutral xuất hiện ở stage rapport,"đều, ít cảm thán","[""ừ"", ""vâng"", ""ok""]","Khi neutral: điều chỉnh nhịp, đồng cảm, xác nhận nhu cầu trước khi pitch."
EMO-000479,Exit Intent,exit_intent,Tín hiệu exit_intent xuất hiện ở stage discovery,"muốn kết thúc, ngắn","[""thôi"", ""không cần"", ""cúp máy""]","Khi exit_intent: điều chỉnh nhịp, đồng cảm, xác nhận nhu cầu trước khi pitch."
EMO-000480,Confused,confused,Tín hiệu confused xuất hiện ở stage qualification,"hỏi lại, mâu thuẫn nhẹ","[""không hiểu"", ""ý gì"", ""lại một lần""]","Khi confused: điều chỉnh nhịp, đồng cảm, xác nhận nhu cầu trước khi pitch."
EMO-000481,Interested,interested,Tín hiệu interested xuất hiện ở stage presentation,"tempo tăng nhẹ, pitch ổn","[""hay đó"", ""cho xem"", ""nghe ổn""]","Khi interested: điều chỉnh nhịp, đồng cảm, xác nhận nhu cầu trước khi pitch."
EMO-000482,Curious,curious,Tín hiệu curious xuất hiện ở stage pricing,"nhiều câu hỏi, ngắt ngắn","[""là sao"", ""ví dụ"", ""khác gì""]","Khi curious: điều chỉnh nhịp, đồng cảm, xác nhận nhu cầu trước khi pitch."
EMO-000483,Hesitation,hesitation,Tín hiệu hesitation xuất hiện ở stage objection,"pause dài, filler ừ/à","[""để xem"", ""chưa chắc"", ""phân vân""]","Khi hesitation: điều chỉnh nhịp, đồng cảm, xác nhận nhu cầu trước khi pitch."
EMO-000484,Frustration,frustration,Tín hiệu frustration xuất hiện ở stage closing,"cường độ cao, cắt lời","[""nói mãi"", ""phiền"", ""không rõ""]","Khi frustration: điều chỉnh nhịp, đồng cảm, xác nhận nhu cầu trước khi pitch."
EMO-000485,Angry,angry,Tín hiệu angry xuất hiện ở stage follow_up,"âm lượng tăng, từ phủ định","[""đừng gọi nữa"", ""làm phiền"", ""tức""]","Khi angry: điều chỉnh nhịp, đồng cảm, xác nhận nhu cầu trước khi pitch."
EMO-000486,Trust,trust,Tín hiệu trust xuất hiện ở stage opening,"nhịp chậm, khẳng định","[""tin"", ""ok"", ""được""]","Khi trust: điều chỉnh nhịp, đồng cảm, xác nhận nhu cầu trước khi pitch."
EMO-000487,Excited,excited,Tín hiệu excited xuất hiện ở stage rapport,"nói nhanh, từ tích cực","[""tuyệt"", ""chốt luôn"", ""thích""]","Khi excited: điều chỉnh nhịp, đồng cảm, xác nhận nhu cầu trước khi pitch."
EMO-000488,Neutral,neutral,Tín hiệu neutral xuất hiện ở stage discovery,"đều, ít cảm thán","[""ừ"", ""vâng"", ""ok""]","Khi neutral: điều chỉnh nhịp, đồng cảm, xác nhận nhu cầu trước khi pitch."
EMO-000489,Exit Intent,exit_intent,Tín hiệu exit_intent xuất hiện ở stage qualification,"muốn kết thúc, ngắn","[""thôi"", ""không cần"", ""cúp máy""]","Khi exit_intent: điều chỉnh nhịp, đồng cảm, xác nhận nhu cầu trước khi pitch."
EMO-000490,Confused,confused,Tín hiệu confused xuất hiện ở stage presentation,"hỏi lại, mâu thuẫn nhẹ","[""không hiểu"", ""ý gì"", ""lại một lần""]","Khi confused: điều chỉnh nhịp, đồng cảm, xác nhận nhu cầu trước khi pitch."
EMO-000491,Interested,interested,Tín hiệu interested xuất hiện ở stage pricing,"tempo tăng nhẹ, pitch ổn","[""hay đó"", ""cho xem"", ""nghe ổn""]","Khi interested: điều chỉnh nhịp, đồng cảm, xác nhận nhu cầu trước khi pitch."
EMO-000492,Curious,curious,Tín hiệu curious xuất hiện ở stage objection,"nhiều câu hỏi, ngắt ngắn","[""là sao"", ""ví dụ"", ""khác gì""]","Khi curious: điều chỉnh nhịp, đồng cảm, xác nhận nhu cầu trước khi pitch."
EMO-000493,Hesitation,hesitation,Tín hiệu hesitation xuất hiện ở stage closing,"pause dài, filler ừ/à","[""để xem"", ""chưa chắc"", ""phân vân""]","Khi hesitation: điều chỉnh nhịp, đồng cảm, xác nhận nhu cầu trước khi pitch."
EMO-000494,Frustration,frustration,Tín hiệu frustration xuất hiện ở stage follow_up,"cường độ cao, cắt lời","[""nói mãi"", ""phiền"", ""không rõ""]","Khi frustration: điều chỉnh nhịp, đồng cảm, xác nhận nhu cầu trước khi pitch."
EMO-000495,Angry,angry,Tín hiệu angry xuất hiện ở stage opening,"âm lượng tăng, từ phủ định","[""đừng gọi nữa"", ""làm phiền"", ""tức""]","Khi angry: điều chỉnh nhịp, đồng cảm, xác nhận nhu cầu trước khi pitch."
EMO-000496,Trust,trust,Tín hiệu trust xuất hiện ở stage rapport,"nhịp chậm, khẳng định","[""tin"", ""ok"", ""được""]","Khi trust: điều chỉnh nhịp, đồng cảm, xác nhận nhu cầu trước khi pitch."
EMO-000497,Excited,excited,Tín hiệu excited xuất hiện ở stage discovery,"nói nhanh, từ tích cực","[""tuyệt"", ""chốt luôn"", ""thích""]","Khi excited: điều chỉnh nhịp, đồng cảm, xác nhận nhu cầu trước khi pitch."
EMO-000498,Neutral,neutral,Tín hiệu neutral xuất hiện ở stage qualification,"đều, ít cảm thán","[""ừ"", ""vâng"", ""ok""]","Khi neutral: điều chỉnh nhịp, đồng cảm, xác nhận nhu cầu trước khi pitch."
EMO-000499,Exit Intent,exit_intent,Tín hiệu exit_intent xuất hiện ở stage presentation,"muốn kết thúc, ngắn","[""thôi"", ""không cần"", ""cúp máy""]","Khi exit_intent: điều chỉnh nhịp, đồng cảm, xác nhận nhu cầu trước khi pitch."
EMO-000500,Confused,confused,Tín hiệu confused xuất hiện ở stage pricing,"hỏi lại, mâu thuẫn nhẹ","[""không hiểu"", ""ý gì"", ""lại một lần""]","Khi confused: điều chỉnh nhịp, đồng cảm, xác nhận nhu cầu trước khi pitch."
